카드이름,은행,이미지URL,전월실적,연회비,카드종류,혜택
삼성 iD SELECT ALL 카드,삼성카드,https://d1c5n4ri2guedi.cloudfront.net/card/2885/card_img/44212/2885card_1.png,400000,"국내전용 [20,000]원 / 해외겸용 [20,000]원",신용,"{'해외': '해외 가맹점 및 직접구매 시 2% 결제일 할인 제공.', '기타 혜택(유의사항 등)': '선택한 옵션에 따라 다양한 할인 혜택을 제공하며, 전월 이용금액에 따라 할인 한도가 달라집니다.'}"
KB국민 My WE:SH 카드,KB국민카드,https://d1c5n4ri2guedi.cloudfront.net/card/2441/card_img/37123/2441card_3.png,400000,"국내전용 [15,000]원 / 해외겸용 [15,000]원",신용,"{'통신': '이동통신 자동납부 요금 10% 할인 (SKT, KT, LG U+, Liiv M).', '푸드': '음식점과 편의점에서 10% 할인 혜택 제공.', '간편결제': 'KB Pay로 국내 가맹점에서 결제 시 10% 할인.', '기타 혜택(유의사항 등)': '- OTT 30% 할인, 배달/커피 5% 할인, 택시/커피 5% 및 영화관 30% 할인, 미용실/스포츠/온라인서점/올리브영 5% 할인 제공.'}"
삼성카드 taptap O,삼성카드,https://d1c5n4ri2guedi.cloudfront.net/card/51/card_img/37691/51card.png,300000,"국내전용 [10,000]원 / 해외겸용 [10,000]원",신용,"{'교통': '대중교통 및 택시 이용 시 10% 청구할인, 월 최대 5,000원 한도.', '통신': 'SKT·KT·LG U+ 이동통신요금 자동납부 시 10% 청구할인 제공, 월 최대 5,000원.', 'OTT/영화/문화': 'CGV 및 롯데시네마에서 10,000원 이상 결제 시 5,000원 청구할인 제공, 전월 이용금액 30만원 이상 시 이용 가능.', '해외': '해외 가맹점 및 직접구매 이용 시 1.3% 빅포인트 적립 (전월 이용금액 무관, 적립한도 없음).', '기타 혜택(유의사항 등)': '라이프스타일에 맞춘 옵션 패키지 선택 시 업종별 결제일 할인 또는 빅포인트 적립 혜택 제공.'}"
THE 1 (스카이패스),삼성카드,https://d1c5n4ri2guedi.cloudfront.net/card/1909/card_img/28087/1909card.png,300000,"국내전용 [245,000]원 / 해외겸용 [250,000]원",신용,"{'카페/디저트': '스타벅스 1만원 이상 결제 시 2,000원 청구할인, 월 2회, 연 12회 제공.', '프리미엄': '아멕스 PLATINUM ELITE 회원에게 제공되는 무료 호텔·공항 발렛파킹, 인천공항 라운지 이용, 주차 무료, 커피 무료, 공항 리무진 및 철도 티켓 무료, 도서 할인 혜택.', '기타 혜택(유의사항 등)': '삼성카드로 기프트 옵션 서비스(신세계상품권, 대한항공 항공권, 호텔 식사권, 여행 할인)를 연 1회 신청 가능하며, 특정 이용 조건을 충족해야 제공됩니다.'}"
신한카드 처음(ANNIVERSE),신한카드,https://d1c5n4ri2guedi.cloudfront.net/card/2759/card_img/37240/2759card.png,300000,"국내전용 [15,000]원 / 해외겸용 [18,000]원",신용,"{'기타 혜택(유의사항 등)': '신한카드 처음은 다양한 소비처에서 5% 적립, 정기결제 시 최대 20% 적립, 소비관리 보너스 적립 서비스를 제공하며, 월 통합 적립 한도에 따라 포인트가 적립됩니다.'}"
신한카드 Discount Plan+,신한카드,https://d1c5n4ri2guedi.cloudfront.net/card/2835/card_img/41600/2835card.png,400000,"국내전용 [50,000]원 / 해외겸용 [50,000]원",신용,"{'교통': '교통 영역에서 주유, 카쉐어링, 주차, 택시 이용 시 5% 할인, 각 영역별로 일 1회, 월 5회까지 적용.', '쇼핑': '쇼핑 영역에서 마트, 온라인쇼핑, 아울렛, 잡화에서 각각 일 1회, 월 5회 10% 할인 제공.', 'OTT/영화/문화': 'CGV, 롯데시네마 영화 예매 시 월 1회 5천원 할인(1만 2천원 이상 결제 시).', '기타 혜택(유의사항 등)': '- Time Plan 서비스: DAY(카페/음식점) 및 NIGHT(편의점/배달앱)에서 각각 10% 할인, 일 1회, 최대 1만원까지.\n- Daily Plan 서비스: 해외, 병원·약국, 미용실, 온라인서점에서 5% 할인, 일 1회, 월 5회, 최대 5만원까지.\n- Plan Day 서비스: 매월 1일 Time Plan 및 Daily Plan 첫 거래에 할인율 2배 적용.\n- Monthly Plan 서비스: 공과금 10%, 디지털구독·멤버십 20%, 피트니스 5% 할인, 각 영역별 최대 금액 한도 적용.\n- Annual Plan 서비스: 마트 3만원 이상 결제 시 3만원 캐시백, 연 1회 제공.\n- Annual Plan 서비스: 스피드메이트 엔진오일 및 차량정비 할인, 테마파크 할인 제공.'}"
카드의정석2,우리카드,https://d1c5n4ri2guedi.cloudfront.net/card/2848/card_img/45022/2848card_1.png,500000,"국내전용 [22,000]원 / 해외겸용 [22,000]원",신용,"{'기타 혜택(유의사항 등)': '국내외 가맹점 1.2% 청구할인과 분기별 최대 15,000원 청구할인이 제공되며, 전월 실적에 따라 할인 조건이 달라집니다.'}"
LOCA 365 카드,롯데카드,https://d1c5n4ri2guedi.cloudfront.net/card/2330/card_img/24131/2330card.png,500000,"국내전용 [20,000]원 / 해외겸용 [20,000]원",신용,"{'교통': '대중교통 10% 할인(지하철, 시내버스, 할인한도 5,000원, 50만원 이상 이용 시 제공).', '통신': 'SKT, KT, LG U+ 이동통신요금 자동납부 시 10% 할인(최대 5,000원).', '공과금/렌탈': '아파트 관리비 및 공과금(도시가스비, 전기료) 자동납부 시 10% 할인, 할인한도 5,000원.', '기타 혜택(유의사항 등)': '- 배달앱: 배달의 민족, 요기요, 쿠팡이츠 10% 할인 (최대 5,000원, 50만원 이상 이용 시, 2만원 이상 결제 시 적용).\n- 보험사: 생명보험, 손해보험 10% 할인 (최대 5,000원, 50만원 이상 이용 시, 2만원 이상 자동납부 시 적용).\n- 학습지: 학습지 10% 할인 (최대 5,000원, 50만원 이상 이용 시, 2만원 이상 오프라인 결제 시 적용).\n- 디지털구독: 넷플릭스, 유튜브 등 1,500원 할인 (월 1회, 50만원 이상 이용 시, 정기결제 시 적용).\n- 무이자할부: 국내 가맹점 5만원 이상 결제 시 2~3개월 무이자 할부 제공.'}"
신한카드 Mr.Life,신한카드,https://d1c5n4ri2guedi.cloudfront.net/card/13/card_img/28201/13card.png,300000,"해외겸용 [15,000]원",신용,"{'주유': '주말에 4대 정유사에서 리터당 60원 할인, 월 최대 1만원까지 제공.', '마트/편의점': '- 편의점: 전월 실적에 따라 최대 10% 할인, 월 5회, 1회 최대 1천원 할인.\n- 대형마트: 주말에 10% 할인, 월 1회, 1회 최대 5천원 할인.', '쇼핑': '- 온라인 쇼핑: 오후 9시~오전 9시 10% 할인, 월 10회, 1회 최대 1천원 할인.\n- 인테이크몰: 월 4회 20% 할인, 신규 회원은 실적 관계없이 할인.', '푸드': 'Night 할인서비스 10% 및 식음료 10% 할인, 월 10회, 1회 최대 1천원 할인 적용.', '공과금/렌탈': '월납 공과금 10% 할인 서비스 제공, 1회 최대 5천원 할인, 전월 실적에 따라 할인 한도 다름.', '병원/약국': '병원/약국에서 10% 할인, 월 5회, 1회 최대 1천원 할인 적용.', '기타 혜택(유의사항 등)': '생활 및 택시 이용 시 각각 10% 할인, 월 할인 한도는 전월 실적에 따라 최대 3만원까지 제공.'}"
카드의정석 SHOPPING+,우리카드,https://d1c5n4ri2guedi.cloudfront.net/card/2687/card_img/33239/2687card.png,300000,"국내전용 [10,000]원 / 해외겸용 [12,000]원",신용,"{'주유': '4대 주유소 주말 주유 시 리터당 60원 청구할인 (전월 30만원 이상 이용 시, LPG 제외).', '쇼핑': '- 온라인 쇼핑: 전월 30만원 이상 이용 시 10% 청구할인, 매출 건당 5만원까지 할인, 4대 PAY 결제 시 최대 7,500원 할인.\n- 오프라인 쇼핑: 전월 30만원 이상 이용 시 10% 청구할인, 매출 건당 5만원까지 할인.', '카페/디저트': '스타벅스, 폴바셋에서 매출 건당 1천원까지, 통합 월 5천원 한도로 10% 청구할인 제공.', '간편결제': '온라인 업종 4대 PAY 결제 시 전월 30만원 이상 이용 시 5% 추가할인 제공.', '기타 혜택(유의사항 등)': 'Two-in-One 결제서비스를 통해 사전 지정 금액 이하를 체크로, 초과분을 신용으로 결제하며, 전월 국내 가맹점 이용금액에 따라 온라인 최대 16천원, 오프라인 최대 24천원 할인 제공.'}"
쿠팡 와우카드,KB국민카드,https://d1c5n4ri2guedi.cloudfront.net/card/2609/card_img/47154/2609card.png,0,"국내전용 [20,000]원 / 해외겸용 [20,000]원",신용,"{'기타 혜택(유의사항 등)': '쿠팡, 쿠팡이츠, 쿠팡플레이 이용 시 최대 4% 쿠팡캐시 적립, 국내외 가맹점 이용 시 최대 1.2% 적립.'}"
삼성 iD SIMPLE 카드,삼성카드,https://d1c5n4ri2guedi.cloudfront.net/card/2376/card_img/27725/2376card.png,0,"국내전용 [7,000원] / 해외겸용 [7,000원]",신용,"{'쇼핑': '온라인쇼핑몰 멤버십 정기결제 시 50% 할인(최대 5,000원), 전월 이용금액 30만원 이상 시 제공.', 'OTT/영화/문화': '영화 티켓 10,000원 이상 결제 시 3,000원 할인, 월 1회 제공.', '기타 혜택(유의사항 등)': '국내외 가맹점에서 10만원 미만 결제 시 0.7% 할인, 10만원 이상 결제 시 1% 할인 제공.'}"
LOCA LIKIT 1.2,롯데카드,https://d1c5n4ri2guedi.cloudfront.net/card/2261/card_img/21011/2261card.png,0,"국내전용 [10,000]원 / 해외겸용 [10,000]원",신용,"{'쇼핑': '온라인 쇼핑 시 1.5% 결제일 할인 혜택 제공.', '기타 혜택(유의사항 등)': '국내외 가맹점에서 1.2% 결제일 할인 혜택을 제공하며, 실적조건 및 할인한도는 없습니다.'}"
삼성카드 & MILEAGE PLATINUM (스카이패스),삼성카드,https://d1c5n4ri2guedi.cloudfront.net/card/49/card_img/42288/49card.png,0,"국내전용 [47,000]원 / 해외겸용 [49,000]원",신용,"{'주유': '주유소 이용 시 1,000원당 2 스카이패스 마일리지 특별적립.', '마트/편의점': '편의점 이용 시 1,000원당 스카이패스 2 마일리지 특별적립.', '카페/디저트': '스타벅스, 커피빈 등에서 1,000원당 2 스카이패스 마일리지 특별적립.', '공항라운지/PP': '아멕스 카드 소지자는 인천공항 마티나 라운지를 본인 무료로 이용할 수 있으며, 전월 30만원 이상 이용 시 제공됩니다.', '프리미엄': '아멕스 PLATINUM 카드로 공항 할인, 렌터카 우대, 호텔 및 식음료 할인, 면세점 혜택, 스파 할인 등 다양한 프리미엄 서비스를 이용할 수 있습니다.', '해외': '해외 가맹점 및 해외 직접구매 이용 시 1,000원당 2 스카이패스 마일리지 특별적립.', '기타 혜택(유의사항 등)': '- 대한항공: 1,000원당 스카이패스 1 마일리지 적립, 전월 이용금액 관계없이 적립.\n- 백화점: 1,000원당 스카이패스 2 마일리지 특별적립, 통합 월 적립한도 2,000 마일리지.\n- 택시: 1,000원당 스카이패스 2 마일리지 특별적립, 통합 월 적립한도 2,000 마일리지.\n- 공항 발렛파킹: 인천공항에서 카드 제시 시 발렛파킹 무료 제공, 전월 이용금액 30만원 이상 시 제공.\n- 공항 커피 서비스: 인천·김포공항 내 주요 커피 매장에서 핫 아메리카노 무료 제공, 전월 이용금액 30만원 이상 시 제공.'}"
삼성 iD GLOBAL 카드,삼성카드,https://d1c5n4ri2guedi.cloudfront.net/card/2676/card_img/32887/2676card_2.png,500000,"국내전용 [20,000]원 / 해외겸용 [20,000]원",신용,"{'공항라운지/PP': '공항 라운지 서비스는 월 1회, 연 2회 무료 이용 가능하며, 전월 이용금액 50만원 이상 시 제공됩니다.', '해외': '해외 가맹점 및 직접구매 이용 시 2% 할인, 월 할인한도 30만원.', '기타 혜택(유의사항 등)': '해외 수수료 할인, 삼성페이 결제 시 5% 할인, 디지털 구독 50% 할인, 일상 필수 영역 1% 할인, 국내 가맹점 0.5% 할인 혜택 제공.'}"
taptap DIGITAL,삼성카드,https://d1c5n4ri2guedi.cloudfront.net/card/657/card_img/27715/657card.png,300000,"국내전용 [10,000]원 / 해외겸용 [10,000]원",신용,"{'마트/편의점': '편의점, 헬스&뷰티, 생활잡화에서 10% 청구할인 제공, 월 최대 5,000원 한도.', '간편결제': '온라인 간편결제 이용 시 전월 이용금액에 따라 최대 20,000원 청구할인 제공.', '해외': '해외 가맹점 및 직접구매 시 전월 이용금액 관계없이 1.5% 청구할인 제공, 단 월 최대 50만원 한도.', '기타 혜택(유의사항 등)': '디지털 구독 서비스 이용 시, 전월 이용금액에 따라 스트리밍 정기결제 시 최대 10,000원 청구할인 제공.'}"
올바른 FLEX 카드,NH농협카드,https://d1c5n4ri2guedi.cloudfront.net/card/666/card_img/21431/666card.png,300000,"국내전용 [10,000]원 / 해외겸용 [12,000]원",신용,"{'쇼핑': '쿠팡, G마켓, 11번가, 티몬, 농협몰에서 2만원 이상 결제 시 5% 청구할인, CU, GS25에서 5천원 이상 결제 시 5% 청구할인 제공.', '카페/디저트': '스타벅스에서 사이렌오더 포함 50% 청구할인, 일 1회 및 월 2회 제공, 한도는 일 5천원, 월 1만원.', 'OTT/영화/문화': 'CGV, 롯데시네마에서 1만원 이상 결제 시 30% 청구할인 (월 한도 5천원).', '간편결제': 'NH pay로 2만원 이상 결제 시 건당 1천원 청구할인 (일 1회, 월 2회 한도).', '공항라운지/PP': '국제공항 라운지 무료 이용 연 1회 제공.', '기타 혜택(유의사항 등)': '- 유튜브프리미엄, 넷플릭스, 멜론 정기결제 20% 청구할인(이용건당 7천원 이상), 배달의민족, 요기요 10% 청구할인(이용건당 1만5천원 이상), 대중교통 및 통신요금 7% 청구할인 제공.'}"
우리카드 MILE&POINT,우리카드,https://d1c5n4ri2guedi.cloudfront.net/card/2898/card_img/44541/2898card.png,500000,"국내전용 [75,000]원 / 해외겸용 [75,000]원",신용,"{'공항라운지/PP': '전월 50만원 이상 이용 시 국내외 1,000여개 공항라운지 무료 이용, 연 2회 제공.', '기타 혜택(유의사항 등)': '대한항공 카드로 국내 가맹점 이용 시 1,500원당 1마일 적립, 해외 가맹점 이용 시 최대 2마일 적립 가능.'}"
American Express® Gold Card Edition2,현대카드,https://d1c5n4ri2guedi.cloudfront.net/card/2663/card_img/32407/2663card.png,500000,"해외겸용 [300,000]원",신용,"{'공항라운지/PP': '전 세계 공항 라운지 연 10회 무료 이용 및 공항 리무진·철도 티켓 연 12회 무료 제공(각각 전월 이용금액 50만원 이상 시).', '프리미엄': '- 공항 및 국내 특급 호텔 무료 발레파킹 서비스 제공 (전월 이용금액 50만원 이상 시, 월 5회 한도).\n- 호텔 레스토랑 및 패밀리 레스토랑에서 할인 제공 (전월 이용금액 50만원 이상 시).\n- The Hotel Collection 이용 시 객실 업그레이드 및 100달러 호텔 크레딧 제공 (연속 2박 이상 예약 시).\n- 본인 회원에게 메탈 플레이트 제공 (재발급 시 수수료 10만원).', '기타 혜택(유의사항 등)': '연간 25만원 상당의 바우처와 다양한 쇼핑 및 트래블 혜택 제공.'}"
우리카드 7CORE,우리카드,https://d1c5n4ri2guedi.cloudfront.net/card/2851/card_img/43400/2851.png,500000,"해외겸용 [50,000]원",신용,{'기타 혜택(유의사항 등)': '7대 생활영역에서 10% 청구할인 제공.'}
카드의정석 EVERY DISCOUNT,우리카드,https://d1c5n4ri2guedi.cloudfront.net/card/2719/card_img/46400/2719card.png,0,"국내전용 [12,000]원 / 해외겸용 [12,000]원",신용,"{'간편결제': '국내 온라인 간편결제(우리WON페이, 네이버페이, 카카오페이) 시 2% 추가 청구할인 제공.', '기타 혜택(유의사항 등)': '국내외 가맹점에서 0.8% 청구할인 제공, 전월실적 조건 및 할인한도 없음.'}"
굿데이카드,KB국민카드,https://d1c5n4ri2guedi.cloudfront.net/card/106/card_img/20264/106card.png,300000,"국내전용 [5,000]원 / 해외겸용 [10,000]원",신용,"{'교통': '버스, 지하철, 택시 업종에서 10% 청구할인 제공, 전월 결제금액에 따라 할인 한도 적용.', '주유': '주유소 및 충전소에서 리터당 60원 청구할인, 월 최대 10만원 한도.', '통신': '전화요금, 인터넷이용료, 케이블TV 업종에서 10% 청구할인 제공.', '기타 혜택(유의사항 등)': '음식점, 커피전문점, 편의점, 약국에서 10% 추가 청구할인 제공.'}"
디지로카 London,롯데카드,https://d1c5n4ri2guedi.cloudfront.net/card/2632/card_img/41192/2632card.png,0,"국내전용 [20,000]원 / 해외겸용 [20,000]원",신용,{'기타 혜택(유의사항 등)': '국내외 가맹점 0.7% 캐시백과 즉시결제 및 Weekly 자동결제 시 각각 1% 추가 캐시백 제공.'}
삼성 iD SELECT ON 카드,삼성카드,https://d1c5n4ri2guedi.cloudfront.net/card/2886/card_img/44215/2886card_1.png,300000,"국내전용 [20,000]원 / 해외겸용 [20,000]원",신용,"{'쇼핑': '금/토/일에 온라인 패션몰 10%, 온라인 쇼핑몰 5%, 음식점 5% 할인 제공.', '간편결제': '온라인 간편결제 시 1% 할인 제공.', '해외': '해외 가맹점 및 직접구매 시 2% 결제일 할인 제공.', '기타 혜택(유의사항 등)': '선택형 할인 혜택과 일반음식점, 생활, 디지털구독 분야에서 다양한 할인 제공.'}"
디지로카 Las Vegas,롯데카드,https://d1c5n4ri2guedi.cloudfront.net/card/2707/card_img/34645/2707card.png,0,"국내전용 [20,000]원 / 해외겸용 [20,000]원",신용,{'기타 혜택(유의사항 등)': '디지로카 Las Vegas 카드로 국내외 가맹점 결제 시 최대 2.0% 할인 및 5만원 이상 결제 시 2~3개월 무이자 할부 혜택 제공.'}
WE:SH Travel,KB국민카드,https://d1c5n4ri2guedi.cloudfront.net/card/2685/card_img/37137/2685ard_2.png,300000,"국내전용 [25,000]원 / 해외겸용 [25,000]원",신용,"{'교통': '철도 및 고속버스 10% 할인, 월 1만원 한도 (연 6만원).', '쇼핑': '온라인 항공 및 면세점에서 KB Pay 결제 시 5% 할인, 월 최대 2만원 한도.', '공항라운지/PP': '전 세계 공항 라운지 무료 이용(연 2회), 전월 국내 이용실적 30만원 이상 시 제공.', '해외': '해외 이용 시 환율우대 100% (USD 기준) 제공.', '기타 혜택(유의사항 등)': '해외 이용 수수료 1.25% 면제 및 자주 쓰는 일상 영역 10% 할인 제공.'}"
신한카드 Air One,신한카드,https://d1c5n4ri2guedi.cloudfront.net/card/466/card_img/37854/466card.png,500000,"해외겸용 [49,000]원",신용,"{'프리미엄': '프리미엄 서비스는 플래티늄 서비스 안내장 및 신한카드, 아메리칸 익스프레스 홈페이지에서 확인 가능.', '기타 혜택(유의사항 등)': '대한항공 마일리지 적립 서비스는 국내외 이용금액 1,000원당 1마일리지 기본 적립, 국내 항공/면세 및 해외 이용 시 추가 1마일리지 적립이 가능하며, 신라면세점 온라인 이용 시 추가 적립도 제공됩니다.'}"
대한항공카드 300,현대카드,https://d1c5n4ri2guedi.cloudfront.net/card/2711/card_img/45301/2711card_1.png,500000,"국내전용 [300,000]원 / 해외겸용 [300,000]원",신용,"{'프리미엄': '프리미엄 카드 혜택으로 메탈 플레이트 제공, 공항 라운지 무료 이용(연 10회), 공항 및 호텔 발레파킹 무료 이용(월 10회) 제공.', '기타 혜택(유의사항 등)': '대한항공 카드로 전월 50만원 이상 이용 시 국내 가맹점 1천원당 1 마일리지, 추가 혜택으로 특정 가맹점 1천원당 3 마일리지 적립 가능.'}"
카드의정석 TEN,우리카드,https://d1c5n4ri2guedi.cloudfront.net/card/2699/card_img/34252/2699card.png,400000,"국내전용 [12,000]원 / 해외겸용 [12,000]원",신용,"{'기타 혜택(유의사항 등)': 'TEN Discount: 5대 일상영역에서 10% 청구할인 제공, ONE Discount: 음식점/주점 및 온라인 간편결제 1% 청구할인 제공.'}"
신한카드 Deep Oil,신한카드,https://d1c5n4ri2guedi.cloudfront.net/card/39/card_img/31864/39card.png,300000,"해외겸용 [10,000]원",신용,"{'주유': '선택한 정유사에서 주유 이용금액 10% 할인 (연 1회 변경 가능).', '마트/편의점': 'GS25와 CU에서 5% 결제일 할인 제공.', '카페/디저트': '스타벅스, 이디야에서 5% 결제일 할인 제공.', '자동차/하이패스': '스피드메이트 10% 할인 및 전국 주차장 10% 할인 제공, 단 특정 조건 충족 시 가능.', 'OTT/영화/문화': '롯데시네마에서 일반관 영화 예매 시 1일 1회 할인 제공, 단 특정 조건 및 제한 있음.', '기타 혜택(유의사항 등)': '택시 결제 시 5% 할인 제공, 오프라인 일반결제만 가능.'}"
대한항공카드 060,현대카드,https://d1c5n4ri2guedi.cloudfront.net/card/2709/card_img/45294/2709card_1.png,500000,"국내전용 [60,000]원 / 해외겸용 [60,000]원",신용,"{'프리미엄': 'Visa Platinum 기본서비스 제공, 2026년 12월 31일까지 이용 가능.', '기타 혜택(유의사항 등)': '대한항공 카드로 전월 50만원 이상 이용 시 국내 가맹점 1천원당 1 마일리지, 추가 혜택으로 대한항공 직판 항공권 및 해외 가맹점에서 1천원당 2 마일리지 적립.'}"
the OPUS silver,우리카드,https://d1c5n4ri2guedi.cloudfront.net/card/2902/card_img/44665/2902card_1.png,500000,"국내전용 [150,000]원 / 해외겸용 [150,000]원",신용,"{'공항라운지/PP': '국내외 공항라운지 무료 이용(본인+동반 1인, 전월 50만원 이상 이용 시 월 2회, 연 4회).', '기타 혜택(유의사항 등)': '최대 13만원 프리미엄 바우처 제공(연 1회 선택 가능) 및 다양한 적립 혜택 제공.'}"
신한카드 The CLASSIC-S,신한카드,https://d1c5n4ri2guedi.cloudfront.net/card/945/card_img/21598/945card.png,0,"국내전용 [97,000]원 / 해외겸용 [100,000]원",신용,"{'공항라운지/PP': '전 세계 1,000여개 공항 라운지를 연간 5회 무료 이용할 수 있는 혜택 제공.', '프리미엄': '국제브랜드사 서비스에 대한 상세 안내는 각 브랜드사별 홈페이지를 참조해야 합니다.', '해외': '해외 일시불 및 면세점 이용 시 2% 마이신한포인트 추가 적립, 월 최대 5만 포인트.', '기타 혜택(유의사항 등)': '일시불·할부 이용금액의 1%를 기본적으로 마이신한포인트로 적립하며, 전월 300만원 이상 이용 시 추가로 0.5% 적립됩니다.'}"
신한카드 Point Plan,신한카드,https://d1c5n4ri2guedi.cloudfront.net/card/2666/card_img/32452/2666card.png,0,"국내전용 [20,000]원 / 해외겸용 [23,000]원",신용,"{'기타 혜택(유의사항 등)': '국내 결제 시 0.5~3% 포인트 적립, 해외 결제 시 1% 적립, 주말 외식비 2만원 이상 결제 시 1천 포인트 적립, 정기결제 자동납부 시 2만원당 1천 포인트 적립.'}"
zgm.streaming카드,NH농협카드,https://d1c5n4ri2guedi.cloudfront.net/card/2428/card_img/27226/2428card.png,400000,"국내전용 [12,000]원 / 해외겸용 [12,000]원",신용,"{'카페/디저트': '스타벅스 사이렌오더 결제 시 50% 청구 할인(월 5천원 한도, 전월실적 40만원 이상).', '간편결제': '온라인 간편결제 시 5% 청구 할인(전월실적 40만원 이상, 건당 2만원 이상, 월 한도 3천원).', '기타 혜택(유의사항 등)': '디지털 구독 서비스 이용 시 멤버십 요금 7천원 청구 할인 및 스트리밍 요금 50% 청구 할인 제공.'}"
현대카드ZERO Edition3(할인형),현대카드,https://d1c5n4ri2guedi.cloudfront.net/card/2646/card_img/39624/2646card_3.png,0,"국내전용 [15,000]원 / 해외겸용 [15,000]원",신용,"{'기타 혜택(유의사항 등)': '국내외 가맹점 이용 금액의 0.8% 청구 할인, 전월 실적 및 한도 제한 없음.'}"
카드의정석 EVERY MILE SKYPASS,우리카드,https://d1c5n4ri2guedi.cloudfront.net/card/2553/card_img/44235/2553card.png,0,"국내전용 [39,000]원 / 해외겸용 [39,000]원",신용,"{'공항라운지/PP': '국내 공항라운지 연 2회 무료 이용 가능, 본인회원 전월 50만원 이상 사용 시 제공.', '기타 혜택(유의사항 등)': '대한항공 카드로 이용금액 1천원당 SKYPASS 1마일리지 적립, 해외 가맹점 이용 시 추가로 1천 마일 적립 한도 있음.'}"
대한항공카드 the First Edition2,현대카드,https://d1c5n4ri2guedi.cloudfront.net/card/2712/card_img/45304/2712card_1.png,500000,"국내전용 [800,000]원 / 해외겸용 [800,000]원",신용,"{'프리미엄': '프리미엄 카드 혜택으로 메탈 플레이트 제공, 공항 라운지 및 호텔 발레파킹 무료 이용 가능.', '기타 혜택(유의사항 등)': '대한항공 카드로 전월 50만원 이상 이용 시 국내 가맹점 1천원당 1 마일리지, 추가 혜택으로 특정 가맹점 이용 시 1천원당 최대 5 마일리지 적립 가능.'}"
에너지플러스 현대카드,현대카드,https://d1c5n4ri2guedi.cloudfront.net/card/2942/card_img/46756/2942card_1.png,400000,"국내전용 [10,000]원 / 해외겸용 [10,000]원",신용,"{'주유': 'GS칼텍스 주유소 이용 시 최저가 보장 혜택과 앱 결제 시 추가 5% 청구 할인 제공, 전월 이용 금액 40만원 이상 시 월 최대 3만원 할인.', '기타 혜택(유의사항 등)': '전월 이용 금액 40만원 이상 시 주차·세차·정비 업종 5% 청구 할인, 40만원 미만 시 혜택 제외.'}"
굿데이올림카드,KB국민카드,https://d1c5n4ri2guedi.cloudfront.net/card/115/card_img/20273/115card.png,300000,"국내전용 [15,000]원 / 해외겸용 [20,000]원",신용,"{'교통': '버스, 지하철, 택시 업종에서 10% 청구할인 제공.', '주유': '주유소 및 충전소에서 리터당 60원 청구할인, 월 최대 10만원 한도.', '통신': '전화요금, 인터넷이용료, 케이블TV 업종에서 10% 청구할인 제공.', '마트/편의점': '대형마트에서 10% 청구할인 제공, 이용금액에 따라 할인 한도 차등 적용.', '푸드': '음식점, 커피전문점, 편의점, 약국에서 10% 추가 청구할인 제공.', '해외': '해외이용(해외직구) 시 5% 할인 캐시백 제공.', '기타 혜택(유의사항 등)': '학원 및 피트니스 업종에서 10% 추가 청구할인 제공.'}"
삼성카드 스페셜마일리지(스카이패스),삼성카드,https://d1c5n4ri2guedi.cloudfront.net/card/54/card_img/20135/54card.png,0,"국내전용 [97,000]원 / 해외겸용 [99,000]원",신용,"{'프리미엄': '아멕스 프리미엄 서비스는 아멕스 프리미엄카드 회원에게 다양한 할인 및 혜택을 제공하는 서비스입니다.', '기타 혜택(유의사항 등)': '대한항공 카드로 모든 가맹점에서 1,000원당 1 스카이패스 마일리지 적립, 선택형 옵션에 따라 특정 업종에서 1,000원당 2 마일리지 적립 가능.'}"
IBK포인트(신용),IBK기업은행,https://d1c5n4ri2guedi.cloudfront.net/card/2779/card_img/39564/2779card.png,500000,"국내전용 [21,000]원 / 해외겸용 [22,000]원",신용,"{'기타 혜택(유의사항 등)': '국내외 가맹점에서 결제 금액에 따라 최대 3.3% 적립되며, 월 적립한도는 5만 포인트입니다.'}"
DA카드의정석Ⅱ,우리카드,https://d1c5n4ri2guedi.cloudfront.net/card/2655/card_img/32217/2655card.png,300000,"국내전용 [12,000]원 / 해외겸용 [12,000]원",신용,"{'공항라운지/PP': '국내 공항라운지 월 1회, 연 2회 무료 이용 가능 (MasterCard 브랜드 발급 시).', '기타 혜택(유의사항 등)': '모든 가맹점에서 신용결제 시 0.8%, 체크결제 시 0.5% 청구할인 제공, 생활업종 가맹점에서 추가로 0.5% 청구할인 가능.'}"
메리어트 본보이™ 더 베스트 신한카드,신한카드,https://d1c5n4ri2guedi.cloudfront.net/card/716/card_img/22190/716card.png,0,"국내전용 [264,000]원 / 해외겸용 [267,000]원",신용,"{'공항라운지/PP': '메리어트 본보이™ 더 베스트 카드 소지자는 The Lounge Members 앱을 통해 연 4회 전세계 공항 라운지를 무료로 이용할 수 있으며, 본인 및 동반 1인까지 가능하다.', '기타 혜택(유의사항 등)': '전세계 메리어트 참여 호텔에서 연 1회 무료 숙박권 제공, 국내 메리어트 호텔 조식 5만원 할인 서비스 연 2회, 메리어트 본보이™ 포인트 적립 및 엘리트 멤버십 자동 부여.'}"
zgm.play카드,NH농협카드,https://d1c5n4ri2guedi.cloudfront.net/card/2544/card_img/29533/2544card.png,300000,"국내전용 [12,000]원 / 해외겸용 [12,000]원",신용,"{'푸드': '패스트푸드업종에서 20% 청구할인(이용건당 5천원 이상, 일 1회, 월 2회).', '카페/디저트': '스타벅스, 투썸플레이스, 커피빈에서 30% 청구할인 (이용건당 5천원 이상, 일 1회, 월 2회 제공).', 'OTT/영화/문화': 'CGV, 롯데시네마, 메가박스에서 1만원 이상 결제 시 5천원 청구할인 제공 (일 1회, 월 2회, 연 12회).', '기타 혜택(유의사항 등)': '- 인앱결제, PC게임 결제, 게임방, 이동통신요금, 피트니스업종, 교통 할인 제공.'}"
American Express® Reserve,삼성카드,https://d1c5n4ri2guedi.cloudfront.net/card/736/card_img/28065/736card.png,0,"해외겸용 [150,000]원",신용,"{'프리미엄': '특수 소재 플레이트 제공, 매년 1회 무료 재발급 가능.', '기타 혜택(유의사항 등)': '국내외 가맹점 1% 적립, 온라인 쇼핑 및 해외 4% 추가 적립, Food·Coffee·Movie 30% 결제일 할인 제공.'}"
K-패스 (신용),IBK기업은행,https://d1c5n4ri2guedi.cloudfront.net/card/2559/card_img/45648/2559card.png,200000,"국내전용 [2,000]원 / 해외겸용 [4,000]원",신용,"{'교통': '대중교통 최대 300원 할인(1일 3회, 월 1만원 한도) 및 일반교통 5% 할인(1일 1회, 월 2회, 월 5천원 한도) 제공.', '주유': 'GS칼텍스 주유소에서 주유 리터당 40원 할인, 월 4회, 회당 10만원 한도.', '통신': '통신사(SK, KT, LG U+) 휴대폰요금 자동이체 시 3% 할인, 월 최대 1,200원.', 'OTT/영화/문화': '영화 2천원 할인 (메가박스, CGV, 월 1회, 연 6회).', '기타 혜택(유의사항 등)': '- 외식 10% 할인 (아웃백, 빕스, 월 1회, 10만원 한도), 무이자 할부 2~3개월 (백화점, 할인점), 놀이공원 본인 무료입장 또는 최대 50% 할인 (연 4회), 환전 우대 50% (USD, JPY, EUR), 대중교통 상해보험 1천만원 무료가입.'}"
신한카드 Point Plan+,신한카드,https://d1c5n4ri2guedi.cloudfront.net/card/2731/card_img/36308/2731card.png,400000,"국내전용 [30,000]원 / 해외겸용 [33,000]원",신용,"{'기타 혜택(유의사항 등)': '신한카드는 국내 결제 시 0.7~3% 포인트 적립, 해외 결제 시 1% 적립, 주말 외식비 2만원 이상 결제 시 1천 포인트 적립, 정기결제 자동납부 시 2만원당 1천 포인트 적립, OTT 자동납부 시 최대 2천 포인트 적립 혜택을 제공합니다.'}"
JADE Classic,하나카드,https://d1c5n4ri2guedi.cloudfront.net/card/2657/card_img/32434/2657card.png,500000,"국내전용 [115,000]원 / 해외겸용 [120,000]원",신용,"{'카페/디저트': '스타벅스에서 커피 이용 시 50% 하나머니 적립, 월 최대 5천 하나머니.', '공항라운지/PP': '전세계 공항 라운지 무료 이용(본인/가족/동반자 통합 연 3회, 일 3회) 제공.', '기타 혜택(유의사항 등)': '연 1회 바우처 선택 가능(호텔 다이닝 할인, 신세계 상품권, SK 주유권, 배달의 민족 상품권, 하나머니) 및 기본 1% 적립, 특별 적립 1.5~1.2% 제공.'}"
I-ALL,IBK기업은행,https://d1c5n4ri2guedi.cloudfront.net/card/2482/card_img/28405/2482card.png,0,"국내전용 [14,000]원 / 해외겸용 [15,000]원",신용,"{'기타 혜택(유의사항 등)': '국내·외 가맹점 0.5% 할인, 생활 분야 1%~1.5% 할인, 디지털 구독 5%~7% 할인 제공.'}"
현대카드 M,현대카드,https://d1c5n4ri2guedi.cloudfront.net/card/2669/card_img/43704/2669card_5.png,500000,"국내전용 [30,000]원 / 해외겸용 [30,000]원",신용,{'기타 혜택(유의사항 등)': '적립 한도 제한 없이 국내외 현대카드 가맹점에서 M포인트 적립 가능.'}
THE iD. 1st,삼성카드,https://d1c5n4ri2guedi.cloudfront.net/card/2915/card_img/45262/2915card_1.png,500000,"국내전용 [150,000]원 / 해외겸용 [150,000]원",신용,"{'공항라운지/PP': '국내외 공항 라운지 본인 및 동반인 무료 이용, 연 3회 제공, 전월 이용금액 50만원 이상 시 이용 가능.', '프리미엄': '프리미엄 카드로 연간 최대 15만원 할인 기프트 제공, 특정 가맹점에서 50,000원 이상 결제 시 할인 적용.', '기타 혜택(유의사항 등)': '국내외 가맹점에서 1~3%의 빅포인트 적립 혜택 제공.'}"
zgm.일본여행중 카드,NH농협카드,https://d1c5n4ri2guedi.cloudfront.net/card/2593/card_img/30936/2593card.png,300000,"국내전용 [23,000]원 / 해외겸용 [25,000]원",신용,"{'공항라운지/PP': '전세계 공항 라운지 무료 이용(월 1회, 연 2회) 가능, 전월 실적 30만원 이상 시 제공.', '프리미엄': 'NH농협 JCB Platinum 카드 소지자는 국내 특급호텔 할인, 해외 공항 라운지 무료 이용, 해외 렌터카 할인, 면세점 할인, 일본 골프 특전, 일본 다이닝 서비스, JCB 컨시어지 서비스 등의 혜택을 받을 수 있습니다.', '여행/숙박': '익스피디아 이용 시 객실요금 9% 즉시 할인 제공.', '해외': '일본 오프라인 전매장에서 10% NH포인트 적립, 연간 10만 포인트 한도.', '기타 혜택(유의사항 등)': '해외결제 시 수수료 면제 및 다양한 업종에서 NH포인트 적립 혜택 제공.'}"
카드의정석 I&U+,우리카드,https://d1c5n4ri2guedi.cloudfront.net/card/2688/card_img/33240/2688card.png,300000,"국내전용 [12,000]원 / 해외겸용 [12,000]원",신용,"{'교통': '대중교통 10% 청구할인, 월 최대 3천원, 전월 30만원 이상 이용 시 적용.', '주유': '주유 리터당 60~100원 청구할인, 전월 실적에 따라 차등 적용.', '카페/디저트': '커피 구매 시 스타벅스와 폴바셋에서 10% 청구할인, 월 최대 5천원까지 가능.', '기타 혜택(유의사항 등)': '국내 가맹점에서 100만원 이상 이용 시 1.0% 청구할인, 그 외에는 0.7% 청구할인 제공.'}"
현대카드 ZERO Up,현대카드,https://d1c5n4ri2guedi.cloudfront.net/card/2844/card_img/43699/2844card.png,0,"국내전용 [30,000]원 / 해외겸용 [30,000]원",신용,"{'프리미엄': '메탈 플레이트 제공, 발급 수수료 10만원, 신청 후 평균 3주 소요.', '기타 혜택(유의사항 등)': '국내외 가맹점 0.8% 청구 할인 및 특정 조건에서 온라인몰, 대형마트 등에서 10만원 이상 결제 시 1.6% 청구 할인 제공.'}"
BC 바로 클리어 플러스,BC 바로카드,https://d1c5n4ri2guedi.cloudfront.net/card/2346/card_img/32523/2346card.png,150000,"국내전용 [5,000]원 / 해외겸용 [5,000]원",신용,"{'교통': '대중교통 이용 시 7% 청구할인 제공.', '통신': 'KT/SKT/LGU+ 휴대폰요금 자동이체 시 10% 청구할인.', '마트/편의점': '편의점에서 현장 결제 시 10% 청구 할인 제공.', '쇼핑': '온라인쇼핑에서 쿠팡, 티몬, 위메프 등에서 10% 청구할인 제공.', '프리미엄': '해외겸용 카드의 MasterCard Platinum/VISA Platinum 기본 서비스 제공, 해외 결제 시 수수료 발생.', '기타 혜택(유의사항 등)': '점심, 배달앱, 드럭스토어, 디지털구독에서 각각 7%~10% 청구할인 제공, 전국 모든 가맹점에서 2~3개월 무이자할부 가능.'}"
the Orange,현대카드,https://d1c5n4ri2guedi.cloudfront.net/card/2944/card_img/47603/2944card_1.png,500000,"국내전용 [200,000]원 / 해외겸용 [200,000]원",신용,"{'프리미엄': '메탈 플레이트 제공, 발급 수수료 10만원 또는 10만 M포인트 필요, 발급 소요 기간 평균 3주.', '기타 혜택(유의사항 등)': '전월 이용 금액 50만원 이상 시 국내외 가맹점 1% M포인트 적립, 100만원 이상 시 특정 영역 10% 적립, 연간 15만원권 바우처 제공, 공항 라운지 및 발레파킹 무료 이용 혜택.'}"
신한카드 국민행복,신한카드,https://d1c5n4ri2guedi.cloudfront.net/card/712/card_img/22186/712card.png,300000,국내전용 [없음] / 해외겸용 [없음],신용,"{'쇼핑': '쿠팡, SSG닷컴, 롯데ON, 11번가, G마켓에서 5% 결제일 할인, 월 2회, 건당 최대 5천원 할인.', '병원/약국': '병원, 약국, 산후조리원에서 결제 시 5% 할인, 월 2회, 건당 최대 5천원 할인.', '교육/육아': '어린이집/유치원 부모부담금, 학원, 인터넷서점 10% 할인 (월 2회, 건당 최대 5천원).', '기타 혜택(유의사항 등)': '- 배달의민족, 요기요 10% 할인 (월 2회, 건당 최대 5천원)\n- 넷플릭스, 유튜브프리미엄 50% 할인 (월 1회, 건당 최대 5천원)\n- 네이버-플러스멤버쉽, 쿠팡-로켓와우 3천원 할인 (월 1회, 건당 최대 3천원)\n- 신한투자증권 CMA계좌 연계 시 업무수수료 면제\n- 신한라이프 어린이보험 보험료 우대 (특정 상품에 한함)'}"
Haru(Hoshino Resorts),신한카드,https://d1c5n4ri2guedi.cloudfront.net/card/2855/card_img/43765/2855card_1.png,300000,"국내전용 [30,000]원 / 해외겸용 [30,000]원",신용,"{'해외': '해외 이용 시 마이신한포인트 2% 적립, 일본 이용 시 추가 1.5% 적립 (각각 월 한도 있음).', '기타 혜택(유의사항 등)': '신한카드 Haru(Hoshino Resorts)는 국내 이용 시 1% 적립과 호시노 리조트 할인 혜택을 제공하며, 연회비는 3만원입니다.'}"
현대카드T,현대카드,https://d1c5n4ri2guedi.cloudfront.net/card/2882/card_img/44416/2882card_1.png,0,"국내전용 [15,000]원 / 해외겸용 [15,000]원",신용,"{'프리미엄': '메탈 플레이트 제공, 발급 수수료 7만원, 신청 후 평균 3주 소요.', '해외': '해외 온·오프라인 가맹점에서 실적·한도 제한 없이 2% 청구 할인 제공.', '기타 혜택(유의사항 등)': '국내 가맹점 0.7% 청구 할인 및 해외 가맹점 수수료 100% 청구 할인 제공.'}"
원더카드 2.0 FREE+,하나카드,https://d1c5n4ri2guedi.cloudfront.net/card/2820/card_img/44248/2820card.png,400000,"국내전용 [19,900]원 / 해외겸용 [19,900]원",신용,"{'쇼핑': '- 쿠팡에서 2% 청구할인, 슈퍼마켓 오프라인 결제 시 할인 제공.\n- 컬리, SSG.COM, 롯데ON, 더현대닷컴에서 4% 청구할인, 실적에 따라 한도 차등.\n- G마켓, 옥션, 11번가, 인터파크, 위메프, 티몬에서 4% 청구할인, 실적에 따라 한도 차등.', '간편결제': '하나페이 결제 시 1.2% 청구할인 제공.', '기타 혜택(유의사항 등)': '국내외 결제 시 0.8% 청구 할인, 배달앱 및 택시 이용 시 실적에 따라 최대 4% 청구 할인, 국내 5만원 이상 결제 시 2~3개월 무이자 할부 제공.'}"
알리익스프레스 신한카드,신한카드,https://d1c5n4ri2guedi.cloudfront.net/card/2831/card_img/40882/2831card.jpg,300000,"국내전용 [16,000]원 / 해외겸용 [19,000]원",신용,"{'쇼핑': '알리익스프레스에서 국내/해외 배송상품 결제 시 전월 이용금액에 따라 최대 3만원 할인 혜택 제공.', '해외': '해외 이용 시 1% 마이신한포인트 적립, 알리익스프레스 10% 할인 제공.', '기타 혜택(유의사항 등)': '음식점, 카페, 배달앱에서 전월 이용금액에 따라 최대 10% 할인 제공.'}"
카드의정석 EVERY POINT,우리카드,https://d1c5n4ri2guedi.cloudfront.net/card/2689/card_img/33241/2689card.png,400000,"국내전용 [12,000]원 / 해외겸용 [12,000]원",신용,"{'간편결제': '국내 온라인 간편결제 시 2% 추가 적립 제공.', '기타 혜택(유의사항 등)': '국내외 가맹점에서 0.8% 적립, 전월실적 및 적립한도 제한 없음.'}"
GOAT BC 바로카드,BC 바로카드,https://d1c5n4ri2guedi.cloudfront.net/card/2644/card_img/32094/2644card.png,0,"국내전용 [12,000]원 / 해외겸용 [12,000]원",신용,"{'프리미엄': '해외겸용 카드 소지 시 MasterCard/VISA Platinum 기본 서비스 제공, 해외 이용 시 수수료 발생.', '기타 혜택(유의사항 등)': '국내 가맹점 최대 1.5%, 국외 가맹점 최대 3%의 페이북 머니를 매일 적립하며, 연간 사용액 3천만원 이상 시 추가 10% 적립.'}"
대한항공카드 120,현대카드,https://d1c5n4ri2guedi.cloudfront.net/card/2710/card_img/45297/2710card_1.png,500000,"국내전용 [120,000]원 / 해외겸용 [120,000]원",신용,"{'프리미엄': '- 전월 이용 금액 50만원 이상 시 인천국제공항 및 국내 특급호텔 발레파킹 서비스 무료 이용 가능, 월 2회 한도.', '기타 혜택(유의사항 등)': '대한항공 카드로 전월 50만원 이상 이용 시 국내 가맹점 1천원당 1 마일리지, 추가 혜택으로 대한항공 직판 항공권 및 해외 가맹점에서 1천원당 2 마일리지 적립 가능.'}"
현대카드MY BUSINESS M F&B,현대카드,https://d1c5n4ri2guedi.cloudfront.net/card/2938/card_img/46988/2938card.png,500000,"국내전용 [50,000]원 /  해외겸용 [50,000]원",신용,"{'기타 혜택(유의사항 등)': '적립 한도 제한 없이 M포인트 적립 가능하며, 최대 50만 M포인트를 선지급받아 사용 후 적립된 포인트로 상환 가능.'}"
삼성 iD ALL 카드,삼성카드,https://d1c5n4ri2guedi.cloudfront.net/card/2234/card_img/27720/2234card.png,400000,"국내전용 [20,000]원 / 해외겸용 [20,000]원",신용,"{'기타 혜택(유의사항 등)': '- 5% 자동 맞춤 할인(1개 영역) 및 2.5% 주유·이동통신·아파트 관리비 할인 제공, 모든 가맹점 0.5% 할인.'}"
디지로카 Paris,롯데카드,https://d1c5n4ri2guedi.cloudfront.net/card/2633/card_img/31798/2633card.png,500000,"국내전용 [20,000]원 / 해외겸용 [20,000]원",신용,"{'쇼핑': '온라인 쇼핑 시 최대 5% 할인(기본 2% + 멤버십 추가 3%) 제공.', '기타 혜택(유의사항 등)': '국내외 가맹점에서 0.7% 결제일 할인이 제공되며, 실적 조건 및 한도 없이 혜택이 적용됩니다.'}"
IBK포인트3.8(신용),IBK기업은행,https://d1c5n4ri2guedi.cloudfront.net/card/2778/card_img/40256/2778card.png,500000,"국내전용 [37,000]원 / 해외겸용 [38,000]원",신용,"{'쇼핑': '온라인 쇼핑 가맹점 이용금액의 0.5%를 월 10,000포인트 한도로 적립.', '해외': '해외 가맹점 이용 시 5% 포인트 적립, 전월 50만원 이상 이용 시 월 15,000포인트 한도.', '기타 혜택(유의사항 등)': '국내외 가맹점 이용 시 전월 50만원 이상 이용 시 1.5% 포인트 적립, 월 적립한도 없음.'}"
LOCA LIKIT Eat,롯데카드,https://d1c5n4ri2guedi.cloudfront.net/card/2262/card_img/20704/2262card.png,400000,"국내전용 [10,000]원 / 해외겸용 [10,000]원",신용,"{'카페/디저트': '스타벅스, 투썸플레이스, 할리스커피, 폴바셋에서 60% 결제일 할인.', '기타 혜택(유의사항 등)': '음식점, 배달앱, 디지털구독에서 60% 결제일 할인이 제공되며, 특정 업종 및 결제 방식에 따라 제한이 있습니다.'}"
LOCA X 기후동행카드,롯데카드,https://d1c5n4ri2guedi.cloudfront.net/card/2765/card_img/38055/2765card.png,300000,"국내전용 [10,000]원 / 해외겸용 [10,000]원",신용,"{'교통': '지난달 이용실적에 따라 기후동행요금 최대 15,000원 할인 제공.', '기타 혜택(유의사항 등)': 'LOCA X 기후동행카드는 국내 가맹점에서 무제한 0.5% 할인을 제공합니다.'}"
BC 바로 ZONE 카드,BC 바로카드,https://d1c5n4ri2guedi.cloudfront.net/card/2928/card_img/45807/2928card.png,300000,"국내전용 [19,000]원 / 해외겸용 [19,000]원",신용,"{'푸드': '커피, 간식, 배달앱에서 7% 할인, 전월 실적에 따라 월 할인 한도 다름.', '프리미엄': '해외 이용 시 국제브랜드 수수료 1%와 비씨카드 해외서비스 수수료 0.3%가 부과됩니다.', '해외': '해외 가맹점 및 직접 구매 시 전월 실적, 한도 없이 1% 결제일 할인 제공.', '기타 혜택(유의사항 등)': '생활, 디지털구독, 전통시장에서 각각 7% 할인 혜택 제공, 전월 실적에 따라 월 할인 한도는 5천원 또는 1만원.'}"
K-패스 신한카드,신한카드,https://d1c5n4ri2guedi.cloudfront.net/card/2690/card_img/33494/2690card.png,300000,"국내전용 [7,000]원 / 해외겸용 [10,000]원",신용,"{'교통': '대중교통 이용 시 10% 결제일 할인 제공.', '간편결제': '간편결제로 결제 시 5% 할인 제공.', '기타 혜택(유의사항 등)': '생활서비스, 배달앱, 편의점, 커피전문점, 올리브영, 병원/약국, OTT, 이동통신요금에서 각각 5% 결제일 할인이 제공됩니다.'}"
I-Mileage (대한항공),IBK기업은행,https://d1c5n4ri2guedi.cloudfront.net/card/2674/card_img/32666/2674card_2.png,500000,"국내전용 [41,000]원 / 해외겸용 [42,000]원",신용,"{'카페/디저트': '스타벅스에서 1만원 이상 결제 시 4천원 청구할인을 월 1회, 연 12회 제공.', '공항라운지/PP': '전 세계 공항 라운지 연 2회 무료 이용(동반 1인 가능) 서비스 제공.', '프리미엄': '해외겸용 Mastercard Platinum 등급 기본 서비스 제공.', '기타 혜택(유의사항 등)': '대한항공 카드로 국내외 가맹점에서 1천원당 1마일리지 적립, 해외 가맹점 및 면세점은 월 2,000마일리지 추가 적립 가능.'}"
메리어트 본보이™ 더 클래식 신한카드,신한카드,https://d1c5n4ri2guedi.cloudfront.net/card/2291/card_img/20676/2291card.png,0,"국내전용 [144,000]원 / 해외겸용 [147,000]원",신용,"{'공항라운지/PP': '메리어트 본보이™ 더 클래식 카드로 연 2회 전세계 공항 라운지 무료 이용 가능.', '프리미엄': '메리어트 본보이™ 실버 엘리트 멤버십 자동 부여, 연회비 주기 내 2천만원 이상 이용 시 골드 엘리트 등급 제공.', '기타 혜택(유의사항 등)': '연회비 납부 후 100만원 이상 이용 시 연 1회 15,000 메리어트 본보이™ 포인트 제공, 기본 1포인트 적립, 특별적립 시 4포인트 적립, 누적 이용 실적에 따라 보너스 포인트 및 엘리트 숙박 크레딧 제공, 국내 메리어트 호텔 라운지 무료 음료 서비스 이용 가능.'}"
현대카드 Summit,현대카드,https://d1c5n4ri2guedi.cloudfront.net/card/2692/card_img/33549/2692card.png,500000,"국내전용 [200,000]원 / 해외겸용 [200,000]원",신용,"{'병원/약국': '병원/약국 이용 시 5% M포인트 적립, 월 2만 M포인트 한도.', '교육/육아': '교육 영역에서 5% M포인트 적립, 월 2만 M포인트 한도.', '공항라운지/PP': '전 세계 1,000여 개 공항 라운지를 연간 5회 이용할 수 있으며, THE LOUNGE 앱을 통해 이용권을 발급받아야 함.', '여행/숙박': '여행 영역에서 5% M포인트 적립, 월 2만 M포인트 한도.', '기타 혜택(유의사항 등)': '국내외 가맹점 1.5% M포인트 적립, 골프 등 특정 영역 5% 적립, 연 1회 15만원 바우처 제공.'}"
토스뱅크 하나카드 Day,하나카드,https://d1c5n4ri2guedi.cloudfront.net/card/2904/card_img/44666/2904card.png,500000,"국내전용 [20,000]원 / 해외겸용 [20,000]원",신용,"{'기타 혜택(유의사항 등)': '병원, 아파트관리비, 통신요금, 쇼핑, 학원, 커피, 보험, 골프 등에서 전월 실적에 따라 할인 혜택 제공.'}"
디지로카 Link,롯데카드,https://d1c5n4ri2guedi.cloudfront.net/card/2937/card_img/46587/2937card.png,500000,"국내전용 [30,000]원 / 해외겸용 [30,000]원",신용,"{'기타 혜택(유의사항 등)': '국내외 가맹점 최대 1.2% 할인, 마트·슈퍼 3%, 커피·편의점 5% 할인 제공, Link 혜택으로 최대 10% 할인 가능, 연 1회 최대 10만원 캐시백 제공.'}"
롯데멤버스 카드,롯데카드,https://d1c5n4ri2guedi.cloudfront.net/card/2823/card_img/41105/2823card.png,500000,"국내전용 [30,000]원 / 해외겸용 [30,000]원",신용,"{'기타 혜택(유의사항 등)': '롯데멤버스 카드로 국내외 가맹점에서 0.5% 기본적립과 롯데멤버스 브랜드 이용 시 최대 5% 특별적립, 최대 20만 포인트 미리적립 서비스 제공.'}"
LOCA LIKIT,롯데카드,https://d1c5n4ri2guedi.cloudfront.net/card/2228/card_img/21353/2228card.png,400000,"국내전용 [10,000]원 / 해외겸용 [10,000]원",신용,"{'교통': '시내버스와 지하철 결제 시 10% 할인, 월 5천원 한도.', '통신': 'SKT, KT, LG U+에서 이동통신 요금 10% 할인 (월 5천원 한도).', '카페/디저트': '스타벅스에서 실물카드로 50%, 간편결제로 60% 할인 혜택 제공.', 'OTT/영화/문화': '롯데시네마, CGV에서 영화 결제 시 50% 할인 (월 1만원 한도).', '기타 혜택(유의사항 등)': '배달의 민족과 쿠팡이츠에서 결제 시 5% 할인(월 5천원 한도).'}"
zgm.the pay카드,NH농협카드,https://d1c5n4ri2guedi.cloudfront.net/card/2427/card_img/27201/2427card.png,0,"국내전용 [12,000]원 / 해외겸용 [12,000]원",신용,"{'간편결제': '온라인 간편결제 시 NH페이 1.7% 할인, 기타 간편결제 1.2% 할인 제공.', '기타 혜택(유의사항 등)': '국내/해외 가맹점에서 1.0% 청구 할인 제공, 카드 디자인 선택 가능.'}"
현대카드Z family Edition2,현대카드,https://d1c5n4ri2guedi.cloudfront.net/card/2683/card_img/39649/2680card.png,500000,"국내전용 [20,000]원 / 해외겸용 [20,000]원",신용,"{'주유': '주유소에서 10% 청구 할인, 전월 이용 금액에 따라 최대 1만원 할인.', '쇼핑': '온라인 쇼핑몰에서 전월 이용 금액에 따라 최대 1만원 청구 할인 제공.', '병원/약국': '병원·약국에서 전월 이용 금액에 따라 최대 1만원 청구 할인 제공.', '기타 혜택(유의사항 등)': '- 학원: 전월 이용 금액 50만원 이상 시 입시, 예체능, 자동차 학원에서 월 최대 1만원 청구 할인.\n- 생활: 전월 이용 금액 50만원 이상 시 이동통신, 아파트 관리비, 도시가스 요금 정기 결제 시 월 최대 1만원 청구 할인.'}"
하나 스카이패스 아멕스 플래티늄 카드,하나카드,https://d1c5n4ri2guedi.cloudfront.net/card/2237/card_img/20939/2237card.png,500000,"해외겸용 [45,000]원",신용,"{'공항라운지/PP': '인천공항 라운지 이용 시 무료 서비스 제공, 제 1여객터미널 월 1회/연 2회, 제 2여객터미널은 지난달 실적 50만원 이상 시 제공.', '기타 혜택(유의사항 등)': '대한항공 스카이패스 카드로 국내 가맹점 이용 시 1천원당 1마일, 해외 가맹점 이용 시 1천원당 2마일 적립 가능.'}"
BeV V카드(스카이패스형),KB국민카드,https://d1c5n4ri2guedi.cloudfront.net/card/131/card_img/20360/131card.png,500000,"해외겸용 [295,000]원",신용,"{'항공마일리지': '대한항공 마일리지 최대 3마일 적립, 주중 1.2~1.5마일, 주말 1.5~3마일, 월 최대 3만 마일 적립 가능.', '프리미엄': 'BeV V카드는 해외여행상품 할인, 롯데호텔 객실 및 F&B 할인, 제주 자연 렌트카 요금 지원, 비전힐스 PAR3 할인, 도서 요약 서비스, 금융 서비스 수수료 감면, 롯데백화점 문화센터 할인, VVIP 이벤트 초청 혜택을 제공합니다.', '기타 혜택(유의사항 등)': 'KB국민 BeV V카드는 연 1회 쿠폰 서비스 제공, 국내여행/숙박 최대 25만원 할인, 플래티넘외식통합이용권 25만원, 롯데백화점 상품권 22만원, 포인트리 22만점 적립 혜택이 있습니다.'}"
롯데 국민행복카드,롯데카드,https://d1c5n4ri2guedi.cloudfront.net/card/455/card_img/20971/455card.png,300000,국내전용 [없음] / 해외겸용 [없음],신용,"{'교통': '교통 10% 결제일 할인 제공, 시내버스, 지하철, 택시 이용 시 적용.', '통신': '이동통신요금 자동이체 시 월 1회 2천원 할인 제공.', '쇼핑': '쇼핑 5% 결제일 할인, 월 2회, 건당 5천원 할인한도.', '병원/약국': '병원, 약국, 산후조리원 업종에서 월 10만원까지 5% 할인, 최대 월 5천원.', '교육/육아': '롯데국민행복카드는 교육/육아 관련 업종에서 10%~30% 할인 혜택을 제공하며, 신규 회원은 2개월 동안 월 1만5천원의 할인 한도가 적용됩니다.', '기타 혜택(유의사항 등)': '국민행복카드는 신용/체크카드 기능과 정부의 다양한 국가바우처서비스를 제공하는 카드입니다.'}"
현대카드ZERO Edition3(포인트형),현대카드,https://d1c5n4ri2guedi.cloudfront.net/card/2647/card_img/39626/2646card_3.png,0,"국내전용 [15,000]원 / 해외겸용 [15,000]원",신용,{'기타 혜택(유의사항 등)': '적립 횟수와 한도 제한 없이 국내외 가맹점에서 전월 실적 조건 없이 M포인트 적립 가능.'}
현대카드O,현대카드,https://d1c5n4ri2guedi.cloudfront.net/card/2880/card_img/44410/2880card_1.png,400000,"국내전용 [15,000]원 / 해외겸용 [15,000]원",신용,"{'프리미엄': '메탈 플레이트 제공, 발급 수수료 7만원, 신청 후 평균 3주 소요.', '기타 혜택(유의사항 등)': '전월 이용 금액 40만원 이상 시 주유소, 충전소, 차량 정비소, 세차장 10% 청구 할인 및 이동통신 요금, 아파트 관리비, 도시가스 요금 정기결제 5% 청구 할인 제공.'}"
LOCA Professional,롯데카드,https://d1c5n4ri2guedi.cloudfront.net/card/2636/card_img/31863/2636card.png,0,"국내전용 [300,000]원 / 해외겸용 [300,000]원",신용,"{'프리미엄': 'Mastercard 발급 시 2025년까지 유효한 MasterCard World 서비스와 특급호텔, 공항라운지 무료 입장 혜택 제공.', '기타 혜택(유의사항 등)': '국내외 가맹점에서 1% 캐시백 제공, 즉시결제 및 Weekly 자동결제 시 추가 1% 캐시백 혜택.'}"
원더카드 2.0 LIFE,하나카드,https://d1c5n4ri2guedi.cloudfront.net/card/2654/card_img/44245/2654card.png,400000,"국내전용 [19,900]원 / 해외겸용 [19,900]원",신용,"{'교통': '대중교통(버스, 지하철) 10% 할인, 실적에 따라 최대 12,000원 할인 한도.', '마트/편의점': '편의점에서 10% 할인, 실적에 따라 최대 12,000원 할인 한도.', '카페/디저트': '스타벅스, 커피빈 등에서 커피 10% 할인, 실적에 따라 할인한도 차등 적용.', '기타 혜택(유의사항 등)': '- 자동이체 영상 스트리밍 40% 할인, 생활요금 10% 할인, 배달앱 10% 할인 제공.'}"
클래시 트래블카드,NH농협카드,https://d1c5n4ri2guedi.cloudfront.net/card/2846/card_img/42434/2846card_1.png,1000000,"국내전용 [120,000원] / 해외겸용 [120,000원]",신용,"{'공항라운지/PP': '전 세계 공항라운지 월 2회, 연 4회 무료 이용 가능(동반자 1인 포함 시 2회 차감).', '기타 혜택(유의사항 등)': '국내 가맹점 1.2% 적립, 해외 가맹점 3~4% 적립, 연간 1천만원 이상 이용 시 5만 포인트 보너스 제공.'}"
트래블로그 신용카드,하나카드,https://d1c5n4ri2guedi.cloudfront.net/card/2529/card_img/29020/2529card.png,0,"국내전용 [20,000]원 / 해외겸용 [20,000]원",신용,"{'간편결제': '간편결제 이용 시 1.0%~1.3% 하나머니 적립.', '여행/숙박': '온라인 여행사 이용 시 3% 하나머니 적립, 통합 한도 5만 하나머니.', '해외': '해외 가맹점 이용 시 3% 하나머니 적립, 통합 한도 5만 하나머니.', '기타 혜택(유의사항 등)': '국내외 가맹점 1.0%, 항공사 및 면세점 3% 하나머니 적립, 해외 결제 수수료 면제.'}"
KB NEED Edu카드,KB국민카드,https://d1c5n4ri2guedi.cloudfront.net/card/2931/card_img/45901/2931card.png,400000,"국내전용 [25,000]원 / 해외겸용 [26,000]원",신용,"{'기타 혜택(유의사항 등)': 'KB NEED Edu카드는 교육 관련 업종에서 전월 실적에 따라 최대 5% 할인과 KB Pay 결제 시 추가 할인을 제공하며, 생활 영역에서는 병원, 약국, 커피에서 5% 할인을 제공합니다.'}"
신한카드 The BEST-XO,신한카드,https://d1c5n4ri2guedi.cloudfront.net/card/2807/card_img/45759/2807card.png,500000,"국내전용 [297,000]원 / 해외겸용 [300,000]원",신용,"{'공항라운지/PP': '신한카드 The BEST-XO 소지자는 THE LOUNGE 앱을 통해 월 4회, 연 10회의 공항 라운지 무료 이용 혜택을 받을 수 있습니다.', '기타 혜택(유의사항 등)': '신한카드 The BEST-XO는 기본 리워드 1% 적립, 특별 리워드 및 연간 기프트 옵션, 보너스 캐시백 서비스 등을 제공하며, 커피 및 택시 할인 혜택도 포함됩니다.'}"
현대백화점카드,현대백화점,https://d1c5n4ri2guedi.cloudfront.net/card/2344/card_img/39670/2344card.png,0,국내전용 [없음],신용,"{'기타 혜택(유의사항 등)': '현대백화점에서 신규가입 시 5% 할인 쿠폰과 2시간 무료주차 혜택 제공, 5만원 이상 결제 시 3개월 무이자 할부 가능.'}"
신한카드 Edu Plan+,신한카드,https://d1c5n4ri2guedi.cloudfront.net/card/2735/card_img/36457/2735card.png,500000,"국내전용 [40,000]원 / 해외겸용 [43,000]원",신용,"{'OTT/영화/문화': '메가박스 영화 온라인 예매 시 월 1회 7천원 즉시 할인.', '기타 혜택(유의사항 등)': '신한카드 Edu Plan+는 학원비 최대 10% 캐시백과 생활비 1% 캐시백 혜택을 제공합니다.'}"
가온올림카드(실속형),KB국민카드,https://d1c5n4ri2guedi.cloudfront.net/card/769/card_img/22243/769card.png,300000,"국내전용 [15,000]원 / 해외겸용 [15,000]원 | [20,000]원",신용,"{'교통': '대중교통과 택시 이용 시 0.5% 포인트리 추가적립.', '통신': '이동통신요금 자동납부 시 0.5% 포인트리 추가 적립.', '푸드': '음식점과 커피 전문점에서 0.5% 포인트리 추가 적립.', 'OTT/영화/문화': 'CGV/메가박스 온라인 영화 예매 시 승인건당 3,500원 청구할인(1일 2매, 월 4매, 연간 10매).', '기타 혜택(유의사항 등)': '국내 가맹점 0.7% 기본적립, 주말/공휴일 0.5% 추가적립, 해외이용금액 1.7% 캐시백, 테마파크 할인 제공.'}"
네이버페이 taptap,삼성카드,https://d1c5n4ri2guedi.cloudfront.net/card/458/card_img/28058/458card.png,300000,"국내전용 [15,000]원 / 해외겸용 [15,000]원",신용,"{'카페/디저트': '커피전문점, 편의점, 배달앱 이용 시 5% 네이버페이 포인트 적립 (월 5,000 포인트 한도).', '기타 혜택(유의사항 등)': ""라이프스타일에 따라 '일상 패키지' 또는 '온라인 패키지'를 선택하면 네이버페이 포인트 적립 혜택을 제공받을 수 있습니다.""}"
BC 바로 On&Off 카드,BC 바로카드,https://d1c5n4ri2guedi.cloudfront.net/card/2591/card_img/30912/2591card.png,300000,"국내전용 [5,000]원 / 해외겸용 [5,000]원",신용,"{'교통': '버스, 지하철, 택시 결제 시 10% 할인.', '푸드': '전국 모든 식당 및 커피 전문점에서 10% 결제일 할인.', '간편결제': '국내 온라인 가맹점 및 간편결제에서 10% 할인 제공.', '프리미엄': '해외 이용 시 국제브랜드 수수료 1%가 부과되며, 원화 결제 시 추가 수수료가 발생할 수 있습니다.', '해외': '해외 온/오프라인 가맹점에서 10% 결제일 할인 제공.', '기타 혜택(유의사항 등)': '전국 모든 가맹점에서 5만원 이상 결제 시 2~3개월 무이자할부 서비스 제공.'}"
BeV V카드(포인트형),KB국민카드,https://d1c5n4ri2guedi.cloudfront.net/card/130/card_img/20359/130card.png,500000,"해외겸용 [295,000]원",신용,"{'프리미엄': 'BeV V카드로 해외여행상품 예약 시 3~5% 할인, 롯데호텔 객실 20~30% 할인, 제주 자연 렌트카 24시간 요금 지원, 비전힐스 PAR3 주중 1만원 할인, 도서 요약 서비스 제공, KB국민은행 거래 수수료 감면, 롯데백화점 문화센터 30% 할인, VVIP 이벤트 초청 혜택 제공.', '기타 혜택(유의사항 등)': 'KB국민 BeV V카드는 연회비 납부 및 일정 이용금액 충족 시 다양한 쿠폰 서비스와 포인트리 적립 혜택을 제공합니다.'}"
HERITAGE Smart [대한항공 마일리지형],KB국민카드,https://d1c5n4ri2guedi.cloudfront.net/card/2451/card_img/27738/2451card.png,500000,"국내전용 [200,000]원 / 해외겸용 [200,000]원",신용,"{'간편결제': 'KB Pay 이용 시 2천원당 1마일리지 적립, 전월 이용실적 50만원 이상 시 월 최대 2천마일리지 제공.', '프리미엄': 'HERITAGE Smart Mastercard 발급 시 Mastercard World 서비스와 국내공항 라운지, 발레파킹, Priority Pass Digital 서비스가 제공됩니다.', '기타 혜택(유의사항 등)': 'HERITAGE Smart 카드로 연 1회 선택 가능한 15만원 할인 쿠폰(특급호텔, 항공권, 공연/전시) 제공.'}"
BLISS.5 카드(마일리지),IBK기업은행,https://d1c5n4ri2guedi.cloudfront.net/card/772/card_img/22246/772card.png,300000,"해외겸용 [95,000]원",신용,"{'카페/디저트': '카페아티제에서 본인 음료 구매 시 동반자 1인에게 무료 음료 제공 (아메리카노/까페라떼/카푸치노 쁘띠 사이즈).', 'OTT/영화/문화': 'BLISS.5카드로 영화 예매 시 2,000원 청구 할인과 CGV 콤보 무료 제공 서비스(각 월 1회, 연 6회 이용 가능) 제공.', '프리미엄': '- 제주도 렌터카 48시간 이용 시 24시간 지원 서비스 제공 (성수기 제외).\n- 해외 패키지여행 예약 시 3%~7% 할인 서비스 제공.\n- 국제선 항공권 3%~7% 할인 서비스 제공.\n- 전 세계 1,200여개 공항라운지 무료 이용 서비스 제공 (본인회원 한정).\n- Priority Pass Card 제공 (VISA 브랜드 발급 회원 한정).\n- 국내 호텔 및 콘도 예약 시 3%~10% 할인 서비스 제공.\n- 해외호텔 예약 시 10% 할인 서비스 제공.', '기타 혜택(유의사항 등)': '대한항공 이용 시 1,500원당 1마일 적립, KTX/SRT 승차권 10% 할인, 바우처 서비스 선택 가능.'}"
삼성 iD ON 카드,삼성카드,https://d1c5n4ri2guedi.cloudfront.net/card/2235/card_img/28314/2235card.png,300000,"국내전용 [20,000]원 / 해외겸용 [20,000]원",신용,"{'기타 혜택(유의사항 등)': '- 커피전문점, 배달앱, 델리 중 월 최대 10,000원 30% 할인 제공.\n- 교통, 이동통신, 스트리밍 결제 시 최대 20,000원 10% 할인 제공.\n- 온라인 간편결제 및 해외 결제 시 최대 10,000원 3% 할인 제공.'}"
네이버 현대카드 Edition2,현대카드,https://d1c5n4ri2guedi.cloudfront.net/card/2794/card_img/39286/2794card_1.png,500000,"국내전용 [20,000]원 / 해외겸용 [20,000]원",신용,{'기타 혜택(유의사항 등)': '전월 이용 금액 50만원 이상 시 국내외 가맹점에서 0.7% 및 네이버플러스 멤버십 적립 대상에서 최대 7% 네이버페이 포인트 적립.'}
삼성 iD PLUG-IN 카드,삼성카드,https://d1c5n4ri2guedi.cloudfront.net/card/2661/card_img/32404/2661card.png,400000,"국내전용 [20,000]원 / 해외겸용 [20,000]원",신용,"{'자동차/하이패스': '주차장과 대리운전에서 20% 할인, 통합 월 할인한도 5,000원.', '해외': '해외 가맹점 및 직접구매 시 결제일 1% 할인 제공.', '기타 혜택(유의사항 등)': '전기차 충전요금 20%/40% 할인, 현대해상 자동차보험 30,000원 할인, 디지털콘텐츠 20% 할인 제공.'}"
taptap DRIVE,삼성카드,https://d1c5n4ri2guedi.cloudfront.net/card/658/card_img/27733/0658card.png,300000,"국내전용 [10,000]원 / 해외겸용 [10,000]원",신용,"{'주유': '전월 생활요금 자동납부 결제건수에 따라 주유 리터당 60원~150원 할인 제공.', '쇼핑': '온라인 간편결제 및 온라인쇼핑몰에서 1% 결제일할인 제공.', '해외': '해외 가맹점 및 직접구매 시 1.5% 결제일 할인 제공, 월 최대 50만원 한도.', '기타 혜택(유의사항 등)': '편의점 및 커피전문점에서 10% 결제일 할인 제공, 통합 월 5,000원 한도.'}"
zgm 할인카드,NH농협카드,https://d1c5n4ri2guedi.cloudfront.net/card/2706/card_img/34299/2706card_3.png,400000,"국내전용 [27,000]원 / 해외겸용 [30,000]원",신용,"{'공항라운지/PP': '전세계 공항 라운지를 월 1회, 연 2회 무료 이용할 수 있는 혜택.', '기타 혜택(유의사항 등)': '국내 전 가맹점 1%, NH페이 2%, 해외 2% 청구할인과 매월 생활비 10%, 디지털 구독 30% 청구할인 제공.'}"
현대카드Z work Edition2,현대카드,https://d1c5n4ri2guedi.cloudfront.net/card/2680/card_img/39646/2680card.png,500000,"국내전용 [20,000]원 / 해외겸용 [20,000]원",신용,"{'교통': '대중교통 이용 시 전월 50만원 이상 시 월 최대 6천원, 100만원 이상 시 월 최대 1만원 청구 할인.', '마트/편의점': '편의점에서 전월 이용 금액에 따라 최대 1만원 청구 할인 제공.', '쇼핑': '온라인 쇼핑몰에서 전월 이용 금액에 따라 최대 1만원 청구 할인 제공.', '카페/디저트': '스타벅스, 투썸플레이스, 커피빈, 폴바셋에서 전월 이용 금액에 따라 최대 1만원 청구 할인 제공.', '기타 혜택(유의사항 등)': '교보문고와 YES24에서 전월 이용 금액에 따라 도서 10% 청구 할인 제공.'}"
LOCA LIKIT Play,롯데카드,https://d1c5n4ri2guedi.cloudfront.net/card/2263/card_img/20703/2263card.png,400000,"국내전용 [10,000]원 / 해외겸용 [10,000]원",신용,"{'주유': '주유소에서 SK에너지, S-OIL, GS칼텍스, 현대오일뱅크 결제 시 60% 할인.', 'OTT/영화/문화': '롯데시네마, CGV, 메가박스에서 현장 결제 및 공식 홈페이지/앱 예매 시 60% 할인.', '기타 혜택(유의사항 등)': '디지털 구독 서비스(넷플릭스, 왓챠, 유튜브, 멜론, 지니, 쿠팡 로켓와우, 네이버플러스 멤버십)에서 60% 결제일 할인이 제공됩니다.'}"
K-패스카드,KB국민카드,https://d1c5n4ri2guedi.cloudfront.net/card/2555/card_img/33456/2555card.png,300000,"국내전용 [8,000]원 / 해외겸용 [8,000]원",신용,"{'기타 혜택(유의사항 등)': '대중교통 10% 할인, 생활서비스 5% 할인, KB Pay 추가 5% 할인, 월 최대 1만5천원 할인 가능.'}"
신한카드 The BEST-F,신한카드,https://d1c5n4ri2guedi.cloudfront.net/card/37/card_img/36924/37card.png,300000,"해외겸용 [202,000]원",신용,"{'쇼핑': '주요 백화점, 할인점, 아울렛에서 할인 혜택 제공 및 갤러리아 백화점 2시간 무료 주차권 제공.', '카페/디저트': '스타벅스에서 커피 2잔 이상 구매 시 3,900원 할인(월 1회, 이용금액 30만원 이상 시 제공).', '공항라운지/PP': 'The BEST-F VISA Signature 카드로 전세계 1,200여개 공항 VIP라운지를 무료 이용할 수 있는 더라운지 서비스 제공.', '여행/숙박': '- JDC 면세점 8% 할인, 아시아나/이스타 항공 할인(최대 10%), 제주도 관광지 입장료 할인(최대 2,500원) 제공.', '기타 혜택(유의사항 등)': 'The BEST-F 카드 고객에게 연 1회 선택 가능한 15만원 상품권 또는 17만원 패밀리 레스토랑 상품권 제공.'}"
다담카드,KB국민카드,https://d1c5n4ri2guedi.cloudfront.net/card/121/card_img/20353/121card.png,300000,"해외겸용 [15,000]원",신용,"{'교통': '대중교통에서 버스와 지하철 10% 청구할인, 월 할인한도 5,000원.', '주유': 'SK주유소에서 리터당 60원 할인, 월 20만원까지 적용.', '통신': '이동통신요금 자동납부 시 10% 청구할인(월 한도 5,000원).', 'OTT/영화/문화': 'CGV/메가박스 온라인 영화예매 시 승인건당 3,500원 청구 할인, 일 2회, 월 4회, 연간 10회 제공.', '해외': '해외가맹점 이용 시 5% 캐시백(월 한도 5,000원)과 KB투어 해외여행 상품 3% 현장할인 제공.', '기타 혜택(유의사항 등)': 'KB국민 다담카드는 놀이공원 할인, 선택형 적립 서비스, 다양한 생활 및 교육, 쇼핑, 직장인, 레저팩 혜택을 제공합니다.'}"
원더카드 2.0 LIVING,하나카드,https://d1c5n4ri2guedi.cloudfront.net/card/2447/card_img/44246/2447card.png,400000,"국내전용 [19,900]원 / 해외겸용 [19,900]원",신용,"{'주유': '주유 및 LPG충전 시 10% 할인, 실적에 따라 최대 12,000원까지 할인.', '카페/디저트': '스타벅스 등 주요 카페에서 커피 10% 할인, 실적에 따라 최대 15,000원 한도.', '공과금/렌탈': '생활요금(아파트 관리비, 전기세, 가스비) 10% 할인, 실적에 따라 최대 10,000원까지 할인.', '병원/약국': '병원 및 약국에서 10% 할인, 실적에 따라 최대 10,000원까지 할인 한도 적용.', '기타 혜택(유의사항 등)': '택시와 세탁업종에서 각각 10% 할인 혜택을 제공하며, 무이자할부는 국내 5만원 이상 결제 시 2~3개월 무이자 할부가 가능합니다.'}"
현대카드MY BUSINESS M E-seller,현대카드,https://d1c5n4ri2guedi.cloudfront.net/card/2940/card_img/46990/2940card.png,500000,"국내전용 [50,000]원 /  해외겸용 [50,000]원",신용,"{'기타 혜택(유의사항 등)': '적립 한도 제한 없이 다양한 가맹점에서 M포인트 적립 가능하며, 최대 50만 M포인트를 선지급받아 사용 후 적립된 포인트로 상환 가능.'}"
힐튼 아너스 아멕스 프리미엄,롯데카드,https://d1c5n4ri2guedi.cloudfront.net/card/2786/card_img/38997/2786card.png,0,"국내전용 [497,000]원 / 해외겸용 [500,000]원",신용,"{'공항라운지/PP': 'AMEX 브랜드 카드 소지자는 연 4회 전세계 공항라운지를 무료로 이용할 수 있으며, 이용 조건은 지난달 이용금액 50만원 이상입니다.', '기타 혜택(유의사항 등)': '힐튼 아너스 포인트 적립 및 전세계 힐튼 호텔 주말 무료 숙박권 제공, 골드 및 다이아몬드 등급 혜택.'}"
CLUB SK 카드,하나카드,https://d1c5n4ri2guedi.cloudfront.net/card/227/card_img/37251/227card.png,400000,"국내전용 [6,000]원 / 해외겸용 [25,000]원",신용,"{'주유': 'SK 주유소에서 주유 시 리터당 최대 150원, SK 충전소에서 충전 시 리터당 최대 70원 청구할인 제공.', '마트/편의점': '대형마트에서 하나은행 결제 시 10% 또는 5% 청구할인 제공, 월 할인한도는 각각 1만원과 5천원.', '프리미엄': 'VISA, Mastercard, AMEX Platinum 등급에 따라 각각의 브랜드 서비스 제공.', '기타 혜택(유의사항 등)': '- SK텔레콤 이동통신 요금 자동이체 시 월 2천원~1만5천원 청구할인 제공.\n- 대중교통 이용 시 하나페이 앱 미이용 고객 3.5%, 이용 고객 7% 청구할인 (월 5천원 한도).\n- 외식 가맹점에서 하나페이 앱 미이용 고객 5%, 이용 고객 10% 청구할인 (월 5천원 한도).\n- 커피 가맹점에서 하나페이 앱 미이용 고객 2.5%, 이용 고객 5% 청구할인 (월 5천원 한도).\n- 영화관에서 하나페이 앱 미이용 고객 1,500원, 이용 고객 3,000원 청구할인 (1만원 이상 결제 시).\n- 스피드메이트 엔진오일 교환 시 25,000원 청구할인 (연 1회).\n- 학원 업종에서 하나은행 결제 계좌 설정 시 10%, 타은행 설정 시 5% 청구할인 (월 한도 1만원/5천원).\n- SK멤버십 서비스로 다양한 혜택 제공 (T멤버십, OK캐쉬백 등).\n- 신라면세점 VIP 멤버십 제공 및 할인 혜택.\n- 하나은행 결제 계좌 고객 자동화기기 수수료 면제 및 환전 수수료 우대.'}"
올바른 MYPICK 카드,NH농협카드,https://d1c5n4ri2guedi.cloudfront.net/card/654/card_img/21417/654card.png,400000,"국내전용 [13,000]원 / 해외겸용 [13,000]원",신용,"{'쇼핑': '온/오프라인 쇼핑, 국내 면세점, 전국 서점에서 각각 5% 청구할인 제공.', '푸드': '전세계 음식점, 베이커리, 편의점에서 전월 실적에 따라 최대 2만원까지 5% 청구할인 제공.', '뷰티/피트니스': '뷰티 및 피트니스 관련 5% 청구할인 제공, 전월 실적에 따라 월 할인 한도 차등 적용.', '병원/약국': '전국 병원, 동물병원, 약국에서 5% 청구할인 제공, 전월 실적에 따라 월 할인 한도 차등 적용.', '여행/숙박': '농협주유소 및 모든 주유소 5% 청구할인, 국내외 여행·숙박 예약 5% 청구할인(월 1만원 한도), 스피드메이트 엔진오일 교환 시 25,000원 현장할인(연 1회).', '기타 혜택(유의사항 등)': '해외 전가맹점, 스타벅스 및 국내 커피, 전국 택시와 대중교통에서 각각 5% 청구할인 제공, 전월 실적에 따라 월 할인한도 차등 적용.'}"
American Express® Green Card Edition2,현대카드,https://d1c5n4ri2guedi.cloudfront.net/card/2662/card_img/32405/2662card.png,500000,"해외겸용 [150,000]원",신용,"{'공항라운지/PP': '전 세계 공항 라운지 연 5회 무료 이용 및 공항 리무진·철도 티켓 연 12회 무료 제공(각각 전월 이용금액 50만원 이상 시).', '프리미엄': '- 전월 이용금액 50만원 이상 시 공항 및 국내 특급 호텔 무료 발레파킹 서비스 제공(월 5회 한도).\n- 전월 이용금액 50만원 이상 시 호텔 및 패밀리 레스토랑에서 할인 혜택 제공.', '기타 혜택(유의사항 등)': '연간 12만원 상당의 바우처와 다양한 쇼핑 및 트래블 혜택 제공, 전월 이용 금액에 따라 멤버십 리워즈 적립.'}"
신한카드 EVerywhere,신한카드,https://d1c5n4ri2guedi.cloudfront.net/card/2435/card_img/27410/2435card.png,400000,"국내전용 [19,000]원 / 해외겸용 [22,000]원",신용,"{'통신': 'SKT, KT, LG U+ 이동통신 요금 자동이체 시 5% 캐시백 제공, 전월 이용금액 40만원 이상 시 최대 5천원 한도.', '마트/편의점': '편의점에서 CU, GS25, 세븐일레븐 이용 시 5% 캐시백 제공.', '카페/디저트': '베이커리·커피전문점에서 5% 캐시백 제공, 전월 이용금액 40만원 이상 시 최대 5천원 한도.', '기타 혜택(유의사항 등)': '전기차 충전 시 기본 20%~30% 캐시백과 생활 서비스 이용 시 추가 5%~10% 캐시백 제공.'}"
국민행복 삼성카드 V2,삼성카드,https://d1c5n4ri2guedi.cloudfront.net/card/718/card_img/28063/718card.png,0,국내전용 [없음] / 해외겸용 [없음],신용,"{'쇼핑': '쇼핑 7% 결제일 할인 제공, 전월 이용금액에 따라 최대 40,000원까지 할인 가능.', '공과금/렌탈': '생활요금 자동납부 시 7% 결제일 할인 제공.', '교육/육아': '보육 관련 결제 시 7% 할인 제공, 전월 이용금액에 따라 월 최대 40,000원 할인 가능.', '해외': '해외 가맹점 및 직접구매 시 1.5% 결제일 할인, 월 최대 50만원 한도.', '기타 혜택(유의사항 등)': '국민행복 카드로 임신, 출산, 육아 등 국가바우처 이용 가능하며, 디지털구독 서비스로 스트리밍 정기결제 시 3,000원 할인 제공.'}"
신한카드 RPM+ Platinum#,신한카드,https://d1c5n4ri2guedi.cloudfront.net/card/16/card_img/28929/16card.png,500000,"해외겸용 [32,000]원",신용,"{'주유': '국내 주유소에서 리터당 40~150포인트, 충전소에서 10~50포인트 적립, 월 30만원까지 서비스 제공.', '마트/편의점': '롯데마트, 이마트, 홈플러스, 편의점에서 전월 이용금액에 따라 1~5% 마이신한포인트 적립.', '쇼핑': '롯데/현대백화점, 11번가/G마켓/옥션, CJ오쇼핑/CJmall에서 전월 이용금액에 따라 1~5% 마이신한포인트 적립.', '프리미엄': '신한카드 RPM+ Platinum# 소지 시 1일 무료주차, 공항 무료커피, 레스토랑 10% 할인, 발렛파킹 무료(월 3회), 패션/요식 업종 2% 적립 혜택 제공.', '기타 혜택(유의사항 등)': '택시 및 차량 정비소에서 전월 이용금액에 따라 1~5% 마이신한포인트 적립, 국내외 가맹점에서는 0.2~2.0% 적립.'}"
티머니 Pay & GO 신한카드,신한카드,https://d1c5n4ri2guedi.cloudfront.net/card/2386/card_img/33356/2386card_3.png,300000,"국내전용 [15,000]원 / 해외겸용 [18,000]원",신용,"{'교통': 'K-패스를 통해 대중교통비를 최대 53% 환급받고, 티머니 Pay & GO 신한카드로 대중교통 이용 시 30% 할인, 고속/시외버스 및 기타 교통수단 이용 시 20% 할인이 적용됩니다.', '통신': '- 이동통신요금 자동이체 5% 할인 및 전월 이용금액에 따른 교통서비스 할인 한도 제공.', '마트/편의점': '5대 편의점에서 5% 할인(1회 1만원 한도, 일 1회, 월 5회) 및 전월 이용금액에 따라 교통서비스 할인 한도 제공.', '카페/디저트': '커피전문점 5% 할인(1회 1만원 한도, 일 1회, 월 8회) 및 전월 이용금액에 따른 생활서비스 할인 한도 제공.', '기타 혜택(유의사항 등)': '4대 백화점에서 결제 시 5% 할인(일 1회, 월 2회, 10만원 한도) 및 전월 이용금액에 따라 교통서비스 할인 제공.'}"
신한카드 Eats More(이츠모아),신한카드,https://d1c5n4ri2guedi.cloudfront.net/card/2304/card_img/23588/2304card.png,400000,"국내전용 [15,000]원 / 해외겸용 [18,000]원",신용,"{'기타 혜택(유의사항 등)': '신한카드 Eats More는 전 가맹점 5천원 이상 결제 시 포인트 적립, 요식업종 및 배달앱에서 추가 적립, 신한은행 달러예금 계좌와 연결 시 환전수수료 면제 혜택을 제공합니다.'}"
올바른 NEW HAVE카드,NH농협카드,https://d1c5n4ri2guedi.cloudfront.net/card/635/card_img/28872/635card.png,0,"국내전용 [12,000]원 / 해외겸용 [12,000]원",신용,"{'공항라운지/PP': '국제공항 라운지 무료 이용, 월 1회 및 연 2회 제공, 전월 실적 40만원 이상 시 가능.', '기타 혜택(유의사항 등)': '국내외 가맹점에서 0.7% NH포인트 적립, 특정 영역 1위/2위 시 최대 2.1%/1.4% 추가적립, 전월실적 40만원 이상 시 이체수수료 월 10회 무료.'}"
코웨이 IBK카드,IBK기업은행,https://d1c5n4ri2guedi.cloudfront.net/card/2734/card_img/36456/2734card.png,300000,"국내전용 [12,000]원 / 해외겸용 [15,000]원",신용,"{'공과금/렌탈': '코웨이 렌탈료 자동이체 시 전월 이용실적에 따라 최대 23,000원 할인.', '기타 혜택(유의사항 등)': '전월 이용실적 30만원 이상 시 코웨이 렌탈료 자동이체 할인 제공.'}"
롯데멤버스 카드 프리미엄,롯데카드,https://d1c5n4ri2guedi.cloudfront.net/card/2824/card_img/41106/2824card.png,500000,"국내전용 [150,000]원 / 해외겸용 [150,000]원",신용,"{'프리미엄': '해외 겸용 MasterCard 발급 시 MasterCard Platinum 등급의 국제 브랜드 서비스 제공.', '기타 혜택(유의사항 등)': '롯데멤버스 카드로 국내외 가맹점에서 0.7% 기본적립과 롯데멤버스 브랜드에서 최대 5% 특별적립이 가능하며, 최대 50만 포인트를 미리적립할 수 있습니다.'}"
KB국민 기후동행카드,KB국민카드,https://d1c5n4ri2guedi.cloudfront.net/card/2769/card_img/38059/2769card.png,400000,"국내전용 [10,000]원",신용,"{'교통': '후불 기후동행카드는 서울시 기후동행카드 서비스 범위 내에서 대중교통과 따릉이를 무제한 이용할 수 있는 정기권 후불 교통카드입니다.', '기타 혜택(유의사항 등)': 'KB국민 기후동행카드는 생활, 쇼핑, 여가 업종에서 각각 최대 10% 청구할인을 제공하며, 전월 40만원 이상 이용 시 할인 혜택이 적용됩니다.'}"
신한카드 Deep On Platinum+,신한카드,https://d1c5n4ri2guedi.cloudfront.net/card/41/card_img/20122/41card.png,300000,"국내전용 30,000원 / 해외겸용 33,000원",신용,"{'간편결제': '간편결제(Pay)로 국내 온라인 이용 시 최대 20% 할인, 월 6회까지 적용.', '프리미엄': '제주항공 및 에어부산 10% 할인과 해외 이용금액 10% 캐시백 혜택 제공.', '기타 혜택(유의사항 등)': '4대 편의점, 생활/잡화, 커피, 월납 서비스에서 각각 20% 결제일 할인이 제공되며, 월 4회 한도 내에서 전월 실적에 따라 최대 3만 원까지 할인 가능.'}"
하나 CLUB H 아메리칸 익스프레스 리저브 카드,하나카드,https://d1c5n4ri2guedi.cloudfront.net/card/2406/card_img/26473/2406card.png,500000,"해외겸용 [150,000]원",신용,"{'항공마일리지': '국내 이용금액 1천원당 1마일리지, 해외 이용금액 1천원당 2마일리지 적립 (지난달 실적 50만원 이상 시).', '공항라운지/PP': '인천공항 라운지 무료 서비스 월 2회, 연 4회 제공 (동반자 1인 포함), 지난달 실적 50만원 이상 시 이용 가능.', '프리미엄': '메탈 플레이트 제공, Amex PLATINUM ELITE 서비스로 호텔 할인, 공항 리무진 무료, 카페 아티제 1+1 아메리카노 혜택 제공.', '기타 혜택(유의사항 등)': '해외 이용금액에 대해 2마일리지 적립 및 국내외 일시불/할부 이용금액에 따라 혜택 제공.'}"
디지로카 Edu,롯데카드,https://d1c5n4ri2guedi.cloudfront.net/card/2714/card_img/35527/2714card.png,500000,"국내전용 [30,000]원 / 해외겸용 [30,000]원",신용,"{'교육/육아': '학원 및 유치원 이용 시 50만원 이상 3%, 100만원 이상 7% 캐시백 제공.', '기타 혜택(유의사항 등)': '디지로카 Edu 카드로 국내 가맹점에서 5만원 이상 결제 시 2~3개월 무이자 할부 혜택 제공.'}"
Easy all 티타늄카드,KB국민카드,https://d1c5n4ri2guedi.cloudfront.net/card/634/card_img/21400/634card.png,500000,"국내전용 [30,000]원 / 해외겸용 [30,000]원",신용,"{'프리미엄': '티타늄 서비스는 공항/호텔 발레파킹과 공항 라운지를 제공하며, 전월 이용실적 30만원 이상 시 이용 가능합니다.', '기타 혜택(유의사항 등)': 'KB국민 Easy all카드는 전월 이용실적에 따라 선택한 영역에서 캐시백 및 청구할인을 제공하며, Auto 모드와 DIY 모드로 구성된 혜택을 선택할 수 있습니다.'}"
스타벅스 삼성카드,삼성카드,https://d1c5n4ri2guedi.cloudfront.net/card/2897/card_img/44442/2897card_1.png,500000,"국내전용 [30,000]원 / 해외겸용 [30,000]원",신용,"{'카페/디저트': '스타벅스 이용 시 전월 이용금액에 따라 별 리워드 적립, 최대 50개까지 가능.', '기타 혜택(유의사항 등)': '스타벅스 선불카드 충전 시 3만원당 스타벅스 별 리워드 1개 적립, 월 최대 30개 적립 가능.'}"
네이버페이 라인프렌즈 신한카드,신한카드,https://d1c5n4ri2guedi.cloudfront.net/card/651/card_img/21414/651card.png,0,"국내전용 [7,000]원 / 해외겸용 [10,000]원",신용,"{'기타 혜택(유의사항 등)': '- 네이버에서 결제 시 2% 적립, 네이버 외 결제 시 0.5% 적립.'}"
The CLASSIC NEO,신한카드,https://d1c5n4ri2guedi.cloudfront.net/card/2916/card_img/45177/2916card.png,400000,"국내전용 [117,000]원 / 해외겸용 [120,000]원",신용,"{'공항라운지/PP': '신한카드 The CLASSIC NEO로 THE LOUNGE 앱을 통해 연간 4회 공항 라운지를 무료 이용할 수 있으며, 본인과 동반자 1인까지 이용 가능합니다.', '프리미엄': '신한카드 The CLASSIC NEO 고객은 매년 1회 7만 포인트를 적립받을 수 있는 Gift 옵션을 선택할 수 있습니다.', '기타 혜택(유의사항 등)': '신한카드 The CLASSIC NEO는 전월 이용금액에 따라 국내/해외 이용 시 마이신한포인트를 적립하고, 평일 점심시간 요식업종 이용 시 5% 할인 혜택을 제공합니다.'}"
토스 삼성카드,삼성카드,https://d1c5n4ri2guedi.cloudfront.net/card/2894/card_img/44192/2894card_1.png,300000,"국내전용 [15,000]원 / 해외겸용 [15,000]원",신용,"{'카페/디저트': '스타벅스 50% 결제일 할인, 월 한도 5,000원, 전월 이용금액 30만원 이상 시 제공.', '간편결제': '토스페이 15%, 온라인 간편결제 10% 할인 제공, 전월 이용금액에 따라 월 할인한도 차등 적용.', '해외': '해외 가맹점 및 해외 직접구매 이용 시 2% 결제일 할인 제공.', '기타 혜택(유의사항 등)': '토스프라임, 인앱 결제, 디지털 콘텐츠에 대해 최대 10,000원까지 50% 결제일 할인이 제공됩니다.'}"
JADE Prime,하나카드,https://d1c5n4ri2guedi.cloudfront.net/card/2703/card_img/34566/2703_1card.png,500000,"국내전용 [295,000]원 / 해외겸용 [300,000]원",신용,"{'주유': '주유(LPG) 리터당 150 하나머니, EV충전 30% 하나머니 적립, 월 최대 1만 하나머니.', '공항라운지/PP': '전세계 공항 라운지 무료 이용(연 6회, 일 3회) 제공, 카드 발급 후 이용 실적 조건 필요.', '기타 혜택(유의사항 등)': '- 연 1회 바우처 선택 가능 (TRAVEL, HOTEL, SHOPPING, FINANCE) 및 연 누적 2,400만원 이상 이용 시 10만 하나머니 적립.'}"
신한카드 Simple+,신한카드,https://d1c5n4ri2guedi.cloudfront.net/card/11/card_img/32203/11card.png,0,"국내겸용 [10,000]원 / 해외겸용 [13,000]원",신용,"{'OTT/영화/문화': 'CGV, 메가박스에서 온라인 영화 예매 시 최대 3,000원 할인 제공.', '기타 혜택(유의사항 등)': '전 가맹점 0.7% 캐시백, 이동통신요금 자동이체 시 추가 0.7% 캐시백 제공.'}"
현대카드 MX Black Edition2,현대카드,https://d1c5n4ri2guedi.cloudfront.net/card/2697/card_img/33888/2697card.png,500000,"국내전용 [200,000]원 / 해외겸용 [200,000]원",신용,"{'교통': '전월 이용금액 100만원 이상 시 대중교통 영역에서 1만원 할인, 200만원 이상 시 2만원 할인.', '주유': '전월 이용금액 100만원 이상 시 주유와 대중교통에서 각각 1만원, 200만원 이상 시 각각 2만원 할인 혜택 제공.', '마트/편의점': '전월 이용금액에 따라 편의점에서 최대 월 2만원 할인 혜택 제공.', '쇼핑': '전월 이용금액 100만원 이상 시 온라인 쇼핑 영역별 1만원, 200만원 이상 시 2만원 할인 혜택 제공.', '카페/디저트': '전월 이용금액 100만원 이상 시 카페, 베이커리에서 1만원 할인, 200만원 이상 시 월 2만원 할인.', '공항라운지/PP': '전 세계 1,000여 개 공항 라운지를 연 5회 무료 이용 가능.', '기타 혜택(유의사항 등)': '전월 이용 금액에 따라 국내외가맹점 1% M포인트 적립 및 백화점, 베이커리 할인 혜택 제공, 공항 및 특급호텔 발레파킹 무료 이용 가능.'}"
New후불하이패스카드,NH농협카드,https://d1c5n4ri2guedi.cloudfront.net/card/1577/card_img/28754/1577card.png,0,"국내전용 [2,000]원",신용,"{'자동차/하이패스': '하이패스는 고속도로 통행료 결제 전용 카드로, 하이패스 단말기에 삽입하여 자동 결제하며, 특정 시간대에 할인 혜택이 제공됩니다.'}"
KB YOU Prime 카드,KB국민카드,https://d1c5n4ri2guedi.cloudfront.net/card/2930/card_img/46558/2930card_1.png,400000,"국내전용 [30,000]원 / 해외겸용 [30,000]원",신용,"{'프리미엄': '국제브랜드 서비스는 Mastercard 티타늄 또는 JCB Platinum 등급으로 제공되며, 국내전용 카드는 해당 서비스가 없습니다.', '기타 혜택(유의사항 등)': 'KB YOU Prime 카드로 전월 이용실적에 따라 다양한 할인 서비스 제공, 최초 발급 후 한 달간 40만원 미만 실적에도 월 2,500원 할인 가능.'}"
the Red (항공 마일리지형),현대카드,https://d1c5n4ri2guedi.cloudfront.net/card/2737/card_img/36950/2751card_2.jpg,500000,"국내전용 [300,000]원 / 해외겸용 [300,000]원",신용,"{'프리미엄': '메탈 플레이트 제공, 발급 수수료 10만원 또는 10만 M포인트 필요.', '기타 혜택(유의사항 등)': '대한항공 마일리지 적립, 연간 30만원 바우처 제공, 공항 라운지 및 발레파킹 무료 이용 혜택.'}"
삼성 iD ENERGY 카드,삼성카드,https://d1c5n4ri2guedi.cloudfront.net/card/2290/card_img/27723/2290card.png,500000,"국내전용 [20,000]원 / 해외겸용 [20,000]원",신용,"{'교통': '대중교통·택시·전기차 충전요금 10% 결제일 할인, 통합 월 할인한도 5,000원, 전월 이용금액 50만원 이상 시 제공.', '주유': '주유소에서 10,000원 이상 결제 시 10,000원 할인(월 최대 30,000원).', '카페/디저트': '스타벅스 드라이브 스루에서 My DT Pass로 결제 시 30% 할인, 월 한도 5,000원.', '자동차/하이패스': '주차장·대리운전 10% 할인(월 한도 5,000원) 및 엔진오일 교환 시 20,000원 할인, 차량 안전점검 및 타이어 서비스 무료 제공.', '기타 혜택(유의사항 등)': '고속도로 통행료 10% 결제일 할인(월 한도 5,000원, 전월 이용금액 50만원 이상 시 제공).'}"
K-패스 카드,BC 바로카드,https://d1c5n4ri2guedi.cloudfront.net/card/2557/card_img/33458/2557card.png,300000,"국내전용 [6,000]원 / 해외겸용 [6,000]원",신용,"{'교통': '대중교통(버스, 지하철) 결제 시 15% 할인.', '통신': '이동통신요금 5% 할인(대상: KT, SKT, LG U+ 자동이체).', '마트/편의점': '편의점에서 5천원 이상 결제 시 5% 할인.', '카페/디저트': '카페에서 5% 결제일 할인(3천원 이상 결제 시) 제공.', '해외': '해외 결제 시 3% 할인 (USD10 이상 이용 시 적용).', '기타 혜택(유의사항 등)': '디지털 구독 서비스에서 OTT/스트리밍 결제 시 15% 할인 제공.'}"
신한카드 후불하이패스+ (하이패스 전용),신한카드,https://d1c5n4ri2guedi.cloudfront.net/card/884/card_img/21657/884card.png,0,"국내전용 [2,000]원",신용,"{'자동차/하이패스': '하이패스 이용 시 요금의 0.1%를 마이신한포인트로 적립하고, 출퇴근 시간대에 통행료 20%~50% 자동 할인 혜택 제공.', '기타 혜택(유의사항 등)': '후불 하이패스 전용 로컬 카드로, 기존 신용카드 소지 회원만 추가 발급 가능.'}"
#Pay 신한카드,신한카드,https://d1c5n4ri2guedi.cloudfront.net/card/2258/card_img/21008/2258card.png,300000,"국내전용 [27,000]원 / 해외겸용 [30,000]원",신용,"{'간편결제': '7개 간편결제 이용 시 국내 거래에서 5% 마이신한포인트 적립.', '기타 혜택(유의사항 등)': '#Pay 신한카드는 전월 이용금액에 따라 최대 3만 포인트까지 적립 가능하며, 특정 거래는 적립 제외됩니다.'}"
the Green Edition3,현대카드,https://d1c5n4ri2guedi.cloudfront.net/card/2753/card_img/36948/2753card_2.png,500000,"국내전용 [150,000]원 / 해외겸용 [150,000]원",신용,"{'프리미엄': '메탈 플레이트 제공, 발급 수수료 10만원 또는 10만 M포인트 필요.', '기타 혜택(유의사항 등)': '국내외 가맹점 1.5% M포인트 적립, 여행 및 해외 영역 5% 적립, M 긴급적립 서비스 제공, 공항 라운지 연간 5회 무료 이용 및 발레파킹 무료 이용 혜택.'}"
신한카드 The CLASSIC+,신한카드,https://d1c5n4ri2guedi.cloudfront.net/card/15/card_img/20097/15card.png,300000,"해외겸용 [120,000]원",신용,"{'주유': 'GS칼텍스 주유 시 리터당 40원 할인, 월 40만원까지 적용.', '카페/디저트': '스타벅스에서 7,000원 이상 구매 시 3,000원 할인, 월 1회, 연 6회 제공.', '항공마일리지': '대한항공 또는 아시아나항공 마일리지 적립 서비스로, 전월 이용금액에 따라 기본 및 추가 마일리지 적립이 제공됩니다.', '공항라운지/PP': 'The CLASSIC+ 아멕스 Platinum카드로 전세계 1,200여개 해외 공항 VIP라운지를 무료 이용할 수 있습니다.', '기타 혜택(유의사항 등)': 'The CLASSIC+ 카드로 매년 1회 선택 가능한 Gift Option 서비스 제공 (신세계 상품권, 패밀리 레스토랑 이용권, LG전자 이용권, 호텔 통합 이용권, 마이신한포인트).'}"
스카이패스 티타늄 카드,KB국민카드,https://d1c5n4ri2guedi.cloudfront.net/card/2327/card_img/24806/2327card.png,0,"국내전용 [45,000]원 / 해외겸용 [45,000]원",신용,"{'공항라운지/PP': '공항 라운지 무료 이용 서비스 연 2회 제공 (본인 + 가족카드 합산, 전월 30만원 이상 이용 시).', '프리미엄': '프리미엄 마스터카드는 국내 특급호텔 할인, 여행 예약 시 추가 할인, 골프장 및 라이프 서비스 할인, 쇼핑 포인트 적립 혜택을 제공합니다.', '해외': '해외 이용 시 대한항공 1마일 추가 적립, 총 2마일 적립.', '기타 혜택(유의사항 등)': '대한항공 1마일 기본 적립(1천원당 1마일, 월 5천마일 한도), 면세점에서 추가 1마일 적립, 인천공항 및 국내 호텔에서 무료 발레파킹 서비스 제공(월 3회, 연 12회, 전월 30만원 이상 이용 시).'}"
트레이더스신세계 삼성카드,삼성카드,https://d1c5n4ri2guedi.cloudfront.net/card/72/card_img/27714/72card.png,400000,"국내전용 [15,000]원 / 해외겸용 [15,000]원",신용,"{'통신': '이동통신 요금 자동납부 시 5% 청구할인 제공, 전월 이용금액 40만원 이상 시 월 최대 5,000원 할인.', '마트/편의점': '트레이더스에서 결제 시 전월 이용금액에 따라 1%~5% 청구할인 제공, 월 할인한도는 최대 50,000원.', '카페/디저트': '커피전문점에서 5% 결제일 할인(청구할인), 월 최대 5,000원 한도, 전월 이용금액 40만원 이상 시 제공.', '병원/약국': '병원과 약국에서 전월 이용금액에 따라 최대 10,000원의 할인 혜택을 제공합니다.', '교육/육아': '학원, 서점, 학습지, 인터넷강의 결제 시 5% 청구할인 제공 (전월 이용금액 40만원 이상 시).', '기타 혜택(유의사항 등)': '신세계백화점에서 5% 전자할인쿠폰, 무료주차권 제공 및 1,000원당 2 포인트 적립.'}"
BC 바로 MACAO 카드,BC 바로카드,https://d1c5n4ri2guedi.cloudfront.net/card/2728/card_img/36134/2728card.png,300000,"국내전용 [12,000]원 / 해외겸용 [12,000]원",신용,"{'주유': '모든 주유소에서 주유량에 따라 최대 10% 할인 제공.', '마트/편의점': '대형마트에서 장보기 시 결제 금액에 따라 최대 10% 할인 혜택 제공.', '프리미엄': '해외겸용 카드에 MasterCard Platinum/VISA Platinum 기본 서비스 제공, 해외 결제 시 수수료 발생.', '해외': '해외 전 가맹점에서 전월 실적, 한도 없이 2% 할인 제공.', '기타 혜택(유의사항 등)': '카드 이용 시 전월 30만원 이상 시 주유/장보기 할인 최대 5만원 제공.'}"
K-패스 삼성카드,삼성카드,https://d1c5n4ri2guedi.cloudfront.net/card/2558/card_img/33441/2558card.png,400000,"국내전용 [10,000]원 / 해외겸용 [10,000]원",신용,"{'교통': '대중교통 이용 시 10% 할인 및 K-패스 마일리지 적립 혜택 제공.', '쇼핑': '온라인쇼핑 3% 할인, 전월 이용금액에 따라 최대 8,000원 할인.', '카페/디저트': '커피전문점에서 20% 할인, 전월 이용금액에 따라 최대 8,000원 할인.', '기타 혜택(유의사항 등)': '디지털 콘텐츠 및 멤버십 정기결제 시 최대 20% 할인 제공.'}"
삼성카드 BIZ LEADERS,삼성카드,https://d1c5n4ri2guedi.cloudfront.net/card/780/card_img/28070/780card.png,0,"국내전용 [20,000]원 / 해외겸용 [20,000]원",신용,"{'기타 혜택(유의사항 등)': '- 국내외 가맹점 0.5% 할인, 온라인쇼핑몰·주유·할인점 3% 할인, 4대 사회보험·손해보험·전기요금·이동통신·인터넷 10% 할인, 4대 사회보험 자동납부 시 납부대행수수료 0.8% 할인 제공.'}"
삼성 BIZ iD BENEFIT카드,삼성카드,https://d1c5n4ri2guedi.cloudfront.net/card/2324/card_img/28095/2324card.png,300000,"국내전용 [30,000원] / 해외겸용[30,000원]",신용,"{'공과금/렌탈': '부가세환급 편의지원서비스와 전자세금계산서 월 250건 무료 제공.', '비즈니스': '사업 필수 경비에 대해 1.5% 결제일 할인이 제공되며, 통합 월 할인한도는 30만원입니다.', '기타 혜택(유의사항 등)': '국내 가맹점에서 결제 시 0.5% 할인, 사업 운영 지원 항목에서 3% 할인 제공.'}"
MG+ W 하나카드,MG새마을금고,https://d1c5n4ri2guedi.cloudfront.net/card/2909/card_img/44926/2909card.png,300000,"국내전용 [19,000]원 / 해외겸용 [19,000]원",신용,"{'쇼핑': '홈쇼핑, 이마트, 롯데마트, 홈플러스, 올리브영, 다이소에서 5% 청구할인 제공.', '병원/약국': '병원 및 약국 업종에서 5% 청구할인 제공.', '레저/스포츠': '레저/스포츠 업종에서 5% 청구할인 제공.', '기타 혜택(유의사항 등)': '입시/보습학원 등에서 5% 청구할인 제공, 매월 최초 결제 건에 한해 1회 할인.'}"
신한카드 Air Platinum#,신한카드,https://d1c5n4ri2guedi.cloudfront.net/card/12/card_img/20094/12card.png,0,"해외겸용 [40,000]원",신용,"{'항공마일리지': '대한항공 또는 아시아나항공 마일리지를 적립할 수 있으며, 대한항공은 1,500원당 1마일, 아시아나항공은 1,000원당 1마일이 적립됩니다.', '프리미엄': '특급 호텔 발렛파킹 및 면세점 우대 서비스 제공.', '기타 혜택(유의사항 등)': '마이신한포인트 적립: 실내/실외 골프장 1%, 해외가맹점 1%, S-OIL/현대오일뱅크 리터당 60포인트, 주요 패션/요식 거리 2% 적립.'}"
JADE First Centum,하나카드,https://d1c5n4ri2guedi.cloudfront.net/card/2705/card_img/34596/2705card_1.png,500000,"국내전용 [995,000]원 / 해외겸용 [1,000,000]원",신용,"{'자동차/하이패스': '주유 리터당 200하나머니 및 EV충전 50% 적립, 월 최대 3만 하나머니, 제휴 주차장 무료 주차 월 2회 제공.', '공항라운지/PP': '전세계 공항 라운지 무료 이용(연 10회, 일 3회) 제공, 국내외겸용카드 소지자에 한함.', '기타 혜택(유의사항 등)': '- [PREMIUM VOUCHER] 특급호텔 숙박 1박 패키지 또는 해외/항공/면세/여행 60만원 청구 할인 제공 (연 1회).\n- [DINING VOUCHER] 특급호텔 레스토랑 20만원 현장 할인 제공 (연 1회).\n- [BONUS VOUCHER] 연 누적 이용금액에 따라 골프/프리미엄 아울렛 50% 청구 할인 제공.\n- [기본적립] 국내 가맹점 1.5%~1.0% 하나머니 적립.\n- [특별적립] 특정 영역에서 3.0% 하나머니 적립 제공. \n- [SPECIAL PLATE] 특수 소재 카드 신청 가능 (발급수수료 10만원).'}"
카카오뱅크 개인사업자 삼성카드,삼성카드,https://d1c5n4ri2guedi.cloudfront.net/card/2420/card_img/28101/2420card.png,500000,"국내전용 [15,000]원 / 해외겸용 [15,000]원",신용,"{'비즈니스': '- 사업 필수 경비 5% 결제일 할인: 4대 사회보험, 전기요금, 주유, 전기차 충전요금, 할인점에서 제공.\n- 사업장 운영 경비 1.5% 결제일 할인: 이동통신, 인터넷·유선통신, 식자재몰, 렌탈, 방역, 보안 서비스에서 제공.', '기타 혜택(유의사항 등)': '온라인 간편결제, 커피전문점, 해외 결제 시 1.5% 할인, 국내 가맹점 1% 할인 제공.'}"
신한카드 The CLASSIC-Y,신한카드,https://d1c5n4ri2guedi.cloudfront.net/card/8/card_img/20090/8card.png,0,"해외겸용 [100,000]원",신용,"{'주유': 'GS칼텍스 주유 시 리터당 60원 할인, 월 30만원까지 적용.', '프리미엄': '국제브랜드사 서비스에 대한 상세 안내는 각 브랜드사 홈페이지를 참조해야 하며, 제공 내용은 상이할 수 있습니다.', '기타 혜택(유의사항 등)': 'The CLASSIC-Y 카드로 연회비 납부 후 매년 1회 선택 가능한 Gift Option 서비스 제공.'}"
zgm.휴가중카드,NH농협카드,https://d1c5n4ri2guedi.cloudfront.net/card/2464/card_img/28156/2464card.png,500000,"국내전용 [25,000]원 / 해외겸용 [25,000]원",신용,"{'공항라운지/PP': '전 세계 공항 라운지를 월 1회, 연 2회 무료 이용할 수 있으며, 전월 실적 40만원 이상 시 이용 가능.', '프리미엄': 'Mastercard Titanium/Platinum 선택 서비스 및 기본 서비스 제공.', '해외': '해외 이용액에 따라 2~5% NH포인트 적립, 전월실적에 따라 추가적립 가능.', '기타 혜택(유의사항 등)': '국내 모든 가맹점에서 0.5% NH포인트 기본적립, 항공권 및 면세점 업종에서 추가 0.5% 적립, 호텔스닷컴 이용 시 20% 즉시할인 제공, 여행자보험 무료 가입.'}"
현대카드Z everyday,현대카드,https://d1c5n4ri2guedi.cloudfront.net/card/2883/card_img/44419/2883card_1.png,500000,"국내전용 [20,000]원 / 해외겸용 [20,000]원",신용,"{'프리미엄': '메탈 플레이트 제공, 발급 수수료 10만원, 신청 후 평균 3주 소요.', '기타 혜택(유의사항 등)': '전월 이용 금액 50만원 이상 시 9개 영역에서 최대 5% 청구 할인 제공.'}"
HERITAGE Classic [스카이패스형],KB국민카드,https://d1c5n4ri2guedi.cloudfront.net/card/2781/card_img/38287/2781card.png,500000,"국내전용 [157,000]원 / 해외겸용 [157,000]원",신용,"{'자동차/하이패스': '자동차 라이프 영역(주차/세차)에서 전월 이용실적 50만원 이상 시 10% 청구할인 제공.', '공항라운지/PP': '전세계 공항 라운지 연 3회 무료 이용(동반 1인 포함), 전월 50만원 이상 이용 시 제공.', '프리미엄': 'HERITAGE Classic(할인형) 카드 소지자는 Mastercard 및 JCB Platinum 서비스와 함께 국내공항 및 호텔 발레파킹 서비스, KB국민은행 거래 시 수수료 감면/면제, 무료 문자알림 서비스 등을 이용할 수 있습니다.', '기타 혜택(유의사항 등)': '대한항공 카드로 국내외 가맹점에서 1,500원당 1마일리지, 생활밀착 4개 영역 및 Flex 영역에서 1,500원당 2마일리지 적립 가능.'}"
신한카드 The BEST+,신한카드,https://d1c5n4ri2guedi.cloudfront.net/card/993/card_img/44119/993card.png,0,"해외겸용 [295,000]원",신용,"{'항공마일리지': '항공 마일리지 적립 서비스로, 전월 이용실적에 따라 특별적립 또는 기본적립이 제공되며, 스카이패스 또는 아시아나클럽 중 선택하여 마일리지를 적립할 수 있습니다.', '공항라운지/PP': 'The Lounge Members를 통해 전 세계 1,100여개 공항 라운지를 월 4회, 연 20회 무료 이용할 수 있습니다.', '프리미엄': '국제 브랜드사 서비스 제공 (플래티늄 등급 선택 시).', '기타 혜택(유의사항 등)': 'The BEST+ 카드 고객에게 매년 1회 호텔, 스파, 면세점 중 선택 가능한 23만원 상당의 Gift Option 제공.'}"
SKYPASS 롯데 아멕스카드,롯데카드,https://d1c5n4ri2guedi.cloudfront.net/card/432/card_img/30755/432card.png,0,"해외겸용 [20,000]원",신용,"{'기타 혜택(유의사항 등)': '대한항공 SKYPASS 카드로 국내 결제 1,000원당 1마일, 해외 결제 1,000원당 2마일 적립 가능.'}"
신한카드 Discount Plan,신한카드,https://d1c5n4ri2guedi.cloudfront.net/card/2836/card_img/41608/2836card.png,400000,"국내전용 [15,000]원 / 해외겸용 [15,000]원",신용,"{'교통': '교통 영역에서 주유, 카쉐어링, 택시 결제 시 각각 5% 할인, 월 최대 5회, 1회 5만원 한도.', '쇼핑': '쇼핑 영역에서 마트, 온라인쇼핑, 잡화에서 각각 일 1회, 월 5회까지 10% 할인 제공, 단 할인 한도는 5만원까지.', 'OTT/영화/문화': 'CGV, 롯데시네마에서 영화 예매 시 월 1회 5천원 할인 (1만 2천원 이상 결제 시).', '기타 혜택(유의사항 등)': '신한카드 할인 서비스는 다양한 영역에서 결제일 할인 혜택을 제공하며, 특정 조건에 따라 할인 한도가 다르게 적용됩니다.'}"
Mile1 하나카드,하나카드,https://d1c5n4ri2guedi.cloudfront.net/card/2572/card_img/30116/2572card.png,0,"국내전용 [20,000원] / 해외겸용 [20,000원]",신용,"{'항공마일리지': '항공마일리지 적립은 저비용항공사에서 1,500원당 45 UniMile, 해외 전가맹점에서 1,500원당 35 UniMile, 온라인 쇼핑에서 1,500원당 15 UniMile 적립 가능.', '공항라운지/PP': '인천공항 라운지 무료 입장 및 특정 항공사에서 초과 위탁수하물 5kg 무료 서비스 제공.', '프리미엄': 'UPI 플래티늄 서비스가 제공되는 국내외겸용카드입니다.', '기타 혜택(유의사항 등)': 'UniMile은 6개 저비용항공사에서 유료서비스 결제 시 사용할 수 있는 통합 포인트로, 전액 사용만 가능하며 유효기간은 5년이다.'}"
모니모A 카드,삼성카드,https://d1c5n4ri2guedi.cloudfront.net/card/2631/card_img/31783/2631card.png,300000,"국내전용 [10,000]원 / 해외겸용 [10,000]원",신용,"{'카페/디저트': '스타벅스에서 5,000원 이상 결제 시 5,000원 할인, 월 1회 제공.', '기타 혜택(유의사항 등)': '모니모A 카드로 국내외 가맹점에서 0.5%/1% 모니머니 리워드를 적립하고, 보험 이용 시 추가 9% 적립, 생활 필수 영역에서 1% 추가 적립 혜택을 제공합니다.'}"
모니모카드,삼성카드,https://d1c5n4ri2guedi.cloudfront.net/card/2349/card_img/28096/2349card.png,300000,"국내전용 [10,000원] / 해외겸용 [10,000원]",신용,"{'교통': '대중교통 및 택시 이용 시 10% 결제일 할인 제공, 월 할인한도 5,000원.', '기타 혜택(유의사항 등)': '- 선택형 옵션 서비스 1: 온라인패션·오늘의집 30% 할인 또는 스타벅스 50%, 교보문고·스트리밍 30% 할인 제공.\n- 선택형 옵션 서비스 2: 온라인쇼핑몰, 편의점·다이소·올리브영, 해외에서 각각 7% 할인 제공.\n- 생활: 이동통신요금·아파트 관리비 10% 할인 제공.\n- 배달앱: 배달의민족, 요기요, 쿠팡이츠에서 10% 할인 제공.'}"
MY S-OIL 삼성카드,삼성카드,https://d1c5n4ri2guedi.cloudfront.net/card/2539/card_img/29505/2539card.png,300000,"국내전용 [20,000원] / 해외겸용 [20,000원]",신용,"{'주유': 'S-OIL 주유 시 10% 결제일 할인 제공, 전월 이용금액에 따라 월 할인 한도 차등 적용.', '카페/디저트': '스타벅스 드라이브스루에서 MY DT Pass로 결제 시 30% 할인(월 한도 5,000원, 전월 이용금액 30만원 이상 시 제공).', '자동차/하이패스': '고속도로 통행료 10% 결제일 할인, 월 할인한도 5,000원, 전월 이용금액 30만원 이상 시 제공.', '기타 혜택(유의사항 등)': '주차장과 대리운전 이용 시 10% 할인 제공, 월 할인한도 5,000원, 전월 이용금액 30만원 이상 시 적용.'}"
카카오뱅크 삼성카드,삼성카드,https://d1c5n4ri2guedi.cloudfront.net/card/592/card_img/28060/592card.png,0,"국내전용 [7,000]원 / 해외겸용 [7,000]원",신용,"{'마트/편의점': '마트, 슈퍼마켓, 편의점에서 1% 할인 혜택 제공.', 'OTT/영화/문화': '넷플릭스, 웨이브, 멜론 20% 할인 및 CGV, 롯데시네마 5천원 할인 제공 (전월 이용금액 50만원 이상 시).', '기타 혜택(유의사항 등)': '국내외 온오프라인 가맹점 0.5% 할인, 커피 및 대중교통 5% 할인, 쇼핑 및 배달앱 3% 할인 (전월 이용금액 50만원 이상 시 제공).'}"
금융포인트리카드,KB국민카드,https://d1c5n4ri2guedi.cloudfront.net/card/578/card_img/21317/578card.png,0,"해외겸용 [5,000]원",신용,"{'기타 혜택(유의사항 등)': 'KB국민 금융포인트리카드는 결제 실적에 따라 0.5%~5%의 금융포인트를 적립하며, KB증권 거래 시 매매수수료의 5%를 추가 적립할 수 있습니다.'}"
신한카드 Simple Platinum#,신한카드,https://d1c5n4ri2guedi.cloudfront.net/card/21/card_img/32302/21card.png,300000,"해외겸용 [30,000]원",신용,"{'OTT/영화/문화': 'CGV, 메가박스에서 온라인 영화 예매 시 최대 3,000원 할인 제공.', '프리미엄': '프리미엄 카드 혜택: 인천공항 발렛파킹 무료(월 3회), 공항 내 무료 커피 및 레스토랑 할인, 특급호텔 레스토랑 및 객실 할인, 주요 패션/요식 거리 이용금액 2% 적립, 주차 후 무료주차 서비스 제공.', '기타 혜택(유의사항 등)': '국내외 가맹점 1% 캐시백, 생활밀착 가맹점에서 총 1.7% 캐시백, 서울랜드 50% 할인 제공.'}"
T나는혜택 삼성카드,삼성카드,https://d1c5n4ri2guedi.cloudfront.net/card/2477/card_img/28409/2477card.png,300000,"국내전용 [20,000]원 / 해외겸용 [20,000]원",신용,"{'기타 혜택(유의사항 등)': '- SKT에서 단말기 구매 시 24개월 라이트할부 제공, 최소 10만원 이상 결제 시 이용 가능.\n- 통신요금 15,000원 이상 정기결제 시 전월 이용금액에 따라 월 최대 16,000원 할인.'}"
롯데백화점 롯데카드,롯데카드,https://d1c5n4ri2guedi.cloudfront.net/card/201/card_img/20421/201card.png,300000,"국내전용 [10,000]원 / 해외겸용 [15,000]원",신용,"{'기타 혜택(유의사항 등)': '롯데백화점에서 롯데카드로 결제 시, 지난달 실적에 따라 최대 15% 청구할인과 5% 현장할인을 받을 수 있습니다.'}"
American Express The Platinum Card®Edition2,현대카드,https://d1c5n4ri2guedi.cloudfront.net/card/2664/card_img/32408/2664card.png,500000,"해외겸용 [1,000,000]원",신용,"{'공항라운지/PP': '전 세계 공항 라운지 연 10회 무료 이용 및 공항 리무진/철도 티켓 연 12회 무료 제공.', '프리미엄': '- 본인 회원에게 메탈 플레이트 제공, 재발급 시 수수료 10만원 부과.\n- 인천국제공항 및 국내 특급호텔에서 월 5회 무료 발레파킹 제공, 전월 이용 금액 50만원 이상 시 적용.\n- 호텔 델리/레스토랑 및 패밀리 레스토랑에서 최대 3만원 할인, 전월 이용 금액 50만원 이상 시 제공.\n- 전 세계 1,100개 이상의 호텔에서 얼리 체크인, 조식 2인, 호텔 크레딧 100달러 등 혜택 제공.\n- Amex 브랜드 프리미엄 서비스인 PLATINUM ELITE 서비스 제공, 전월 이용 금액 50만원 이상 시 이용 가능.', '기타 혜택(유의사항 등)': '대상점에 따라 이용 금액 1,000원당 최대 5MR 적립, 연 1회 85만원 상당 바우처 제공.'}"
신협-신한카드 Hi-Point,신협,https://d1c5n4ri2guedi.cloudfront.net/card/1584/card_img/22633/1584card.png,0,"해외겸용 [8,000]원",신용,"{'주유': 'S-OIL 및 현대오일뱅크 주유 시 리터당 60원 마이신한포인트 적립, 월 2회, 주유금액 20만원까지.', '통신': 'SK텔레콤/KT/LG U+ 이동통신요금 자동이체 시 1.0~5.0% 포인트 적립, 월 10만원 한도.', '쇼핑': '롯데/현대백화점, 롯데마트/이마트/홈플러스/토이저러스, CJ오쇼핑/CJmall에서 1.0~5.0% 마이신한포인트 적립.', '기타 혜택(유의사항 등)': '전국 가맹점 0.2~2.0% 적립, 해외 가맹점 1.0~5.0% 적립, 신한금융투자 CMA 계좌 지정 시 0.2% 추가 적립, 다양한 할인 및 적립 혜택 제공.'}"
Easy link 티타늄카드,KB국민카드,https://d1c5n4ri2guedi.cloudfront.net/card/551/card_img/21256/551card.png,500000,"국내전용 [30,000]원 / 해외겸용 [32,000]원",신용,"{'통신': '통신요금 자동납부 시 전월실적 100만원 이상 이용 시 5천원 청구할인 제공.', 'OTT/영화/문화': '영화 3천원 청구할인 (전월실적 50만원 이상, 건당 1만원 이상 이용 시 월 1회 제공).', '프리미엄': '티타늄 서비스는 전월 이용실적 30만원 이상 시 공항/호텔 발레파킹 및 공항 라운지를 제공합니다.', '기타 혜택(유의사항 등)': '자동납부 2건 이상 시 5천원, 4건 이상 시 1만원 캐시백 제공.'}"
탄탄대로 Biz 카드,KB국민카드,https://d1c5n4ri2guedi.cloudfront.net/card/697/card_img/22171/697card.png,400000,"국내전용 [15,000]원 / 해외겸용 [15,000]원",신용,"{'기타 혜택(유의사항 등)': '- SK, GS칼텍스 주유소 리터당 100점 또는 130점 포인트리 적립, 대형할인점 및 인터넷쇼핑몰에서 10% 또는 20% 포인트리 적립.'}"
BC 바로 KaPick,BC 바로카드,https://d1c5n4ri2guedi.cloudfront.net/card/2724/card_img/36084/2724card.png,150000,"국내전용 [15,000]원 / 해외겸용 [15,000]원",신용,"{'쇼핑': '쇼픽 그룹에서 쿠팡, G마켓, 올리브영 등에서 7% 적립 혜택 제공.', '푸드': '푸드 카테고리에서 쇼픽 그룹 가맹점 이용 시 7% 적립.', '프리미엄': 'MasterCard Platinum 등급의 기본 서비스로 해외겸용 카드 사용 시 호텔/공항 발렛파킹 및 공항 라운지 입장이 제공되지 않음.', '해외': '해외 온/오프라인 결제 시 2% 적립.', '기타 혜택(유의사항 등)': '바로카드 Pick!에서 생픽 그룹으로 통신, 교통, 영화 분야에서 7% 적립 가능.'}"
THE iD. PLATINUM(포인트),삼성카드,https://d1c5n4ri2guedi.cloudfront.net/card/2460/card_img/28298/2460card.png,500000,"국내전용 [215,000]원 / 해외겸용 [220,000]원",신용,"{'카페/디저트': '스타벅스에서 10,000원 이상 결제 시 월 1회 3,000원 할인 제공, 전월 이용금액 50만원 이상 시 적용.', '공항라운지/PP': '국내외 공항 라운지 본인 이용 무료 혜택을 연 6회 제공하며, 전월 이용금액 50만원 이상 시 이용 가능.', '프리미엄': 'Mastercard WORLD 등급의 국제브랜드 서비스 제공.', '기타 혜택(유의사항 등)': '매년 5가지 기프트 중 1가지를 선택할 수 있으며, 카드 발급 첫 해 50만원, 이후 600만원 이상 이용 시 신청 가능.'}"
로얄블루1000카드 [SKYPASS],우리카드,https://d1c5n4ri2guedi.cloudfront.net/card/1731/card_img/22383/1731card.png,0,"해외겸용 [1,000,000]원",신용,"{'주유': '현대오일뱅크와 에쓰오일 주유 시 60원/ℓ 청구 할인, 월 최대 30만원 한도.', '쇼핑': '국내 명품, 뷰티, 스파, 다이닝에서 5~20% 할인 혜택 제공, 전월 30만원 이상 이용 시 쿠폰북 제공.', '항공마일리지': '해외, 면세점, 항공사, 여행사 결제 시 대한항공형은 1,500원당 2 마일리지, 아시아나형은 1,000원당 2 마일리지 적립.', '공항라운지/PP': '전세계 600여 공항라운지 무료 이용이 가능한 Priority Pass 멤버십 카드 제공.', '프리미엄': '로얄블루 CONCIERGE 센터와 글로벌 CONCIERGE 서비스로 호텔, 공연, 레스토랑, 골프장 예약 및 정보 제공, VVIP 의전 서비스가 전월 30만원 이상 이용 시 제공됩니다.', '여행/숙박': '로얄블루1000카드는 국제선 항공권 9% 할인, 국내외 호텔 및 콘도 5~10% 할인, KTX 승차권 10% 할인, 제주도 렌터카 48H 무료 제공, 여행 관련 무료 보험 서비스, 해외여행 긴급 의료지원서비스를 제공합니다.', '기타 혜택(유의사항 등)': '로얄블루1000카드는 아시아지역 왕복항공권 업그레이드, 비즈니스 동반자 무료, 해외 동반 여행 할인, 골프 그린피 무료, 특급호텔 멤버십 및 숙박권 제공 등의 다양한 혜택을 연 1회 제공합니다.'}"
K-패스엔로카,롯데카드,https://d1c5n4ri2guedi.cloudfront.net/card/2799/card_img/39414/2799card.png,400000,"국내전용 [20,000]원 / 해외겸용 [20,000]원",신용,"{'교통': 'K-패스를 통해 대중교통비를 20%~53% 환급받을 수 있으며, 회원 등록이 필요합니다.', '기타 혜택(유의사항 등)': '대중교통 및 생활비 결제 시 최대 15% 할인 혜택 제공.'}"
I-어디로든 그린카드,IBK기업은행,https://d1c5n4ri2guedi.cloudfront.net/card/2610/card_img/31261/2610card.png,300000,"국내전용 [15,000]원",신용,"{'교통': '대중교통 이용 시 10% 적립, 월 최대 5천 포인트.', '카페/디저트': '커피전문점에서 10% 적립, 월 최대 5천 포인트.', '기타 혜택(유의사항 등)': '에코머니 포인트는 그린카드 이용 시 적립되며, 다양한 방법으로 사용 가능하다.'}"
마일리지 가온카드(대한항공),KB국민카드,https://d1c5n4ri2guedi.cloudfront.net/card/113/card_img/20271/113card.png,0,"국내전용 [15,000]원 / 해외겸용 [20,000]원",신용,"{'항공마일리지': '국내 가맹점에서 1,500원당 1마일리지, 해외 가맹점 및 면세점에서 1,500원당 2마일리지 적립.', '기타 혜택(유의사항 등)': 'KB국민 마일리지 가온카드는 적립대상 가맹점에서 카드 이용 시 마일리지를 적립해줍니다.'}"
모바일엔디지로카,롯데카드,https://d1c5n4ri2guedi.cloudfront.net/card/2718/card_img/35577/2728card.png,400000,"국내전용 [20,000]원 / 해외겸용 [20,000]원",신용,"{'통신': 'SKT, KT, LG U+ 및 알뜰폰 월 최대 20,000원 결제일 할인 제공.', '기타 혜택(유의사항 등)': '모바일엔디지로카는 카드 발급 후 첫 달에 최대 20,000원 할인 혜택을 제공하며, 이동통신 요금 자동납부 시 결제일 할인 혜택이 있습니다.'}"
신한카드 Simple Plan+,신한카드,https://d1c5n4ri2guedi.cloudfront.net/card/2950/card_img/47445/2950card_1.png,0,"국내전용 [47,000]원 / 해외겸용 [50,000]원",신용,"{'기타 혜택(유의사항 등)': '국내 1.5%, 해외 2% 결제일 할인, 5만원 이상 국내 결제 시 2~3개월 무이자 할부, 가족카드 분기 150만원 이상 시 1만원 캐시백, 마트/병원/주유 3만원 이상 결제 시 최초 1회 3만원 캐시백 제공.'}"
신한카드 처음,신한카드,https://d1c5n4ri2guedi.cloudfront.net/card/2694/card_img/33709/2694card_1.png,300000,"국내전용 [15,000]원 / 해외겸용 [18,000]원",신용,"{'기타 혜택(유의사항 등)': '신한카드 처음은 음식점, 카페, 편의점, 온라인쇼핑에서 5% 적립, 생활, 여행, 패션에서 5% 적립, 통신, OTT, 멤버십에서 최대 20% 적립, 소비관리 보너스 적립 서비스로 계획소비와 즉시결제에서 포인트를 적립할 수 있습니다.'}"
카드의정석 MILEAGE SKYPASS,우리카드,https://d1c5n4ri2guedi.cloudfront.net/card/548/card_img/23980/0548card.png,500000,"국내전용 [39,000]원 / 해외겸용 [39,000]원",신용,"{'공항라운지/PP': '전 세계 공항라운지를 월 1회, 연 3회 무료 이용할 수 있으며, 전월 실적 50만원 이상 시 제공된다.', '기타 혜택(유의사항 등)': '대한항공 카드 이용 시 1,000원당 1마일 적립, 해외 일시불 시 추가 1마일 적립(월 2천 마일 한도).'}"
카카오뱅크 줍줍 신한카드,신한카드,https://d1c5n4ri2guedi.cloudfront.net/card/2858/card_img/43775/%EC%A4%8D%EC%A4%8D-%EC%8B%A0%ED%95%9C%EC%B9%B4%EB%93%9C_1.png,0,"국내전용 [18,000]원 / 해외겸용 [18,000]원",신용,"{'기타 혜택(유의사항 등)': '카카오뱅크 줍줍 신한카드는 국내외 이용금액의 1%를 캐시백 제공하며, 월 최대 2만원까지 적립됩니다.'}"
삼성카드 taptap S,삼성카드,https://d1c5n4ri2guedi.cloudfront.net/card/52/card_img/27708/52card.png,500000,"국내전용 [10,000]원 / 해외겸용 [10,000]원",신용,"{'주유': '모든 주유소 및 LPG충전소에서 5만원 이상 결제 시 2,000원 청구할인 제공.', 'OTT/영화/문화': '모든 영화관에서 1만원 이상 현장 결제 시 5,000원 청구할인, 월 2회, 연 12회 제공.', '기타 혜택(유의사항 등)': '모든 가맹점에서 전월 이용금액 관계없이 1% 빅포인트 적립.'}"
카카오뱅크 롯데카드,롯데카드,https://d1c5n4ri2guedi.cloudfront.net/card/2226/card_img/21355/2226card.png,0,"국내전용 [15,000]원 / 해외겸용 [15,000]원",신용,"{'프리미엄': '플래티넘 등급의 VISA 또는 MASTER 서비스 제공.', '기타 혜택(유의사항 등)': '국내외 결제 시 0.5% 캐시백, 스페셜 가맹점에서 1만원 이상 결제 시 5% 캐시백 제공 (월 최대 30만원 한도).'}"
삼성 iD AUTO 카드,삼성카드,https://d1c5n4ri2guedi.cloudfront.net/card/2618/card_img/31391/2618card.png,500000,"국내전용 [49,000]원 / 해외겸용 [49,000]원",신용,"{'주유': '모든 주유소에서 전월 이용금액에 따라 리터당 70원 또는 90원 할인 제공.', '자동차/하이패스': '주차장, 하이패스, 대리운전 결제 시 10% 할인 제공.', 'OTT/영화/문화': '영화 12,000원 이상 결제 시 5,000원 할인 (월 1회, 전월 이용금액 50만원 이상 시 제공).', '기타 혜택(유의사항 등)': '- 국내외 가맹점 0.5% 결제일 할인 제공.\n- 생활필수영역 1.5% 결제일 할인 제공.\n- 차량 점검 서비스: 엔진오일 교환 시 20,000원 할인, 안전점검 무료, 타이어 펑크 수리 및 위치 교환 무료.'}"
배민 신한카드 밥친구,신한카드,https://d1c5n4ri2guedi.cloudfront.net/card/2884/card_img/44250/2884card.png,200000,"국내전용 [12,000]원 / 해외겸용 [15,000]원",신용,{'기타 혜택(유의사항 등)': '배달의민족 이용 시 5% 할인(전월 20만원 이상 이용 시 최대 3만원 한도) 및 국내외 가맹점 이용 시 1% 할인 제공.'}
후불하이패스 카드,하나카드,https://d1c5n4ri2guedi.cloudfront.net/card/1032/card_img/21503/1032card.png,0,"국내전용 [5,000]원",신용,"{'자동차/하이패스': '하나 후불하이패스는 신용카드 기능이 없는 후불하이패스 전용카드로, 한국의 모든 고속도로에서 사용 가능하며 출퇴근 시간대 통행료 최대 50% 자동할인 혜택이 있습니다.'}"
NU 후불하이패스,우리카드,https://d1c5n4ri2guedi.cloudfront.net/card/1787/card_img/28782/1787card.png,0,"국내전용 [2,000]원",신용,"{'자동차/하이패스': '후불 하이패스 카드는 고속도로 통행료 결제 전용으로, 일반 가맹점에서는 사용 불가하며, 평일 출퇴근 시간대 통행료 20~50% 할인 혜택이 있습니다.', '기타 혜택(유의사항 등)': '후불 하이패스카드는 하이패스 기능만 제공되며, 연간 600만원 이상 이용 시 다음해 연회비가 면제됩니다.'}"
카카오페이 신용카드,삼성카드,https://d1c5n4ri2guedi.cloudfront.net/card/764/card_img/28068/764card.png,0,"국내전용 [10,000]원 / 해외겸용 [10,000]원",신용,"{'통신': '이동통신요금 50,000원 이상 자동납부 시 카카오페이포인트 3,000P 적립 (전월 이용금액 30만원 이상 시 제공).', '해외': '해외 가맹점 이용 시 1% 카카오페이포인트 적립.', '기타 혜택(유의사항 등)': '디지털구독 이용 시 스트리밍 정기결제에 대해 10% 카카오페이포인트 적립, 카카오페이 간편결제 시 2% 적립, 전월 이용금액 관계없이 1% 적립.'}"
LOCA LIKIT Shop,롯데카드,https://d1c5n4ri2guedi.cloudfront.net/card/2264/card_img/20702/2264card.png,400000,"국내전용 [10,000]원 / 해외겸용 [10,000]원",신용,"{'마트/편의점': 'GS25, CU, 세븐일레븐에서 60% 결제일 할인 제공.', '쇼핑': '쿠팡, 위메프, 티몬에서 60% 결제일 할인 제공.', '기타 혜택(유의사항 등)': '- 미용실 60% 할인, 쿠팡 로켓와우 및 네이버플러스 멤버십 60% 할인 제공.'}"
K-패스 하나 신용카드,하나카드,https://d1c5n4ri2guedi.cloudfront.net/card/2681/card_img/33461/2681card.png,500000,"국내전용 [17,000]원 / 해외겸용 [17,000]원",신용,"{'교통': '버스와 지하철 이용 시 10% 청구할인, 월 최대 2만원까지 제공.', '카페/디저트': '스타벅스와 커피빈에서 월 5천원 한도로 10% 청구할인 제공.', '기타 혜택(유의사항 등)': '다이소/올리브영에서 10% 청구할인 제공 (일 1천원, 월 1만원 한도).'}"
현대카드 MM,현대카드,https://d1c5n4ri2guedi.cloudfront.net/card/2670/card_img/39633/2670card.png,500000,"국내전용 [70,000]원 / 해외겸용 [70,000]원",신용,"{'공항라운지/PP': '스카이 허브 및 마티나 라운지를 연간 2회, 동반 2인까지 이용할 수 있는 혜택.', '기타 혜택(유의사항 등)': '국내외 가맹점 1.5% M포인트 적립, 온라인몰 및 일반음식점, 해외 가맹점 10% 적립, 최대 50만 M포인트 긴급적립 가능.'}"
Smilecard Edition3,현대카드,https://d1c5n4ri2guedi.cloudfront.net/card/2629/card_img/31741/2629card.png,300000,"국내전용 [20,000]원 / 해외겸용 [20,000]원",신용,"{'기타 혜택(유의사항 등)': '국내외 가맹점 이용 시 0.7% 스마일캐시 적립, 추가 적립 대상점 이용 시 2% 적립.'}"
에버온 EV 카드,KB국민카드,https://d1c5n4ri2guedi.cloudfront.net/card/2789/card_img/39279/2789card.png,400000,"국내전용 [20,000]원 / 해외겸용 [20,000]원",신용,"{'쇼핑': 'G마켓, 옥션, 11번가에서 KB Pay로 결제 시 20% 청구할인, 전월 이용실적 40만원 이상 시 10% 할인, 월 최대 5천원 한도.', '자동차/하이패스': '주차 및 세차 시 20% 청구할인, 월 최대 5천원 한도.', '기타 혜택(유의사항 등)': '전기/수소차 충전 20% 청구할인, OTT 20% 청구할인, 자동차보험 1만원 청구할인 제공.'}"
Easy pick 티타늄 카드,KB국민카드,https://d1c5n4ri2guedi.cloudfront.net/card/580/card_img/21321/580card.png,500000,"국내전용 [30,000]원 / 해외겸용 [30,000]원",신용,"{'교통': '대중교통 이용 시 버스/지하철, 택시 5% 포인트리 적립.', '주유': '주유소/충전소에서 SK, GS 이용 시 5% 포인트리 적립.', '통신': '이동통신 요금 자동이체 시 5% 포인트리 적립.', '마트/편의점': '대형마트(이마트, 롯데마트, 홈플러스)에서 5% 포인트리 적립.', '쇼핑': 'G 마켓, 옥션, 11번가에서 5% 포인트리 적립.', '뷰티/피트니스': '피트니스 관련 업종에서 5% 적립.', '공과금/렌탈': '코웨이 및 청호나이스 정수기 렌탈 시 5% 적립 (자동납부건에 한해 적용).', '공항라운지/PP': '인터넷 쇼핑몰 앱카드 결제 시 5% 포인트리 적립.', '프리미엄': '티타늄 서비스는 전월 이용실적 30만원 이상 시 공항/호텔 발레파킹과 공항 라운지를 제공한다.', '기타 혜택(유의사항 등)': '배달의민족과 마켓컬리에서 카드 결제 시 5% 포인트리 적립.'}"
청춘대로 톡톡카드,KB국민카드,https://d1c5n4ri2guedi.cloudfront.net/card/129/card_img/20358/129card.png,300000,"국내전용 [10,000]원 / 해외겸용 [12,000]원",신용,"{'푸드': '버거/패스트푸드 업종 20% 청구할인, 전월 이용실적 30만원 이상 시 월 할인한도 5천원.', '카페/디저트': '스타벅스 50% 청구할인, 전월 이용실적 30만원 이상 시 월 할인한도 1만원.', '간편결제': '간편결제 이용 시 10% 청구할인(월 최대 5천원, 전월 30만원 이상 이용 시 적용).', '기타 혜택(유의사항 등)': '대중교통, 택시, 이동통신요금 10% 청구할인 (전월 이용실적 30만원 이상 시 월 할인한도 5천원).'}"
신한카드 Simple Plan,신한카드,https://d1c5n4ri2guedi.cloudfront.net/card/2951/card_img/47446/2951card_1.png,0,"국내전용 [15,000]원 / 해외겸용 [18,000]원",신용,"{'기타 혜택(유의사항 등)': '국내 1%, 해외 2% 결제일 할인 및 5만원 이상 국내 결제 시 2~3개월 무이자 할부 제공.'}"
무신사 현대카드,현대카드,https://d1c5n4ri2guedi.cloudfront.net/card/733/card_img/22207/733card.png,300000,"국내전용 [10,000]원 / 해외겸용 [10,000]원",신용,"{'쇼핑': '무신사 및 솔드아웃 결제 시 전월 이용금액 30만원 이상일 때 5% 청구 할인(월 3만원 한도).', '기타 혜택(유의사항 등)': '무신사 및 솔드아웃을 제외한 국내외 가맹점에서 결제 시 전월 이용금액 30만원 이상 시 무신사 적립금 1% 적립.'}"
신세계이마트 삼성카드7,삼성카드,https://d1c5n4ri2guedi.cloudfront.net/card/64/card_img/27713/64card.png,300000,"국내전용 [18,000]원 / 해외겸용 [20,000]원",신용,"{'쇼핑': '신세계백화점 5% 전자할인쿠폰 월 3~6매, 무료주차권 월 2매, 2~3개월 무이자할부, 신세계포인트 적립, 이마트 10만원 이상 이용 시 6,000원 청구할인 제공.', '기타 혜택(유의사항 등)': '- 0.5~3% 빅포인트 적립, CGV 할인, 삼성 관계사 무이자할부 등 다양한 혜택 제공.'}"
My WE:SH+카드,KB국민카드,https://d1c5n4ri2guedi.cloudfront.net/card/2845/card_img/42400/2845card.png,400000,"국내전용 [50,000]원 / 해외겸용 [50,000]원",신용,"{'통신': '이동통신 자동납부 요금 10% 할인 (SKT, KT, LG U+, Liiv M).', '푸드': '음식점과 편의점에서 10% 할인 혜택 제공.', '자동차/하이패스': '주차장과 세차장에서 10% 할인 혜택 제공.', '간편결제': 'KB Pay로 국내 가맹점 결제 시 10% 할인.', '프리미엄': 'Mastercard 티타늄 카드 발급 시 2025년까지 다양한 기본서비스와 선택 서비스(공항 발레파킹, 라운지, 호텔 발레파킹)가 제공됩니다.', '기타 혜택(유의사항 등)': '디지털 구독 서비스에서 OTT 30% 할인, 병원/약국/스포츠 5% 할인, 온라인쇼핑/주유/커피 5% 할인 제공.'}"
원더카드 FREE,하나카드,https://d1c5n4ri2guedi.cloudfront.net/card/2446/card_img/27741/2446card.png,0,"국내전용 [12,000]원 / 해외겸용 [12,000]원",신용,"{'간편결제': '간편결제 시 1.2% 할인 제공.', '기타 혜택(유의사항 등)': '전가맹점 0.7% 할인, 쿠팡/마트/베이커리 2% 할인, 대중교통 3% 할인, 국내 5만원 이상 결제 시 2~3개월 무이자 할부 제공.'}"
JADE First,하나카드,https://d1c5n4ri2guedi.cloudfront.net/card/2704/card_img/34571/2704card_1.png,500000,"국내전용 [595,000]원 / 해외겸용 [600,000]원",신용,"{'자동차/하이패스': '주유 시 리터당 200 하나머니, EV충전 시 50% 하나머니 적립, 월 최대 2만 하나머니; 제휴 주차장 무료 주차 월 2회 제공.', '공항라운지/PP': '전세계 공항 라운지 무료 이용(연 8회, 일 3회) 제공, 카드 이용 실적 조건 있음.', '기타 혜택(유의사항 등)': '- [PREMIUM VOUCHER] 해외/항공/면세/여행 30만원 청구 할인 (연 30만원 한도, 카드 발급 후 100만원 이상 이용 시 제공).\n- [DINING VOUCHER] 특급호텔 레스토랑 20만원 현장 할인 (연 1회, 카드 발급 후 100만원 이상 이용 시 제공).\n- [BONUS VOUCHER] 연 누적 이용금액별 골프/프리미엄 아울렛 50% 할인 (2,400만원 이상 이용 시 10만원, 3,600만원 이상 시 추가 10만원).\n- [기본적립] 국내 가맹점 1.5%~1.0% 하나머니 적립 (200만원 이상 이용 시 1.5%, 미만 시 1.0%).\n- [특별적립] 영역별 3.0% 하나머니 적립 (지난달 실적 50만원 이상, 월 통합 10만 하나머니 한도).'}"
ALL 우리카드 Infinite,우리카드,https://d1c5n4ri2guedi.cloudfront.net/card/2613/card_img/31307/2613card.png,500000,"국내전용 [500,000]원 / 해외겸용 [500,000]원",신용,"{'공항라운지/PP': '국내외 공항 라운지 무료 이용 서비스(본인+동반 1인, 월 2회, 연 10회) 제공.', '프리미엄': '- 연회비 납부 시 14,000 ALL 리워드 포인트 제공, 아코르 플러스 멤버십 자동 가입, GOLD 등급 부여, 3,000원당 포인트 적립, 2,000만원 이상 이용 시 5,000 포인트 보너스 제공.', '여행/숙박': '- KAL 리무진 버스 무료이용 서비스(월 1회, 연 4회) 제공.\n- 연 1회 국내외 여행자 보험 서비스 제공.', '기타 혜택(유의사항 등)': '- 골프: 국내 지정 골프장 무료 커피 또는 골프연습장 무료 타석권 제공 (월 1회, 연 4회).\n- 호텔: 아코르 호텔 숙박 시 2인 무료 조식 및 F&B 크레딧, 객실 업그레이드, 레이트 체크아웃 제공.\n- 선택형: 메탈 플레이트 제공 (발급수수료 10만원).'}"
신한카드 SOL트래블,신한카드,https://d1c5n4ri2guedi.cloudfront.net/card/2722/card_img/35971/2722card.png,400000,"국내전용 [27,000] / 해외겸용 [30,000]원",신용,"{'공항라운지/PP': '전 세계 공항 라운지 무료 이용 서비스(연 3회, 본인만 이용 가능).', '해외': '해외 이용 시 국제브랜드 및 해외서비스 수수료 면제, 환율 100% 우대, 해외 ATM 인출 수수료 면제, 해외 일시불 이용금액 0.5% 마이신한포인트 적립 혜택 제공.', '기타 혜택(유의사항 등)': '국내 이용금액에 따라 0.5~2%의 마이신한포인트 적립, 특정 가맹점에서 추가 적립 가능.'}"
SSG.COM 삼성카드,삼성카드,https://d1c5n4ri2guedi.cloudfront.net/card/681/card_img/28062/681card.png,0,"국내전용 [15,000]원 / 해외겸용 [15,000]원",신용,"{'공항라운지/PP': 'SSGPAY를 통한 오프라인 간편결제 시 1% SSG MONEY 적립, 생활 편의 영역에서는 5% 적립.', '프리미엄': 'Mastercard 프리미엄카드 회원에게 제휴사 서비스 혜택 제공.', '해외': '해외 가맹점 이용 시 1.5% SSG MONEY 적립, 월 최대 50만원까지.', '기타 혜택(유의사항 등)': '- SSG.COM 결제 시 1% SSG MONEY 기본 적립, 전월 이용금액에 관계없이 적립 한도 없음.\n- SSG.COM 결제 시 전월 이용금액에 따라 최대 9% SSG MONEY 추가 적립.\n- 주유·커피전문점·제과점·편의점·생활잡화에서 5% SSG MONEY 적립, 전월 이용금액에 따라 적립 한도 있음.\n- 스마일클럽 월 이용료 정기결제 시 3,900원 결제일 할인, 전월 이용금액 40만원 이상 시 제공.'}"
토스 신용카드,하나카드,https://d1c5n4ri2guedi.cloudfront.net/card/589/card_img/21346/589card.png,0,"국내전용 [10,000]원 / 해외겸용 [10,000]원",신용,"{'프리미엄': '비자 플래티늄 BC 01 등급의 국제 브랜드 서비스 제공.', '해외': '해외 모든 가맹점에서 2% 토스머니 적립(월 1만 한도) 및 해외 ATM 현금 인출 시 수수료 $3 면제.', '기타 혜택(유의사항 등)': '해외 이용 시 수수료가 발생하며, KEB하나은행 결제계좌를 이용해야 ATM 현금인출이 가능합니다.'}"
HERITAGE Smart [할인형],KB국민카드,https://d1c5n4ri2guedi.cloudfront.net/card/2450/card_img/27739/2450card.png,500000,"국내전용 [200,000]원 / 해외겸용 [200,000]원",신용,"{'프리미엄': 'HERITAGE Smart Mastercard 발급 시 Mastercard World 서비스와 국내공항 라운지, 발레파킹, Priority Pass Digital 서비스가 제공됩니다.', '기타 혜택(유의사항 등)': 'HERITAGE Smart 카드로 연 1회 선택 가능한 15만원 할인 쿠폰(특급호텔, 항공권, 공연/전시) 제공.'}"
카드의정석 PREMIUM MILEAGE(SKYPASS),우리카드,https://d1c5n4ri2guedi.cloudfront.net/card/92/card_img/20246/92card.png,500000,"국내전용 [135,000]원 / 해외겸용 [135,000]원",신용,"{'주유': '현대오일뱅크와 S-OIL 주유 시 리터당 60원 청구할인, 1일 1회, 월 20만원 한정.', '공항라운지/PP': '국내외 공항라운지 월 1회, 연 5회 무료 이용 가능 (더라운지멤버스 앱 필요).', '프리미엄': '프리미엄 카드로 국내외 여행 보험 무료 제공, 해외 박물관 입장권 50% 할인, 국내 호텔 2박 시 1박 무료, 제주도 렌터카 무료 제공, KTX/SRT 왕복 승차권 10% 할인 혜택.', '기타 혜택(유의사항 등)': '대한항공 카드: 국내외 가맹점 1,000원당 1마일 적립, 해외 및 면세점은 추가 1마일 적립.'}"
신협-신한카드 The CLASSIC+,신협,https://d1c5n4ri2guedi.cloudfront.net/card/1599/card_img/22605/1599card.png,300000,"해외겸용 [120,000]원",신용,"{'주유': 'GS칼텍스 주유 시 리터당 40원 할인, 월 40만원까지 적용.', '카페/디저트': '스타벅스에서 7,000원 이상 구매 시 3,000원 할인, 월 1회, 연 6회 제공.', '공항라운지/PP': 'The CLASSIC+ 아멕스 카드 소지자는 전세계 700여개 해외 공항 VIP라운지를 무료로 이용할 수 있는 Priority Pass 카드를 제공받습니다.', '프리미엄': '인천공항에서 월 3회 무료 발렛 파킹 서비스 제공 (이용 조건: 전월 30만원 이상 사용).', '기타 혜택(유의사항 등)': 'The CLASSIC+ 카드의 Gift Option 서비스는 매년 1회 선택 가능한 다양한 혜택(상품권, 이용권, 포인트 등)을 제공합니다.'}"
LG전자 The 구독케어 신한카드,신한카드,https://d1c5n4ri2guedi.cloudfront.net/card/2912/card_img/44986/2912card.png,300000,"국내전용 [22,000]원 / 해외겸용 [25,000]원",신용,{'기타 혜택(유의사항 등)': 'LG전자 구독요금 자동납부 시 월 최대 2만원 할인 및 7만원 이상 납부 시 1만 포인트 적립 혜택 제공.'}
KT 삼성카드,삼성카드,https://d1c5n4ri2guedi.cloudfront.net/card/785/card_img/28072/785card.png,300000,"국내전용 [20,000]원 / 해외겸용 [20,000]원",신용,"{'기타 혜택(유의사항 등)': 'KT에서 단말기 구매 시 24개월 라이트할부 제공, 통신요금 자동납부 시 생활요금 결제건수에 따라 최대 16,000원 할인.'}"
HERITAGE Classic [할인형],KB국민카드,https://d1c5n4ri2guedi.cloudfront.net/card/2780/card_img/38286/2780card.png,500000,"국내전용 [127,000]원 / 해외겸용 [127,000]원",신용,"{'자동차/하이패스': '자동차 라이프 영역에서 주차와 세차 이용 시 10% 청구할인 제공, 전월 이용실적 50만원 이상 시 적용.', '공항라운지/PP': '전세계 공항 라운지 연 2회 무료 이용(동반 1인 포함), 전월 50만원 이상 이용 시 제공.', '프리미엄': 'HERITAGE Classic(할인형) 카드 소지자는 Mastercard 및 JCB Platinum 서비스와 함께 국내공항 및 호텔 발레파킹 서비스, KB국민은행 거래 시 수수료 감면/면제, 무료 문자알림 서비스 등을 이용할 수 있습니다.', '기타 혜택(유의사항 등)': '국내외 가맹점 1% 청구할인, 생활밀착 4개 영역 1.2% 청구할인, Flex 영역 20만원 이상 결제 시 1만원 청구할인, 연 1회 쿠폰 서비스 제공.'}"
KB국민 국민행복카드,KB국민카드,https://d1c5n4ri2guedi.cloudfront.net/card/751/card_img/22225/751card.png,400000,국내전용 [없음],신용,"{'쇼핑': '대형마트, 온라인쇼핑몰, 홈쇼핑에서 전월 실적에 따라 최대 5% 청구할인 제공.', '공과금/렌탈': '통신료와 아파트관리비 5% 할인, 전월실적에 따라 최대 2만원 할인 한도.', '교육/육아': '키즈카페, 문화센터, 학습지에서 5% 청구할인 제공, 전월실적에 따라 최대 2만원 한도.', '기타 혜택(유의사항 등)': '국민행복 카드로 임신·출산 진료비, 보육료, 기저귀, 위생용품, 에너지 바우처, 아이돌봄 바우처 지원 가능.'}"
NH올원 LGU+카드,NH농협카드,https://d1c5n4ri2guedi.cloudfront.net/card/193/card_img/20413/193card.png,300000,"해외겸용 [15,000]원",신용,"{'기타 혜택(유의사항 등)': 'LGU+ 카드로 휴대폰 구입 시 라이트할부 또는 통신료 자동이체 시 할인 혜택 제공, 전월실적 30만원 이상 필요.'}"
CLUB1카드 200,하나카드,https://d1c5n4ri2guedi.cloudfront.net/card/2091/card_img/21909/2091card.png,0,"해외겸용 [2,000,000]원",신용,"{'쇼핑': '국내 특급호텔 무료 발레파킹, 식음료 및 객실 할인, 대한항공 기내면세점 10% 청구 할인, 신라면세점 할인 제공.', '항공마일리지': '대한항공/아시아나 항공 마일리지 적립, 항공 좌석 승급 또는 동반자 비즈니스석 무료 항공권 선택, LoungeKey 서비스, 무료 여행자보험 가입, 글로벌 컨시어지 제공.', '기타 혜택(유의사항 등)': '- trendy MILEAGE: 더블 마일리지 제공\n- trendy SMART: 최신 스마트폰 또는 고반발 뱅드라이버 제공\n- trendy GLOBAL: 해외호텔 혜택\n- trendy WINE: 와인 제공\n- trendy GOLF: 포도호텔 숙박 패키지 또는 골프 패키지 선택 가능\n- trendy HOTEL: 호텔 멤버십 선택 가능\n- 골프: 홀인원 상금 지원 및 골프 상해보험 무료 가입\n- 생활: 명품관 및 백화점 청구 할인\n- 기타: 하나금융그룹 우대서비스 및 OK CASHBACK 적립/사용 가능'}"
Kia Members 경차전용카드,현대카드,https://d1c5n4ri2guedi.cloudfront.net/card/854/card_img/21688/854card.png,0,"국내전용 [5,000]원",신용,"{'주유': '현대오일뱅크/SK에너지 주유 시 전월 이용금액에 따라 최대 400원 청구 할인 제공.', '자동차/하이패스': '현대해상 자동차 보험료 결제 시 전월 이용금액 30만원 이상 시 연 1회 3만원 청구 할인 제공, 차량 정비 시 M포인트 사용 가능 및 2만원 할인(연간 한도).', '기타 혜택(유의사항 등)': '기아 멤버십 포인트 적립 및 사용, 차량 케어 서비스 제공, KEB하나은행 계좌 등록 후 서비스 이용 가능.'}"
the Red Stripe Edition2,현대카드,https://d1c5n4ri2guedi.cloudfront.net/card/2755/card_img/37051/2754card.png,500000,"국내전용 [500,000]원 / 해외겸용 [500,000]원",신용,"{'프리미엄': '본인 회원에게 메탈 플레이트 제공, 재발급 시 1회 무료, 가족 회원 발급 시 수수료 10만원.', '기타 혜택(유의사항 등)': '연간 보너스와 고실적 보너스를 통해 다양한 라이프스타일 영역에서 사용할 수 있는 바우처를 제공하며, M포인트 적립 및 공항 라운지 무료 이용 혜택이 포함됩니다.'}"
SKT 우리카드,우리카드,https://d1c5n4ri2guedi.cloudfront.net/card/1555/card_img/22679/1555card.png,300000,"해외겸용 [10,000]원 / 해외겸용 [15,000]원",신용,"{'카페/디저트': '할리스와 엔제리너스에서 20% 청구할인, 통합 일 1회, 월 2회, 건당 5천원까지 할인.', 'OTT/영화/문화': '전국 영화관에서 월 3천원 청구할인, 연 10회 제공, 12,000원 이상 결제 시 적용.', '기타 혜택(유의사항 등)': '- SKT 통신기기 구매 시 T라이트할부 제공, SKT 할인서비스는 자동납부 시 전월 실적에 따라 할인.'}"
Mile 1.6 아시아나,하나카드,https://d1c5n4ri2guedi.cloudfront.net/card/243/card_img/20470/243card.png,0,"해외겸용 [45,000]원",신용,"{'카페/디저트': '스타벅스에서 월 4,000원 청구할인 제공 (연 12회, 조건: 지난달 실적 50만원 이상).', 'OTT/영화/문화': 'CGV, 롯데시네마에서 영화관람권 구매 시 월 4,000원 청구할인 제공(연 12회).', '항공마일리지': 'HANA Mile은 국내 1,500원당 1.6마일, 해외 1,500원당 1.8마일 적립되며, 적립한 마일은 항공사 마일리지 또는 하나머니로 전환 가능하고, 결제 대금 차감도 가능하다.', '기타 혜택(유의사항 등)': '50만원 이상 이용 시 스타벅스 및 영화 청구할인 혜택 제공.'}"
삼성 iD POCKET 카드,삼성카드,https://d1c5n4ri2guedi.cloudfront.net/card/2419/card_img/28100/2419card.png,0,국내전용 [없음],신용,"{'교통': '대중교통 이용 시 전월 이용금액에 따라 1% 또는 2% 결제일할인 제공.', '기타 혜택(유의사항 등)': '편의점·배달앱·델리·커피전문점에서 전월 이용금액에 따라 1% 또는 8% 결제일 할인 제공.'}"
디지로카 Monaco,롯데카드,https://d1c5n4ri2guedi.cloudfront.net/card/2634/card_img/31799/2634card.png,0,"국내전용 [125,000]원 / 해외겸용 [125,000]원",신용,"{'통신': 'SKT, KT, LG U+에서 이동통신요금 자동납부 시 월 10만원까지 5% 결제일 할인 혜택 제공.', '쇼핑': '온라인 쇼핑 시 최대 5% 할인(기본 2% + 멤버십 추가 3%) 제공.', '프리미엄': '프리미엄 카드 소지자는 연간 이용 실적에 따라 롯데상품권카드 5만원을 제공받으며, Mastercard Platinum 서비스의 다양한 혜택을 이용할 수 있습니다.', '기타 혜택(유의사항 등)': '국내외 가맹점 1%, 배달앱 5%, 디지털 구독 50% 결제일 할인 혜택 제공.'}"
the Red (M포인트형),현대카드,https://d1c5n4ri2guedi.cloudfront.net/card/2751/card_img/36944/2751card_2.jpg,500000,"국내전용 [300,000]원 / 해외겸용 [300,000]원",신용,"{'프리미엄': '메탈 플레이트 제공, 발급 수수료 10만원 또는 10만 M포인트 필요.', '기타 혜택(유의사항 등)': '전월 이용 금액 50만원 이상 시 국내외 가맹점 1.5% M포인트 적립, 연간 10회 공항 라운지 무료 이용 및 발레파킹 서비스 제공.'}"
와이즈카드,KB국민카드,https://d1c5n4ri2guedi.cloudfront.net/card/108/card_img/20266/108card.png,0,"국내전용 [5,000]원 / 해외겸용 [10,000]원",신용,"{'기타 혜택(유의사항 등)': 'KB국민 와이즈카드는 매달 가장 많이 쓴 3대 영역에서 0.5%~4.5% 특별 포인트리 적립, 전월 이용실적에 따라 최대 45,000점까지 적립 가능.'}"
American Express Blue,삼성카드,https://d1c5n4ri2guedi.cloudfront.net/card/45/card_img/37925/45card.png,300000,"해외겸용 [15,000]원",신용,"{'통신': '대중교통 및 이동통신 요금 자동납부 시 전월 이용금액에 따라 최대 15,000P 멤버십리워즈 적립.', '쇼핑': '온라인 간편결제, 프리미엄 아울렛, 트렌디패션에서 전월 이용금액 관계없이 1.5% 멤버십리워즈 적립, 월 최대 30,000 포인트.', '카페/디저트': '스타벅스·이디야커피에서 20% 청구할인 제공, 전월 이용금액 30만원 이상 시 월 최대 5,000원 한도.', '해외': '해외 이용 시 전월 이용금액 관계없이 5% 멤버십리워즈 적립, 단 월 최대 30,000 포인트 한도.', '기타 혜택(유의사항 등)': '편의점 및 배달앱 이용 시 7% 멤버십리워즈 적립, 스트리밍 서비스 정기결제 시 20% 할인 제공.'}"
우리카드 UniMile,우리카드,https://d1c5n4ri2guedi.cloudfront.net/card/2924/card_img/45828/2924card.png,500000,"국내전용 [33,000]원 / 해외겸용 [33,000]원",신용,"{'공항라운지/PP': '국내 공항라운지 무료 이용, 전월 50만원 이상 이용 시 연 2회 제공.', '기타 혜택(유의사항 등)': '국내 가맹점 0.7% 적립, 해외/여행준비 6%~2% 적립, 간편결제 및 인앱결제 3% 청구할인 제공.'}"
어디로든 그린카드 X LOCA,롯데카드,https://d1c5n4ri2guedi.cloudfront.net/card/2641/card_img/32000/2641card.png,300000,"국내전용 [15,000]원 / 해외겸용 [15,000]원",신용,"{'교통': '대중교통 이용 시 10% 적립, 월 최대 5천 포인트.', '카페/디저트': '커피전문점에서 10% 적립, 월 최대 5천 포인트.', '기타 혜택(유의사항 등)': '전기차/수소차 충전 시 20~40% 포인트 적립, 고속버스 및 공유 모빌리티 이용 시 10% 적립, 국내 가맹점에서 0.2% 적립.'}"
위카드,NH농협카드,https://d1c5n4ri2guedi.cloudfront.net/card/180/card_img/20396/180card.png,0,"해외겸용 [200,000]원",신용,"{'공항라운지/PP': '국내·외 공항 라운지 무료 이용, 연 3회 제공.', '프리미엄': '국제 브랜드 프리미엄 서비스는 MasterCard, VISA, UnionPay, JCB 등급에 따라 제공된다.', '기타 혜택(유의사항 등)': '전가맹점 적립, 온라인 1.2배, 해외 1.5배 적립, 매년 1회 바우처 및 보너스 캐시백 제공.'}"
춘식이 모바일 로카,롯데카드,https://d1c5n4ri2guedi.cloudfront.net/card/2656/card_img/32226/2656card.png,0,"국내전용 [20,000]원 / 해외겸용 [20,000]원",신용,"{'통신': 'SKT, KT, LG U+ 이동통신요금 자동이체 시 월 최대 20,000원 결제일 할인 제공.', '기타 혜택(유의사항 등)': 'L.POINT는 롯데멤버스 고객정보 제공 동의 시 적립 및 사용 가능한 포인트로, 춘식이 모바일 로카 카드 결제 시 롯데카드 적립은 불가합니다.'}"
현대카드MY BUSINESS M Retail,현대카드,https://d1c5n4ri2guedi.cloudfront.net/card/2939/card_img/46989/2939card.png,500000,"국내전용 [50,000]원 /  해외겸용 [50,000]원",신용,{'기타 혜택(유의사항 등)': '적립 한도 제한 없이 다양한 가맹점에서 M포인트 적립 가능.'}
신한카드 Deep Making,신한카드,https://d1c5n4ri2guedi.cloudfront.net/card/476/card_img/21166/476card.png,400000,"국내전용 [30,000]원 / 해외겸용 [30,000]원",신용,"{'쇼핑': '신세계, 롯데, 현대백화점 및 주요 마트, 홈쇼핑, 온라인 쇼핑몰에서 쇼핑 시 혜택 제공.', '푸드': '푸드 영역에서 스타벅스, 커피빈, GS25 등에서 특정 결제 방식으로 이용 시 혜택 제공.', '해외': '해외 온·오프라인 일시불 결제 시 항공사 및 면세점에서 혜택 제공.', '기타 혜택(유의사항 등)': '17개 서비스 영역 중 포인트 적립 영역과 적립율을 선택하여 최대 17%까지 적립할 수 있는 DIY 서비스입니다.'}"
원더카드 2.0 HAPPY+,하나카드,https://d1c5n4ri2guedi.cloudfront.net/card/2821/card_img/44247/2821card.png,400000,"국내전용 [19,900]원 / 해외겸용 [19,900]원",신용,"{'마트/편의점': '대형마트와 편의점에서 각각 2% 할인 제공, 통합 할인 한도는 5만원.', '쇼핑': '쿠팡과 홈쇼핑에서 각각 2% 할인, 통합 5만원 한도.', '간편결제': '간편결제 시 5% 할인, 실적에 따라 최대 10,000원까지 할인 한도 제공.', '기타 혜택(유의사항 등)': '국내외 결제 시 0.5% 할인, 백화점 및 슈퍼마켓, 베이커리에서 각각 2% 할인 제공.'}"
원더카드 HAPPY,하나카드,https://d1c5n4ri2guedi.cloudfront.net/card/2448/card_img/27743/2448card.png,400000,"국내전용 [12,000]원 / 해외겸용 [12,000]원",신용,"{'주유': '주유 시 SK에너지, GS칼텍스, S-Oil 등에서 5% 할인, 실적에 따라 최대 12,000원까지 할인 한도 적용.', '마트/편의점': '대형마트에서 이마트, 트레이더스, 홈플러스, 롯데마트에서 5% 할인, 실적에 따라 최대 12,000원까지 할인 한도 적용.', '카페/디저트': '스타벅스 등 카페에서 커피 5% 할인, 실적에 따라 최대 15,000원 한도.', '간편결제': '간편결제 시 5% 할인, 실적에 따라 최대 10,000원까지 할인 한도 제공.', '기타 혜택(유의사항 등)': '전가맹점 0.5% 할인, 뷰티&펫 5% 할인(실적 기준), 국내 5만원 이상 결제 시 2~3개월 무이자 할부 제공.'}"
#tag1카드 Navy,하나카드,https://d1c5n4ri2guedi.cloudfront.net/card/248/card_img/20475/248card.png,400000,"해외겸용 [12,000]원",신용,"{'마트/편의점': '대형마트에서 전월 실적 40만원 이상 시 이마트, 홈플러스, 롯데마트에서 5% 할인(월 5천원 한도) 및 VIPS, 아웃백, TGIF에서 10% 할인(월 1만원 한도) 제공.', '기타 혜택(유의사항 등)': 'Navy 카드 사용 실적에 따라 우대 할인 제공, 교육, 아파트관리비, 통신요금, 영화예매 할인 등 다양한 할인 서비스 제공.'}"
톡톡 Pay카드,KB국민카드,https://d1c5n4ri2guedi.cloudfront.net/card/142/card_img/20370/142card.png,400000,"국내전용 [20,000]원 / 해외겸용 [20,000]원",신용,"{'교통': '대중교통(버스, 지하철) 10% 청구할인, 전월 이용실적 40만원 이상 시 제공 (월 할인한도: 7천원).', '마트/편의점': 'GS25, CU에서 10% 청구할인(월 한도 5천원), 전월 이용실적 40만원 이상 시 제공.', '간편결제': '간편결제 이용 시 20~40% 청구할인 제공, 월 할인한도는 7천원에서 1만 5천원.', '기타 혜택(유의사항 등)': 'KB국민 톡톡 Pay카드는 전월 이용실적 40만원 이상 시 할인서비스를 제공하며, 특정 가맹점에서만 이용 가능합니다.'}"
케이뱅크 SIMPLE 카드,케이뱅크,https://d1c5n4ri2guedi.cloudfront.net/card/2211/card_img/21774/2211card.png,0,"국내전용 [10,000]원 / 해외겸용 [12,000]원",신용,"{'교통': '교통 1.5% 청구 할인, 전월실적 및 할인한도 없음.', '통신': '이동통신요금 1.5% 청구 할인 (KT, SKT, LGU+ 자동납부 시 적용).', '마트/편의점': '편의점에서 1.5% 청구 할인 제공, 전월실적 및 할인한도 없음.', '카페/디저트': '커피전문점에서 1.5% 청구 할인 제공.', '간편결제': '온라인 간편결제 이용 시 1.5% 청구 할인 제공.', '기타 혜택(유의사항 등)': '국내외 가맹점 0.8% 청구 할인 및 디지털 구독 서비스(넷플릭스, 유튜브 프리미엄 등) 1.5% 청구 할인 제공.'}"
EV 카드,KB국민카드,https://d1c5n4ri2guedi.cloudfront.net/card/2744/card_img/36738/2744card.png,400000,"국내전용 [20,000]원 / 해외겸용 [20,000]원",신용,"{'자동차/하이패스': '주차 및 세차 20% 청구 할인, 월 최대 5천원 한도.', '간편결제': 'G마켓, 옥션, 11번가에서 KB Pay로 결제 시 전월 40만원 이상 이용 시 10% 청구할인, 월 최대 5천원.', '기타 혜택(유의사항 등)': '- 전기/수소차 충전 시 최대 20% 청구할인 제공.\n- OTT 서비스 이용 시 최대 20% 청구할인 제공.\n- 자동차보험 결제 시 1만원 청구할인 제공.'}"
American Express Rose Gold KB Kookmin Card,KB국민카드,https://d1c5n4ri2guedi.cloudfront.net/card/2623/card_img/31558/2623card.png,300000,"해외겸용 [19,000]원",신용,"{'쇼핑': '온라인 쇼핑 10% 할인(KB Pay 결제 시, 월 할인한도 1만원~2만원) 및 오프라인 쇼핑 5% 할인(KB Pay 결제 시, 월 할인한도 5천원).', '카페/디저트': 'KB Pay 결제 시 커피/편의점에서 10% 할인, 월 할인한도는 최대 5천원.', '프리미엄': 'Amex Selects 서비스는 모든 아멕스 카드 소지자가 2023년 동안 이용할 수 있는 혜택입니다.', '기타 혜택(유의사항 등)': '온라인 항공/면세점에서 KB Pay 결제 시 5% 할인(월 할인한도 2만원, 연 6만원).'}"
Kia Members 신용카드 Edition2,현대카드,https://d1c5n4ri2guedi.cloudfront.net/card/2195/card_img/21809/2195card.png,0,"국내 [30,000]원 / 해외겸용 [30,000]원",신용,"{'자동차/하이패스': '기아 신차 구매 시 1.5% M포인트 및 2만 기아멤버스 포인트 적립, GS칼텍스 주유 시 리터당 60 M포인트 적립.', '기타 혜택(유의사항 등)': '당월 이용금액에 따라 M포인트와 기아멤버스 포인트 적립률이 달라지며, 세이브-오토 경험 여부에 따라 추가 혜택이 제공된다.'}"
iD MOVE카드,삼성카드,https://d1c5n4ri2guedi.cloudfront.net/card/2364/card_img/28097/2364card.png,400000,"국내전용 [20,000원] / 해외겸용 [20,000원]",신용,"{'교통': '대중교통·택시 결제 시 10% 할인, 전월 이용금액에 따라 최대 12,000원까지 할인 제공.', '통신': '이동통신 및 스트리밍 정기결제 시 전월 이용금액에 따라 최대 12,000원 할인 제공.', '카페/디저트': '커피전문점 및 편의점에서 10% 결제일 할인, 전월 이용금액에 따라 최대 6,000원 할인.', '기타 혜택(유의사항 등)': '해외·항공·철도 결제 시 1.5% 할인 제공, 통합 월 할인한도 50만원.'}"
KT 카드의정석 SUPER DC Ⅱ,우리카드,https://d1c5n4ri2guedi.cloudfront.net/card/1073/card_img/21464/1073card.png,300000,"국내전용 [20,000]원 / 해외겸용 [20,000]원",신용,"{'OTT/영화/문화': '모든 영화관에서 월 1회, 연 10회 12,000원 이상 결제 시 3,000원 청구 할인 제공.', '기타 혜택(유의사항 등)': 'KT 통신서비스 요금 청구할인: 전월 가맹점 이용금액에 따라 최대 13,000원 할인 제공.  \n테마파크: 놀이공원 자유이용권 50% 현장할인, 전월 가맹점 이용금액 30만원 이상 시 제공.'}"
K-패스카드(신용),NH농협카드,https://d1c5n4ri2guedi.cloudfront.net/card/2560/card_img/33459/2560card.png,400000,"국내전용 [13,000원] / 해외겸용 [15,000원]",신용,"{'교통': '교통 관련 10% 청구할인(버스, 지하철, 택시, 철도, 렌터카, 전기차 충전) 및 월 통합 청구할인 한도는 전월 실적에 따라 1만원 또는 2만원.', '통신': '이동통신요금, 오픈마켓/배달앱, 스포츠 및 H&B에서 각각 5% 청구할인을 제공하며, 전월실적에 따라 월 통합 청구할인 한도가 달라진다.', '카페/디저트': '커피전문점 10% 청구할인(월 2천원, 2회 한) 및 편의점 10% 청구할인(월 1천원, 2회 한) 제공.', '기타 혜택(유의사항 등)': '전월 실적에 따라 다양한 할인 및 적립 혜택을 제공하는 카드입니다.'}"
SKT-현대카드M Edition3(라이트할부형2.0),현대카드,https://d1c5n4ri2guedi.cloudfront.net/card/2472/card_img/28299/2472card.png,500000,"국내전용 [20,000]원 / 해외겸용 [20,000]원",신용,{'기타 혜택(유의사항 등)': 'SKT 라이트할부 이용 시 최대 2만 5천원 할인 혜택 제공.'}
zgm living카드,NH농협카드,https://d1c5n4ri2guedi.cloudfront.net/card/2649/card_img/32141/2649card.png,500000,"국내전용 [50,000]원 / 해외겸용 [55,000]원",신용,"{'기타 혜택(유의사항 등)': '생활 필수업종 이용 시 최대 15% NH포인트 적립, 추가로 기본적립 포인트의 5%를 연 1회 추가적립.'}"
네이버페이 쇼핑엔로카,롯데카드,https://d1c5n4ri2guedi.cloudfront.net/card/2433/card_img/27297/2434card.png,0,"국내전용 [10,000]원 / 해외겸용 [10,000]원",신용,{'기타 혜택(유의사항 등)': '네이버페이 쇼핑엔로카 카드로 30만원 이상 사용 시 포인트 적립 혜택 제공.'}
NH올원 파이카드,NH농협카드,https://d1c5n4ri2guedi.cloudfront.net/card/181/card_img/20398/181card.png,300000,"국내전용[10,000]원 / 해외겸용 [12,000]원",신용,"{'교통': '대중교통 이용 시 5% 청구할인, 월 이용금액 1만원 이상 시 적용.', '마트/편의점': '편의점 및 잡화에서 5% 청구할인, 전월 실적에 따라 최대 10,000원 할인 가능.', '카페/디저트': '커피전문점에서 20% 청구할인, 전월 실적에 따라 최대 6,000원까지 할인 가능.', '기타 혜택(유의사항 등)': '온라인쇼핑과 선택업종에서 7~20% 청구할인 제공, 선택업종은 매월 변경 가능.'}"
OK캐쉬백 위비할인카드,우리카드,https://d1c5n4ri2guedi.cloudfront.net/card/1859/card_img/22152/1859card.png,300000,"국내전용 [10,000]원 / 해외겸용 [12,000]원",신용,"{'OTT/영화/문화': 'NHN Entertainment 서비스, 벅스제휴이용권 50% 청구할인, 한코인 충전 결제 20% 청구할인, 티켓링크 10% 청구할인, 코미코 20% 청구할인, 페이코포인트 1% 적립 혜택 제공.', '기타 혜택(유의사항 등)': 'OK캐쉬백 포인트 적립 및 사용, 주요 9대 업종 7% 청구할인, 치킨/피자 10% 할인, 영화관 3천원 할인, 주요 놀이공원 50% 할인, 전기차 충전요금 20% 할인 등 다양한 혜택 제공.'}"
Kia Members 경차전용카드(유류세 환급),현대카드,https://d1c5n4ri2guedi.cloudfront.net/card/859/card_img/21683/859card.png,0,국내전용 [없음],신용,"{'주유': '경차 유류세 환급 대상자는 전국 모든 주유소 및 충전소에서 유류세 환급을 받을 수 있으며, 연간 최대 20만원까지 환급 가능하다.', '자동차/하이패스': '현대해상 자동차 보험료 결제 시 전월 이용금액 30만원 이상 시 연 1회 3만원 청구 할인 제공, 차량 정비 시 M포인트 사용 가능 및 2만원 할인(연간 한도).', '기타 혜택(유의사항 등)': '기아 멤버십 포인트 적립 및 사용, 차량 케어 서비스 제공, KEB하나은행 계좌 등록 후 서비스 이용 가능.'}"
롯데포인트 플러스 카드,롯데카드,https://d1c5n4ri2guedi.cloudfront.net/card/194/card_img/20414/194card.png,0,"국내전용 [5,000]원 / 해외겸용 [5,000]원",신용,{'기타 혜택(유의사항 등)': 'L.POINT 제휴사에서 포인트플러스 카드로 결제 시 더블포인트 적립 서비스 제공.'}
MG+ 신용카드 Primo 하나카드,MG새마을금고,https://d1c5n4ri2guedi.cloudfront.net/card/2876/card_img/43986/2876card.png,0,"국내전용 [12,000]원 / 해외겸용 [12,000]원",신용,"{'교통': '대중교통 이용 시 5% 청구할인 혜택 제공, 전월 이용실적에 따라 월 한도 차등 적용.', '주유': '주유 이용 시 5% 청구할인 혜택 제공, 전월 이용실적에 따라 한도 차등 적용.', '마트/편의점': '편의점 및 슈퍼마켓 이용 시 5% 청구할인 제공, 전월 이용실적 40만원 이상 필요.', '공과금/렌탈': '생활요금 자동납부 시 5% 청구할인 혜택 제공, 전월 이용실적에 따라 한도 차등 적용.', '기타 혜택(유의사항 등)': '국내외 가맹점 결제 시 0.5% 청구할인과 5만원 이상 결제 시 2~3개월 무이자 할부 혜택 제공.'}"
MG+ BLACK 하나카드,MG새마을금고,https://d1c5n4ri2guedi.cloudfront.net/card/2877/card_img/43987/2877card.png,500000,"국내전용 [120,000]원 / 해외겸용 [120,000]원",신용,"{'쇼핑': '쇼핑 10% 청구할인 제공, 전월 이용실적 50만원 이상 시 월 할인 한도 15,000원 또는 30,000원.', '카페/디저트': '스타벅스와 투썸플레이스에서 커피 50% 청구할인, 전월 이용실적 50만원 이상 시 제공, 월 할인 한도는 5,000원 또는 10,000원.', '공항라운지/PP': '전세계 공항라운지 무료 이용(연 3회) 제공, 이용 실적 조건은 1차년도 50만원, 2차년도 이후 600만원 이상.', '해외': '해외 전 가맹점 및 여행 관련 결제 시 최대 30,000원 청구할인 제공, 전월 이용실적 50만원 이상 필요.', '기타 혜택(유의사항 등)': '연 1회 바우처 선택 가능(호텔 다이닝, 신세계 상품권, SK 주유권, 배달의민족 상품권, 하나머니) 및 골프와 택시 청구 할인 제공.'}"
골든라이프올림카드,KB국민카드,https://d1c5n4ri2guedi.cloudfront.net/card/1315/card_img/20866/1315card.png,300000,"국내전용 [15,000]원 / 해외겸용 [20,000]원",신용,"{'해외': '해외 이용금액 2% 할인 캐시백, 월 한도 1만원, 전월 이용실적 30만원 이상 시 제공.', '기타 혜택(유의사항 등)': '골든라이프올림카드는 병원/약국, 주유소, 대형마트 중 하나를 선택해 청구할인 혜택을 제공하며, 다양한 영역에서 포인트 적립과 연간 리워드 서비스도 지원합니다.'}"
신세계 신한카드 Best Fit,신한카드,https://d1c5n4ri2guedi.cloudfront.net/card/2923/card_img/45412/2923card.png,300000,"국내전용 [15,000]원 / 해외겸용 [18,000]원",신용,"{'해외': '해외 가맹점 이용 시 2% 할인(전월 이용금액 30만원 이상 시 제공).', '기타 혜택(유의사항 등)': '신세계백화점에서 SSGPAY 결제 시 3.0%, 일반 결제 시 2.5% 할인 제공, SSG.COM 신세계백화점몰 1% 할인, 아카데미 2.7% 할인.'}"
삼성 iD ONE 카드,삼성카드,https://d1c5n4ri2guedi.cloudfront.net/card/2746/card_img/36818/2746card_2.png,500000,"국내전용 [50,000]원 / 해외겸용 [50,000]원",신용,"{'교육/육아': '학원, 인터넷강의, 학습지 이용 시 3% 빅포인트 적립 (월 최대 5,000P).', '해외': '해외 가맹점 및 직접구매 이용 시 1% 빅포인트 적립, 적립한도 없음.', '기타 혜택(유의사항 등)': '백화점, 할인점, 온라인쇼핑몰, 주유 시 10% 빅포인트 적립, 아파트 관리비 및 이동통신 정기결제 시 3% 적립, 삼성페이로 결제 시 1% 적립.'}"
여행스케치 아시아나클럽 플래티늄카드,광주은행,https://d1c5n4ri2guedi.cloudfront.net/card/948/card_img/21595/948card.png,0,"국내전용 [45,000]원  해외겸용 [48,000]원",신용,"{'공항라운지/PP': '해외겸용(MasterCard) 카드로 국내 공항라운지를 무료 이용할 수 있습니다.', '기타 혜택(유의사항 등)': '아시아나항공 카드로 국내 가맹점 1,000원당 1마일리지, 2030업종 2마일리지, 해외 가맹점 3마일리지 적립 가능하며, 월 적립한도는 각각 2천 마일리지입니다.'}"
올라운드카드,KB국민카드,https://d1c5n4ri2guedi.cloudfront.net/card/2795/card_img/39322/2795card.png,0,"해외겸용 [15,000]원",신용,"{'기타 혜택(유의사항 등)': '국내외 모든 가맹점에서 0.8% 적립, 선택형 서비스로 주유소 리터당 100원 할인 또는 스토어 5% 청구할인 제공.'}"
어디로든 그린카드,NH농협카드,https://d1c5n4ri2guedi.cloudfront.net/card/2617/card_img/31389/2617card.png,300000,"국내전용 [15,000]원 / 해외겸용 [17,000]원",신용,"{'교통': '대중교통 이용 시 10% 적립, 월 최대 5천포인트.', '카페/디저트': '커피 전문점에서 현장결제 및 공식앱 온라인 오더 시 10% 적립, 월 최대 5천포인트.', '기타 혜택(유의사항 등)': '전기차/수소차 충전 시 최대 40% 포인트 적립, 고속버스 10% 적립, 공유 모빌리티 10% 적립, 국내 전 가맹점 0.2% 적립.'}"
신한카드 YOLO ⓘ,신한카드,https://d1c5n4ri2guedi.cloudfront.net/card/14/card_img/20096/14card.png,300000,"국내전용 [15,000]원 / 해외겸용 [18,000]원",신용,"{'마트/편의점': '편의점(GS25, 세븐일레븐, CU)에서 월 5만원까지 할인 혜택 제공.', '카페/디저트': '스타벅스와 커피빈에서 월 5만원까지 할인, 분기별 250만원 이상 이용 시 스타벅스 모바일 쿠폰 제공.', 'OTT/영화/문화': 'CGV와 롯데시네마에서 월 5만원까지 할인 혜택 제공.', '기타 혜택(유의사항 등)': '선택한 할인율에 따라 6개 가맹점에서 최대 20% 할인 혜택을 제공하며, 연 3회 변경 가능합니다.'}"
트래블월렛 우리카드,우리카드,https://d1c5n4ri2guedi.cloudfront.net/card/2569/card_img/30756/2569card.png,400000,"국내전용 [20,000]원 / 해외겸용 [20,000]원",신용,"{'기타 혜택(유의사항 등)': '트래블 포인트 적립 서비스로 국내 1.0%, 해외 2.0% 적립 가능하며, 트래블월렛에서 사용 가능.'}"
삼성 iD VITA 카드,삼성카드,https://d1c5n4ri2guedi.cloudfront.net/card/2534/card_img/29325/2531card.png,500000,"국내전용 [20,000원] / 해외겸용 [20,000원]",신용,"{'마트/편의점': '대형마트에서 결제 시 10% 할인, 전월 이용금액에 따라 월 할인한도 최대 10,000원 제공.', '뷰티/피트니스': '헬스/뷰티 20% 할인, 전월 이용금액에 따라 월 할인한도 최대 10,000원.', '병원/약국': '병원과 약국에서 20% 할인, 전월 이용금액에 따라 월 할인한도 최대 20,000원.', '해외': '해외 이용 시 할인 한도 없이 1% 결제일 할인 제공.', '기타 혜택(유의사항 등)': '보험 및 이동통신/렌탈/멤버십 정기결제 시 각각 10% 할인 제공, 전월 이용금액 50만원 이상 시 월 할인한도 5,000원.'}"
코스트코 리워드 현대카드 Edition2,현대카드,https://d1c5n4ri2guedi.cloudfront.net/card/2640/card_img/31956/2640card.png,500000,"국내전용 [20,000]원 / 해외겸용 [20,000]원",신용,"{'프리미엄': 'VISA 브랜드 플래티넘 서비스의 기본 제공 서비스 이용 가능.', '기타 혜택(유의사항 등)': '코스트코 리워드 포인트는 전월 이용 금액 50만원 이상 시 국내외 가맹점 1%, 코스트코 이용 시 최대 3% 적립되며, 적립된 포인트는 바우처로 교환해 코스트코 매장에서 현금처럼 사용 가능하다.'}"
현대카드 Boutique - Copper,현대카드,https://d1c5n4ri2guedi.cloudfront.net/card/2793/card_img/40427/2793card_2.png,500000,"국내전용 [80,000]원 / 해외겸용 [80,000]원",신용,"{'프리미엄': '- M 긴급적립으로 최대 50만 M포인트를 선지급받아 사용하고, 적립된 포인트로 24개월 동안 상환 가능.', '기타 혜택(유의사항 등)': '연간 5만원 크레딧 제공(호텔, 여행, 다이닝 사용 가능) 또는 7만 M포인트로 교환 가능.'}"
하나 원큐 카드,하나카드,https://d1c5n4ri2guedi.cloudfront.net/card/1174/card_img/21134/1174card.png,0,"국내전용 [15,000]원 / 해외겸용 [15,000]원",신용,"{'해외': '해외 가맹점 이용 시 1.8% 하나머니 적립, 월 최대 1만 하나머니.', '기타 혜택(유의사항 등)': '하나머니 적립 서비스로 하나원큐페이 결제 시 1.8% 적립, 국내 전 가맹점에서 0.8% 적립, 월 최대 10만 하나머니 적립 가능.'}"
롯데월드카드,삼성카드,https://d1c5n4ri2guedi.cloudfront.net/card/2238/card_img/28091/2238card.png,300000,"국내전용 [10,000]원 / 해외겸용 [10,000]원",신용,"{'해외': '해외 결제 시 1.5% 할인, 월 할인한도 50만원.', '기타 혜택(유의사항 등)': '- 롯데월드 운영 시설 이용권 본인 및 동반 1인 50% 현장할인 (전월 이용금액 30만원 이상 시 제공).\n- 롯데월드 운영 시설 연간이용권 25% 현장할인 (전월 이용금액 30만원 이상 시 제공).\n- 롯데월드 직영 기념품샵 10% 현장할인 (전월 이용금액 관계없이 제공).\n- 롯데월드 운영 시설 기타 서비스 20%·50% 현장할인 (전월 이용금액 관계없이 제공).\n- 아파트 관리비, 온라인쇼핑몰, 주유, 배달앱, 신선식품 배송, 온라인서점에서 전월 이용금액 30만원 이상 시 통합 월 할인한도 10,000원, 70만원 이상 시 20,000원 제공.\n- 국내 가맹점 0.5% 결제일할인 (전월 이용금액 관계없이 제공).\n- 스트리밍 이용료 건별 5,000원 이상 정기결제 시 2,000원 결제일할인 (전월 이용금액 30만원 이상 시 제공).\n- 롯데월드 어드벤처 매직패스프리미엄(2회권) 현장 구매 가능 (전월 이용금액 30만원 이상 시 제공). \n- 카드 디자인 선택 가능.'}"
T-economy KB국민카드,KB국민카드,https://d1c5n4ri2guedi.cloudfront.net/card/2474/card_img/28412/2474card.png,300000,"국내전용[15,000]원 / 해외겸용[15,000]원",신용,"{'기타 혜택(유의사항 등)': 'SKT 통신요금 자동이체 시 전월 실적에 따라 최대 17,000원 청구 할인 제공.'}"
EV카드,IBK기업은행,https://d1c5n4ri2guedi.cloudfront.net/card/2284/card_img/20682/2284card.png,300000,"국내전용 [9,000]원 / 해외겸용 [10,000]원",신용,"{'교통': '대중교통 이용금액의 0.5% 적립.', '주유': '전 주유소 및 전기차 충전 시 각각 0.5% 청구할인 제공.', '기타 혜택(유의사항 등)': '국내·외 이용금액의 0.3% 적립, 단 전기차 충전 및 주유금액은 적립 제외.'}"
NOL 카드,현대카드,https://d1c5n4ri2guedi.cloudfront.net/card/2521/card_img/28840/2521card.png,400000,"국내전용 [20,000원] / 해외겸용 [20,000원]",신용,"{'프리미엄': '국내 공항 라운지 무료 이용 혜택(월 1회, 연 2회 한도) 제공, 해외 여행 상품 100만원 이상 이용 시 자격 부여.', '기타 혜택(유의사항 등)': 'NOL 포인트 10% 적립, 전월 이용 금액에 따라 적립 한도 다름.'}"
삼성페이카드,삼성카드,https://d1c5n4ri2guedi.cloudfront.net/card/662/card_img/28102/662card.png,300000,"국내전용 [15,000]원 / 해외겸용 [15,000]원",신용,"{'해외': '해외 오프라인 가맹점에서 삼성페이로 결제 시 5% 할인(월 10만원 한도) 또는 전월 이용금액 관계없이 1.5% 할인 제공.', '기타 혜택(유의사항 등)': '국내 가맹점에서 삼성페이로 결제 시 최대 1.5% 청구할인 제공.'}"
1Q Special+,하나카드,https://d1c5n4ri2guedi.cloudfront.net/card/241/card_img/20468/241card.png,300000,"해외겸용 [10,000]원",신용,"{'쇼핑': '지역쇼핑 및 주유 실적에 따라 하나머니를 스페셜 적립해줍니다.', '카페/디저트': '스타벅스/커피빈 4천원 이상 결제 시 4천원 청구할 할인 (월 최대 4천원, 실적 30만원 이상 시 제공).', '공과금/렌탈': '이번달 합산 이용금액 10만원 이상 시 5천 하나머니 적립.', '기타 혜택(유의사항 등)': '온라인쇼핑, 통신/교통/자동이체, 해외 이용금액에 따라 최대 1만 머니 적립, 국내 음식점 1만5천원 이상 결제 시 1천원 청구할인 제공.'}"
Mile 1.6 대한항공,하나카드,https://d1c5n4ri2guedi.cloudfront.net/card/242/card_img/20469/242card.png,0,"해외겸용 [45,000]원",신용,"{'카페/디저트': '스타벅스에서 월 1회 4,000원 청구할인 제공 (연 12회).', 'OTT/영화/문화': 'CGV, 롯데시네마에서 영화관람권 구매 시 월 4,000원 청구할인 제공(연 12회).', '항공마일리지': 'HANA Mile은 국내 1,500원당 1.6마일, 해외 1,500원당 1.8마일 적립되며, 적립한 마일은 제휴 항공사 마일리지 또는 하나머니로 전환 가능하다.', '기타 혜택(유의사항 등)': '50만원 이상 이용 시 스타벅스 및 영화 청구할인 혜택 제공.'}"
일상의 기쁨카드(신용),IBK기업은행,https://d1c5n4ri2guedi.cloudfront.net/card/266/card_img/23586/266card.png,500000,"해외겸용 [10,000]원",신용,"{'교통': '버스, 지하철 이용 시 후불교통카드로 건당 200원 할인, 월 최대 2천원 한도.', '주유': '전 주유소 리터당 60원 할인(월 2회, 회당 10만원 한도).', '마트/편의점': '편의점 GS25, CU, 세븐일레븐 10% 할인(월 2회, 1회 1만원 한도); 대형마트 이마트, 홈플러스, 롯데마트 5% 할인(월 1회, 1회 10만원 한도).', '쇼핑': '쿠팡, 티켓몬스터, 위메프에서 20% 할인 (1일 1회, 월 2회, 1회 2만원 한도).', '카페/디저트': '주요 커피전문점 20% 할인 (1일 1회, 월 2회, 1회 2만원 한도).', 'OTT/영화/문화': 'CGV, 롯데시네마, 메가박스에서 월 1회, 연 12회 1만원 할인.', '기타 혜택(유의사항 등)': '올리브영 10% 할인(월 2회, 1회 1만원 한도), 당행 전자금융 이체수수료 및 타행 ATM 출금수수료 면제, 주요 놀이공원 무료입장 또는 할인(월 1회, 연 2회).'}"
the black,현대카드,https://d1c5n4ri2guedi.cloudfront.net/card/2757/card_img/37054/2756card_2.png,500000,"국내전용 [3,000,000]원 / 해외겸용 [3,000,000]원",신용,"{'공항라운지/PP': '인천국제공항 마티나 골드 라운지 무료 입장 및 발레파킹 서비스 무료 이용 혜택 제공.', '프리미엄': 'the Black 회원을 위한 라이프스타일 전담 매니저가 여행, 미식, 문화 등 다양한 콘텐츠와 예약 대행 서비스를 제공.', '기타 혜택(유의사항 등)': '국내 Luxury/Gourmet 영역에서 사용 가능한 50만원권 바우처 4매를 연 1회 제공.'}"
국민행복카드 S2,우리카드,https://d1c5n4ri2guedi.cloudfront.net/card/721/card_img/22195/721card.png,300000,국내전용 [없음] / 해외겸용 [없음],신용,"{'여행/숙박': '프리미엄 투어 서비스로 국내외 여행, 숙박, 항공권 할인 및 제주도 렌터카 무료 제공.', '해외': '해외가맹점 이용 시 1만원 이상 30만원 미만 1% 할인, 30만원 이상 2% 할인, 월 최대 2만원 청구할인.', '기타 혜택(유의사항 등)': '국민행복카드는 쇼핑/생활 업종 5%, 의료/보육 업종 7%, 디지털 구독 업종 20% 청구할인을 제공합니다.'}"
롯데백화점 FLEX카드,롯데카드,https://d1c5n4ri2guedi.cloudfront.net/card/695/card_img/22169/695card.png,500000,"국내전용 [100,000]원 / 해외겸용 [100,000]원",신용,"{'프리미엄': 'Mastercard World 카드 발급 시 Mastercard World 등급의 국제브랜드 서비스 제공.', '기타 혜택(유의사항 등)': '국내외 가맹점에서 L.POINT 0.5% 적립, 스타벅스 등에서 커피 50% 할인, 스트리밍 서비스 30% 할인, 롯데면세점 5~15% 현장할인 제공.'}"
별다줄카드,NH농협카드,https://d1c5n4ri2guedi.cloudfront.net/card/2305/card_img/23590/2305card.png,300000,"국내전용 [12,000]원 / 해외겸용 [14,000]원",신용,"{'쇼핑': '국내 온라인 전자상거래에서 7% 청구할인 제공.', '공항라운지/PP': '국제공항 라운지 무료 이용 연 2회 제공.', '기타 혜택(유의사항 등)': '- FLEX, RE-SELL, FUN 가맹점에서 최대 14% 청구할인 제공, 생활업종 5% 청구할인, 주요 놀이공원 현장할인 혜택.'}"
삼성스토어 BENEFIT 삼성카드,삼성카드,https://d1c5n4ri2guedi.cloudfront.net/card/729/card_img/28578/729card.png,300000,"국내전용 [20,000]원 / 해외겸용 [20,000]원",신용,"{'쇼핑': '삼성닷컴에서 3% 결제일 할인 제공, 연 할인한도 30,000원, 전월 이용금액 30만원 이상 시 적용.', '공과금/렌탈': '생활요금 자동납부 시 라이트할부 이용 여부에 따라 최대 10% 결제일 할인 제공.', '기타 혜택(유의사항 등)': '주유 및 온라인쇼핑몰 결제 시 라이트할부 이용 여부에 따라 최대 6% 할인 제공.'}"
Daily With(데일리위드)카드,IBK기업은행,https://d1c5n4ri2guedi.cloudfront.net/card/655/card_img/21418/655card.png,500000,"국내전용 [10,000]원 / 해외겸용 [12,000]원",신용,"{'교통': '대중교통과 주유 이용 시 최대 월 50만원까지 캐시백 제공.', '통신': 'SKT, KT, LGU+, CJ헬로 이동통신 요금 자동이체 시 혜택 제공.', '마트/편의점': '대형마트와 편의점에서 오프라인 결제 시 캐시백 제공.', '쇼핑': '쿠팡, 11번가, G마켓, 위메프에서 온라인쇼핑 혜택 제공.', '푸드': '전국 음식점, 주점, 커피전문점에서 오프라인 결제 시 캐시백 제공.', '병원/약국': '오프라인 매장에서 종합병원, 병의원, 한의원, 치과 결제 시 병원비 캐시백 제공.', '기타 혜택(유의사항 등)': '6대 생활영역에서 기본 1% 캐시백과 가장 많이 이용한 영역에 대해 추가 1% 캐시백 제공, 단 주유는 월 50만원 한도.'}"
삼성페이 삼성카드 taptap,삼성카드,https://d1c5n4ri2guedi.cloudfront.net/card/63/card_img/28054/63card.png,300000,"국내전용 [10,000]원 / 해외겸용 [10,000]원",신용,"{'통신': 'SKT·KT·LG U+ 이동통신요금 자동납부 시 10% 청구할인(월 5,000원 한도, 전월 이용금액 30만원 이상 시 제공).', 'OTT/영화/문화': '전국 CGV 및 롯데시네마에서 10,000원 이상 결제 시 5,000원 청구할인 제공.', '기타 혜택(유의사항 등)': '삼성 페이로 결제 시 10% 할인(월 한도 5,000원), 모든 가맹점에서 0.3% 할인 제공.'}"
신한카드 SOL Plan,신한카드,https://d1c5n4ri2guedi.cloudfront.net/card/2899/card_img/44318/2899card.png,400000,"국내전용 [30,000]원 / 해외겸용 [33,000]원",신용,"{'기타 혜택(유의사항 등)': '신한카드 SOL Plan은 국내외 이용 시 최대 1.5% 기본 적립과 주유/온라인쇼핑/배달 시 최대 5% 특별 적립을 제공하며, OTT/멤버십 영역에서 최대 1만5천 포인트를 적립할 수 있습니다.'}"
아시아나 듀얼마일리지 롯데카드,롯데카드,https://d1c5n4ri2guedi.cloudfront.net/card/2594/card_img/30943/2594card.png,0,"국내전용 [43,000원] / 해외겸용 [45,000원]",신용,"{'공항라운지/PP': '스카이허브 라운지와 마티나 라운지를 연 1회 무료 이용 가능, 이용금액 300만원 이상 시.', '기타 혜택(유의사항 등)': '아시아나 듀얼마일리지 롯데카드로 특별적립처 이용 시 아시아나클럽 마일리지 더블 적립, 기본적립은 국내 1,000원당 1마일, 해외 1,000원당 2마일 적립.'}"
올바른 NEW HAVE+카드,NH농협카드,https://d1c5n4ri2guedi.cloudfront.net/card/636/card_img/21402/636card.png,0,"국내전용 [23,000]원 / 해외겸용 [25,000]원",신용,"{'프리미엄': '국내전용 카드와 MASTERCARD PLATINUM을 통한 프리미엄 브랜드 서비스 제공.', '기타 혜택(유의사항 등)': '국내외 가맹점에서 0.7% NH포인트 적립, 특정 영역에서 추가 적립 가능, 전월실적 40만원 이상 시 금융 서비스 제공.'}"
신세계 BC 바로 SEVEN FLEX,BC 바로카드,https://d1c5n4ri2guedi.cloudfront.net/card/2383/card_img/25485/2383card.png,300000,"국내전용 [20,000]원 / 해외겸용 [20,000]원",신용,"{'쇼핑': '신세계백화점·W concept 등에서 7% 할인 제공.', '카페/디저트': '카페·편의점·제과점에서 7% 할인 제공.', '간편결제': '네이버페이·카카오페이 등에서 온라인 가맹점 이용 시 7% 할인.', '프리미엄': 'VISA Platinum 서비스 제공, 해외겸용 카드의 경우 기본 서비스만 제공.', '기타 혜택(유의사항 등)': '운동·골프·병원·약국·이/미용원에서 7% 할인, 통신요금·대중교통 등에서도 7% 할인 제공.'}"
신세계 BC 바로 콰트로 플러스,BC 바로카드,https://d1c5n4ri2guedi.cloudfront.net/card/2380/card_img/25482/2380card.png,300000,"국내전용 [5,000]원 / 해외겸용 [5,000]원",신용,"{'교통': '주유소, 전기차 충전소, 대중교통, 택시에서 4% 할인.', '쇼핑': '신세계백화점·이마트 5% 할인, SSG·쿠팡·G마켓·옥션·11번가 7% 할인.', '푸드': '스타벅스, 이디야, 아웃백 등에서 10% 할인.', '프리미엄': 'VISA Platinum 서비스 제공, 해외겸용 카드의 경우 기본 서비스만 제공.', '기타 혜택(유의사항 등)': '병원, 약국, 통신사 휴대폰요금 자동이체 시 5% 할인 제공.'}"
트래블로그 SKYPASS 신용카드,하나카드,https://d1c5n4ri2guedi.cloudfront.net/card/2729/card_img/36137/2729card_1.png,0,"국내전용 [48,000]원 / 해외겸용 [48,000]원",신용,"{'해외': '트래블로그 SKYPASS 신용카드는 외화 하나머니로 해외결제 시 수수료가 면제되며, 잔액 부족 시 자동 충전 기능이 제공된다.', '기타 혜택(유의사항 등)': '대한항공 마일리지는 국내외 가맹점에서 1,500원당 1마일 적립되며, 적립한도는 없고 특정 공과금은 제외됩니다.'}"
현대카드H,현대카드,https://d1c5n4ri2guedi.cloudfront.net/card/2879/card_img/44407/2879card_1.png,400000,"국내전용 [15,000]원 / 해외겸용 [15,000]원",신용,"{'프리미엄': '메탈 플레이트 제공, 발급 수수료 7만원, 신청 후 평균 3주 소요.', '기타 혜택(유의사항 등)': '전월 이용 금액 40만원 이상 시 교육 및 병원 10%, 이동통신 요금, 아파트 관리비, 도시가스 요금 정기결제 5% 청구 할인 제공.'}"
신협-신한카드 RPM+Platinum#,신협,https://d1c5n4ri2guedi.cloudfront.net/card/1593/card_img/22624/1593card.png,500000,"해외겸용 [32,000]원",신용,"{'주유': '모든 주유소에서 리터당 40~150포인트, 충전소에서 10~50포인트 적립, 월 30만원 한도 초과 시 일반적립률 적용.', '마트/편의점': '롯데마트, 이마트, 홈플러스, 편의점에서 전월 이용금액에 따라 1~5% 마이신한포인트 적립.', '쇼핑': '롯데/현대백화점, 11번가/G마켓/옥션, CJ오쇼핑/CJmall에서 전월 이용금액에 따라 1~5% 마이신한포인트 적립.', '프리미엄': '신한카드 RPM+ Platinum# 소지 시 1일 무료주차, 공항 무료커피, 레스토랑 10% 할인, 발렛파킹 무료 서비스 및 패션/요식 업종 2% 적립 혜택 제공.', '기타 혜택(유의사항 등)': '택시 및 차량 정비소에서 전월 이용금액에 따라 1~5% 마이신한포인트 적립, 국내외 모든 가맹점에서 0.2~2.0% 적립.'}"
스타필드 신한카드,신한카드,https://d1c5n4ri2guedi.cloudfront.net/card/2873/card_img/43924/2873card.png,400000,"국내전용 [17,000]원 / 해외겸용 [20,000]원",신용,"{'마트/편의점': '마트와 편의점에서 5% 할인 제공, 전월 이용금액에 따라 통합 할인한도 적용.', '쇼핑': '스타필드 할인은 전월 이용금액에 따라 최대 4만원까지 제공되며, 온라인쇼핑은 5% 할인 적용됩니다.', '카페/디저트': '스타벅스 5% 결제일 할인, 전월 이용금액에 따라 신세계 계열사 및 라이프 영역 통합 할인한도 적용.', '병원/약국': '동물병원에서 5% 할인 및 전월 이용금액에 따른 신세계 계열사, 라이프 영역 통합 할인한도가 제공됩니다.', '레저/스포츠': '스몹 5% 결제일 할인, 전월 이용금액에 따라 신세계 계열사 및 라이프 영역 월간 통합 할인한도 제공.', 'OTT/영화/문화': '영화관에서 5% 할인, 전월 이용금액에 따라 신세계 계열사 및 라이프 영역 통합 할인한도 적용.', '기타 혜택(유의사항 등)': '신세계백화점, 까사미아, 배달앱, 올리브영에서 각각 5% 결제일 할인이 제공되며, 오프라인 매장에서만 적용됩니다.'}"
현대카드 X Cut,현대카드,https://d1c5n4ri2guedi.cloudfront.net/card/2842/card_img/43703/2842card.png,500000,"국내전용 [30,000]원 / 해외겸용 [30,000]원",신용,"{'프리미엄': '메탈 플레이트 제공, 발급 수수료 10만원, 신청 후 평균 3주 소요.', '기타 혜택(유의사항 등)': '전월 이용 금액 50만원 이상 시 국내외 가맹점 1% 청구 할인, 100만원 이상 시 뷰티/생활/패션, 배달 앱, 편의점 5% 청구 할인 제공.'}"
신한카드 혼디모앙,신한카드,https://d1c5n4ri2guedi.cloudfront.net/card/738/card_img/22212/738card.png,0,"국내전용 [30,000]원 / 해외겸용 [33,000]원",신용,"{'교통': '버스 이용금액 10% 결제일 할인 제공.', '주유': '모든 주유소 이용금액 5% 포인트 적립(월 최대 1만 5천 포인트), 전기차 충전소 이용금액 30% 포인트 적립(월 최대 1만 5천 포인트).', '통신': '이동통신요금 자동이체 시 5% 할인 제공.', '마트/편의점': '제주 특화 서비스에서 제스코마트 및 마트로 10%, 농협 하나로마트 5%, 대형마트 3% 포인트 적립.', '쇼핑': '온라인 쇼핑몰에서 5만원 이상 결제 시 2,500원 할인, 월 1회, 연 최대 12회 제공.', '레저/스포츠': '제주 특화 서비스로 실외 골프장, 제주신화월드, 에이바우트커피 이용 시 각각 5% 및 10% 포인트 적립, 월 최대 1만 포인트까지 적립 가능.', '기타 혜택(유의사항 등)': '일시불 및 할부 이용금액 0.2% 포인트 적립, 제주도 가맹점 이용 시 전월 이용금액에 따라 0.3%~0.6% 추가 적립.'}"
HERITAGE Exclusive,KB국민카드,https://d1c5n4ri2guedi.cloudfront.net/card/2540/card_img/29516/2540card.png,0,"국내전용 [2,000,000원] / 해외겸용 [2,000,000원]",신용,"{'프리미엄': '프리미엄 서비스로 골프클럽 이용권, 호텔 멤버십, 대한항공 항공권 좌석 승급 및 동반자 무료 항공권, 골프클럽 및 공항 리무진 이용권, 골프백 딜리버리 서비스, 의료 동행 서비스, 밀리의 서재 구독권, LoungeKey 서비스, 롯데호텔 우대 서비스, KB국민은행 금융 서비스 및 Visa Infinite 서비스 제공.', '기타 혜택(유의사항 등)': '국내 가맹점 1% 적립, 특화 영역 1% 추가 적립, 해외 가맹점 3% 적립 혜택 제공.'}"
BeV Ⅲ 카드,KB국민카드,https://d1c5n4ri2guedi.cloudfront.net/card/133/card_img/20362/133card.png,500000,"해외겸용 [200,000]원",신용,"{'주유': '전 주유소에서 리터당 100원 할인, 전월 이용실적에 따라 최대 40만원 한도.', '프리미엄': 'BeV III카드로 해외여행상품 예약 시 3~5% 할인, 제주 렌트카 24시간 요금 지원, 비전힐스 PAR3 주중 1만원 할인, 도서 요약 및 오디오북 서비스 제공, KB국민은행 거래 시 수수료 감면/면제 혜택.', '기타 혜택(유의사항 등)': '연 1회, 4가지 쿠폰 서비스 중 1가지를 선택할 수 있으며, 특정 이용 조건을 충족해야 쿠폰을 이용할 수 있습니다.'}"
Hyundai Mobility(모빌리티) 카드,현대카드,https://d1c5n4ri2guedi.cloudfront.net/card/740/card_img/22214/740card.png,500000,"국내전용 [30,000]원 / 해외겸용 [30,000]원",신용,"{'기타 혜택(유의사항 등)': '당월 이용금액 50만원 이상 시 업종별 최대 3% 블루멤버스 포인트 적립, 현대차 신차 구매 시 1.5% 추가 적립.'}"
Kia Members 전기차 신용카드,현대카드,https://d1c5n4ri2guedi.cloudfront.net/card/2196/card_img/21810/2196card.png,500000,"국내 [30,000]원 / 해외겸용 [30,000]원",신용,"{'자동차/하이패스': '전기차 충전 시 당월 이용금액에 따라 30~70% 할인, 월 최대 2만원 한도.', '기타 혜택(유의사항 등)': '당월 이용금액 50만원 이상 시 M포인트와 기아멤버스 포인트 각각 0.5% 적립, 기아 신차 구매 시 추가 적립 혜택 제공.'}"
Hyundai Mobility(모빌리티) Platinum,현대카드,https://d1c5n4ri2guedi.cloudfront.net/card/741/card_img/22215/741card.png,500000,"국내전용 [70,000]원 / 해외겸용 [70,000]원",신용,"{'프리미엄': '- 스타벅스, 폴바셋, 이디야 결제 시 건당 500원 할인 (월 1회, 연 12회 한도) 및 서울 대도시 제휴 주차장 주말 무료 주차 (일 1회, 연 20회 한도).\n- VISA/MasterCard 플래티넘서비스로 국내 특급호텔 F&B 할인, 객실 할인, 면세점 할인, 무료 발레파킹 및 렌터카 서비스 제공.', '기타 혜택(유의사항 등)': '당월 이용금액에 따라 최대 3% 블루멤버스 포인트 적립, 현대차 신차 구매 시 2% 추가 적립.'}"
KTX 삼성카드,삼성카드,https://d1c5n4ri2guedi.cloudfront.net/card/2853/card_img/43424/2853card.png,400000,"국내전용 [20,000]원 / 해외겸용 [20,000원]",신용,"{'기타 혜택(유의사항 등)': '국내외 가맹점 0.5% KTX 마일리지 포인트 기본 적립, 한국철도공사 가맹점 이용 시 5% 추가 적립, 생활 필수 영역(커피전문점, 편의점, 할인점, 택시) 0.5% 추가 적립.'}"
K-패스 우리카드,우리카드,https://d1c5n4ri2guedi.cloudfront.net/card/2784/card_img/38823/2784card.png,400000,"국내전용 [15,000]원",신용,"{'교통': '대중교통(버스, 지하철) 이용 시 10% 청구할인 제공.', '마트/편의점': 'CU, GS25에서 10% 청구할인 (1만원 이상 결제 시, 전월 40만원 이상 이용 시 제공).', '기타 혜택(유의사항 등)': '국내 가맹점 0.3% 청구할인, 스타벅스 및 폴바셋 10% 청구할인 제공 (전월 이용실적 40만원 이상 시).'}"
LG U+ 삼성카드,삼성카드,https://d1c5n4ri2guedi.cloudfront.net/card/784/card_img/33132/784card.png,300000,"국내전용 [20,000]원 / 해외겸용 [20,000]원",신용,"{'기타 혜택(유의사항 등)': '- LG U+에서 단말기 구매 시 24개월 라이트할부 제공 (최소 10만원, 연 5.9% 수수료).\n- LG U+ 통신요금 자동납부 시 전월 생활요금 자동납부 결제건수에 따라 최대 16,000원 할인.'}"
kt DC PLUS,BC 바로카드,https://d1c5n4ri2guedi.cloudfront.net/card/2607/card_img/31232/2607card.png,300000,"국내전용 [12,000원] / 해외겸용 [12,000원]",신용,"{'주유': '전월 실적 30만원 이상 시 SK주유소에서 1% 할인, 월 할인한도 1천원.', '프리미엄': '해외겸용 카드 발급 시 Mastercard Platinum 또는 VISA Young Premium 서비스 제공.', '기타 혜택(유의사항 등)': 'KT 통신요금 결제 시 전월 실적에 따라 최대 13,000원 할인 제공.'}"
K-22(Mileage),IBK기업은행,https://d1c5n4ri2guedi.cloudfront.net/card/2536/card_img/29417/2536card.png,500000,"국내전용 [219,000]원 / 해외겸용 [220,000]원",신용,"{'항공마일리지': '대한항공(Skypass) 마일리지 적립: 국내 1,500원당 1마일, 해외/항공/호텔/면세점 1,500원당 2마일 적립, 단 월간 10만 포인트까지 더블적립.', '프리미엄': 'K22카드는 전 세계 공항라운지 무료 이용, 국내 골프장 할인 및 무료 커피 제공, 다양한 할인 혜택을 제공합니다.', '기타 혜택(유의사항 등)': '연 1회 바우처 서비스 제공(5가지 중 택 1): 외식통합이용권, 신세계상품권, 골프문화상품권, 주유상품권, TOP포인트 적립.'}"
The Easy카드,KB국민카드,https://d1c5n4ri2guedi.cloudfront.net/card/146/card_img/20372/146card.png,0,"국내전용 [15,000]원 / 해외겸용 [15,000]원",신용,"{'기타 혜택(유의사항 등)': 'KB국민 The Easy카드는 기본적으로 0.7% 적립 또는 할인되며, 추가로 7대 영역에서 높은 이용금액에 따라 최대 5% 추가 적립/할인이 제공됩니다.'}"
WE:SH All+ 카드,KB국민카드,https://d1c5n4ri2guedi.cloudfront.net/card/2837/card_img/41505/2837card.png,400000,"국내전용 [55,000]원 / 해외겸용 [55,000]원",신용,"{'해외': '해외 가맹점 2% 할인 (전월 이용실적 40만원 이상 시 제공, 최초 발급 후 한정 혜택).', '기타 혜택(유의사항 등)': 'KB WE:SH All 카드로 국내 가맹점 1% 할인, 쇼핑 멤버십 50%, OTT 10%, 이동통신 5% 할인 제공.'}"
SmileCard the Club,현대카드,https://d1c5n4ri2guedi.cloudfront.net/card/853/card_img/21689/853card.png,0,"국내전용 [50,000]원 / 해외겸용 [50,000]원",신용,"{'간편결제': '스마일페이 결제 시 가맹점에 따라 1%~3% 스마일캐시 적립, 전월 실적 조건 및 한도 제한 없음.', '프리미엄': '프리미엄 서비스는 특급호텔 F&B 할인, 국내 특급호텔 객실 할인, 면세점 할인 혜택을 제공합니다.', '기타 혜택(유의사항 등)': '스마일클럽 자동 가입 및 연회비 3만원 지원.'}"
the Pink Edition2,현대카드,https://d1c5n4ri2guedi.cloudfront.net/card/2752/card_img/36946/2752card_2.png,500000,"국내전용 [150,000]원 / 해외겸용 [150,000]원",신용,"{'프리미엄': '메탈 플레이트 제공, 발급 수수료 10만원 또는 10만 M포인트 필요.', '기타 혜택(유의사항 등)': '- 국내외 가맹점 1.5% M포인트 적립, 프리미엄쇼핑 영역 5% 적립, 공항 라운지 연간 5회 무료 이용 및 발레파킹 무료 제공.'}"
배민 곱빼기카드,현대카드,https://d1c5n4ri2guedi.cloudfront.net/card/2726/card_img/36092/2725_3card.png,400000,"국내전용 [30,000]원 / 해외겸용 [30,000]원",신용,"{'프리미엄': 'Mastercard Platinum 기본서비스를 2024년 12월 31일까지 이용할 수 있습니다.', '기타 혜택(유의사항 등)': '전월 이용 금액 40만원 이상 시 국내외 가맹점 0.5% 및 특정 영역에서 최대 5% 배민포인트 적립.'}"
zgm shopping카드,NH농협카드,https://d1c5n4ri2guedi.cloudfront.net/card/2648/card_img/32138/2648card.png,500000,"국내전용 [50,000]원 / 해외겸용 [55,000]원",신용,"{'쇼핑': '온·오프라인 쇼핑 시 최대 15% NH포인트 적립, 전월 실적에 따라 적립 한도는 최대 40,000P.', '기타 혜택(유의사항 등)': '- 카드 발급 후 12개월 동안 1,800만원 이상 이용 시 기본적립 포인트의 5%를 추가적립하며, 현대백화점면세점 BLACK 등급 멤버십이 제공됩니다.'}"
TWO CHAIRS,우리카드,https://d1c5n4ri2guedi.cloudfront.net/card/2627/card_img/31712/2627card.png,0,"해외겸용 [2,500,000]원",신용,"{'프리미엄': '- 공항라운지 서비스: 전월 50만원 이상 이용 시 본인 및 동반 3인까지 월 8회 무료 이용 가능.\n- 항공사 마일리지 전환: 우리WON꿀머니를 아시아나 항공 마일리지로 전환 가능, 일 1회, 연 최대 10만 마일리지.\n- 메탈 플레이트 제공: 특수 소재의 메탈 플레이트 기본 제공, 발급까지 평균 15일 소요.\n- 다이닝 프리빌리지 서비스: 호텔 레스토랑에서 일정 금액 이상 결제 시 현장 할인 제공, 전월 50만원 이상 이용 시 월 1회, 연 6회 제공.', '기타 혜택(유의사항 등)': '- 프리미엄 기프트 3종 연 1회 제공, 모아포인트 100만점 적립, 백화점 상품권 모바일 교환권 100만원, 프리미엄 호텔 외식 이용권 50만원 제공.'}"
S1카드,Sh수협은행,https://d1c5n4ri2guedi.cloudfront.net/card/1961/card_img/22037/1961card.png,0,"국내전용 [10,000]원  해외겸용 [12,000]원",신용,"{'주유': '전국 모든 주유소에서 전월 실적에 따라 최대 30,000원까지 할인 혜택 제공.', '마트/편의점': '전국 모든 마트, 슈퍼, 편의점에서 전월 실적에 따라 최대 30,000원까지 할인 혜택 제공.', '쇼핑': '전국 모든 백화점, 면세점, 홈쇼핑, 온라인쇼핑에서 전월 실적에 따라 최대 30,000원의 할인 혜택 제공.', '푸드': '전국 모든 음식점에서 전월 실적에 따라 최대 30,000원까지 할인 혜택 제공.', '병원/약국': '전국 모든 병원, 의원, 한의원, 약국에서 전월 실적에 따라 최대 30,000원까지 할인 혜택 제공.', '교육/육아': '전국 모든 학원에서 전월 실적에 따라 최대 30,000원까지 할인 혜택 제공.', '레저/스포츠': '전국 골프장, 스포츠센터, 영화관 등에서 전월 실적에 따라 최대 30,000원 할인 제공.', '기타 혜택(유의사항 등)': '선택한 1개 업종에서 7% 청구 할인, 전월 실적에 따라 할인 한도 최대 30,000원 제공.'}"
다둥이 행복카드,우리카드,https://d1c5n4ri2guedi.cloudfront.net/card/546/card_img/21252/546card.png,0,해외겸용 [없음],신용,"{'교통': '서울 대중교통(버스/지하철) 결제금액의 10% 청구 할인, 자녀 수에 따라 최대 5천원 한도 제공.', '주유': 'GS칼텍스 주유소에서 리터당 최대 80원 할인 혜택 제공.', '쇼핑': '유아 출산 유명 의류 10% 할인, 한국프뢰벨 3% 청구 할인, 현대 홈쇼핑 3% 할인 및 1% 포인트 적립, 생활/교육/문화 할인 제공.', 'OTT/영화/문화': '전국 CGV, 롯데시네마, 메가박스에서 본인 2,000원 할인, 주요 놀이공원 자유이용권 50% 할인, 전국 주요 콘도 최대 72% 할인 혜택 제공.', '기타 혜택(유의사항 등)': '다둥이 행복카드는 최대 0.9% 포인트 적립과 다양한 패밀리레스토랑 할인 혜택을 제공합니다.'}"
기후동행 삼성카드,삼성카드,https://d1c5n4ri2guedi.cloudfront.net/card/2771/card_img/38066/2771card_1.png,400000,"국내전용 [7,000]원 / 해외겸용 [7,000]원",신용,"{'교통': '서울시 기후동행카드는 대중교통과 따릉이를 무제한 이용할 수 있는 정기권 후불교통카드입니다.', '통신': '이동통신요금 정기결제 시 5% 또는 7% 할인 제공, 전월 이용금액에 따라 할인한도는 최대 6,000원.', '카페/디저트': '커피전문점과 편의점에서 10% 결제일 할인 제공, 전월 이용금액에 따라 월 할인한도는 최대 6,000원.', '해외': '해외 가맹점 및 직접구매 시 결제일 1% 할인 제공.', '기타 혜택(유의사항 등)': '배달앱, 온라인쇼핑몰, 헬스&뷰티, 생활잡화에서 결제일 할인 혜택 제공, 디지털 콘텐츠 정기결제 시 30% 할인.'}"
THE iD. TITANIUM(포인트),삼성카드,https://d1c5n4ri2guedi.cloudfront.net/card/2461/card_img/28297/2461card.png,500000,"국내전용 [695,000]원 / 해외겸용 [700,000]원",신용,"{'공항라운지/PP': 'THE Lounge 앱을 통해 국내외 공항 라운지를 월 6회, 연 12회 무료 이용할 수 있으며, 전월 이용금액 50만원 이상 시 제공됩니다.', '프리미엄': 'VISA INFINITE 등급의 국제브랜드 서비스 제공.', '기타 혜택(유의사항 등)': '매년 5가지 기프트 중 2가지를 선택하여 이용할 수 있으며, 카드 발급 첫 해 50만원, 이후 600만원 이상 이용 시 신청 가능.'}"
삼성 iD CARE 카드,삼성카드,https://d1c5n4ri2guedi.cloudfront.net/card/2875/card_img/43985/2875card_1.png,300000,"국내전용 [20,000]원 / 해외겸용 [20,000]원",신용,"{'통신': '이동통신 요금 정기결제 시 5% 결제일 할인 제공, 월 할인한도는 이용금액에 따라 최대 9,000원.', '공과금/렌탈': '아파트 관리비 및 4대 사회보험 5% 결제일 할인, 전월 이용금액에 따라 최대 9,000원 할인 제공.', '병원/약국': '병원 및 약국에서 의료비 5% 할인, 전월 이용금액에 따라 최대 9,000원까지 할인 제공.', '기타 혜택(유의사항 등)': '- 전월 이용금액에 따라 3,000원 ~ 9,000원 할인, 보험료 결제 시 10,000원 할인, 차량 정비 시 다양한 할인 제공.'}"
삼성 iD STATION 카드 (SK에너지),삼성카드,https://d1c5n4ri2guedi.cloudfront.net/card/2828/card_img/40177/2828card.png,400000,"국내전용 [15,000]원 / 해외겸용 [15,000]원",신용,"{'주유': 'SK주유소에서 주유 시 10% 할인, 전월 이용금액에 따라 최대 35,000원 할인.', '통신': '통신요금 정기결제 시 5% 할인(최대 5,000원), 전월 이용금액 40만원 이상 시 제공.', '마트/편의점': '편의점에서 5% 결제일 할인 제공, 통합 월 할인한도 5,000원.', '쇼핑': '온라인쇼핑몰에서 5% 결제일 할인, 통합 월 할인한도 5,000원, 전월 이용금액 40만원 이상 시 제공.', '기타 혜택(유의사항 등)': '차량 정비 시 엔진오일 교환 2만 원 할인, 안전점검 및 타이어 수리/교환 무료 제공.'}"
신한카드 MY CAR,신한카드,https://d1c5n4ri2guedi.cloudfront.net/card/693/card_img/22167/693card.png,400000,"국내전용 [27,000]원 / 해외겸용 [30,000]원",신용,"{'주유': '전국 모든 주유소에서 리터당 80원, 충전소에서 리터당 40원 할인 (월 최대 15만원 한도).', '카페/디저트': '전국 모든 커피전문점에서 월 최대 2천원 결제일 할인 제공.', '자동차/하이패스': '신한카드 MY CAR로 자동차 구매 시 0.2% 캐시백(한도 10만원) 제공, 전기차 충전요금 30% 할인, 주차장 및 카카오T 대리운전 이용 시 각각 월 최대 4천원 할인, 하이패스 요금 월 최대 1천원 할인.', '기타 혜택(유의사항 등)': '4대 정비업체에서 이용 시 건당 2만원 결제일 할인, 연 최대 4만원 제공.'}"
신한카드 Deep Store,신한카드,https://d1c5n4ri2guedi.cloudfront.net/card/43/card_img/20124/43card.png,300000,"해외겸용 [13,000]원",신용,"{'마트/편의점': '주말에 대형마트(이마트, 롯데마트, 홈플러스)에서 10% 할인 혜택 제공.', '쇼핑': '생활쇼핑 가맹점에서 5만원 이상 결제 시 최대 15% 할인(월 8회 한정).', '카페/디저트': '커피전문점 및 제과점에서 10% 할인, 일 1회, 월 3회 적용.', 'OTT/영화/문화': '주말 롯데시네마 현장 예매 시 5천원 할인.', '기타 혜택(유의사항 등)': '주말 복합쇼핑몰에서 10% 할인 혜택 제공.'}"
쿠쿠 X LOCA,롯데카드,https://d1c5n4ri2guedi.cloudfront.net/card/2822/card_img/39863/2822card.png,300000,"국내전용 [20,000]원 / 해외겸용 [20,000]원",신용,"{'공과금/렌탈': '쿠쿠 렌탈료 결제 시 카드 이용 실적에 따라 최대 27,000원 할인 혜택 제공.', '기타 혜택(유의사항 등)': '쿠쿠에서 40만원 이상 장기 할부 이용 시, 카드 이용 실적에 따라 최대 25,000원 캐시백 지급.'}"
원더 K리그 축덕카드,하나카드,https://d1c5n4ri2guedi.cloudfront.net/card/2671/card_img/32541/2671card.png,0,"국내전용 [19,900]원 / 해외겸용 [19,900]원",신용,"{'쇼핑': '- 쿠팡에서 2% 할인, 온라인식품&쇼핑 4% 할인(컬리, SSG.COM 등), 오픈마켓 4% 할인(G마켓, 옥션 등) 제공.', '간편결제': '하나페이를 제외한 간편결제에서 1.2% 할인 제공.', '기타 혜택(유의사항 등)': '- 전가맹점 0.8% 할인, 배달앱 4% 할인(실적 기준), 택시 4% 할인(실적 기준), 국내 5만원 이상 결제 시 2~3개월 무이자할부 제공.'}"
수협 ALL드림,Sh수협은행,https://d1c5n4ri2guedi.cloudfront.net/card/2925/card_img/45767/2925card.png,300000,"국내전용 [18,000]원 / 해외겸용 [19,000]원",신용,"{'주유': '전 주유소 리터당 60원 청구할인(전월 이용실적 50만원 이상 시, 일 1회/월 2회, 1회 5만원 한도).', '마트/편의점': '대형마트에서 이마트, 롯데마트, 홈플러스 이용 시 10% 청구할인, 전월 실적에 따라 최대 1만원까지 할인.', '쇼핑': '쿠팡/옥션/G마켓에서 전월 실적에 따라 최대 5천원 청구할인 제공.', '푸드': '음식점/커피전문점/편의점에서 전월 실적에 따라 최대 10% 청구할인 제공, 일 1회/월 10회 적용.', '병원/약국': '병원/약국에서 20% 청구할인, 전월 실적에 따라 최대 1만원 할인.', '기타 혜택(유의사항 등)': '배달앱, 생활요금, 택시 이용 시 전월 실적에 따라 최대 10% 청구할인 제공.'}"
신한카드 Simple Platinum# Splendor Plus,신한카드,https://d1c5n4ri2guedi.cloudfront.net/card/2906/card_img/44753/2906card.png,0,"국내전용 [27,000]원 / 해외겸용 [27,000]원",신용,"{'OTT/영화/문화': 'CGV, 메가박스에서 영화 예매 시 최대 3천원 할인 (9천원 이상 1,500원, 18천원 이상 3,000원).', '프리미엄': 'Platinum# 카드로 인천공항 발렛파킹 무료(월 3회), 공항 내 무료 커피 및 레스토랑 할인, 특급호텔 레스토랑 및 객실 할인, 주요 패션/요식 거리 이용금액 2% 적립, 무료주차 서비스 제공.', '기타 혜택(유의사항 등)': '국내외 가맹점 1% 캐시백, 생활밀착 가맹점에서 총 1.7% 캐시백, 서울랜드 50% 할인 제공.'}"
현대카드D,현대카드,https://d1c5n4ri2guedi.cloudfront.net/card/2878/card_img/44404/2878card_1.png,400000,"국내전용 [15,000]원 / 해외겸용 [15,000]원",신용,"{'프리미엄': '메탈 플레이트 제공, 발급 수수료 7만원, 신청 후 평균 3주 소요.', '기타 혜택(유의사항 등)': '전월 이용 금액 40만원 이상 시 일반음식점 및 배달 앱 10%, 커피전문점, 편의점, 대중교통 5% 청구 할인 제공.'}"
싱가포르항공 크리스플라이어 더 베스트 신한카드,신한카드,https://d1c5n4ri2guedi.cloudfront.net/card/2592/card_img/30924/2592card.png,500000,"국내전용 [247,000]원 / 해외겸용 [250,000]원",신용,"{'항공마일리지': '싱가포르항공 크리스플라이어 더 베스트 신한카드로 연회비 완납 시, 발급 첫해와 매년 1백만원 이상 이용 시 각각 1만 5천 마일리지 적립, 2천만원 이상 이용 시 추가 2천 마일리지 적립.', '공항라운지/PP': '싱가포르항공 크리스플라이어 더 베스트 신한카드로 연 2회 The Lounge 공항 라운지 무료 이용 가능.', '기타 혜택(유의사항 등)': '싱가포르항공 크리스플라이어 엘리트 멤버십을 제공하며, 실버 등급은 5백만원, 골드 등급은 2천만원 이상 이용 시 부여됩니다.'}"
신한카드 The ACE BLUE LABEL,신한카드,https://d1c5n4ri2guedi.cloudfront.net/card/2788/card_img/39070/2788card.png,0,"해외겸용 [700,000]원",신용,"{'항공마일리지': '대한항공 또는 아시아나항공 마일리지 적립(택 1) 및 마이신한포인트 1%~3% 적립 혜택 제공.', '공항라운지/PP': '전 세계 900여개 공항 VIP라운지를 무료로 이용할 수 있는 Priority Pass 카드가 제공됩니다.', '프리미엄': '프리미엄 카드 소지자는 연 3회 Premium Box 서비스를 통해 클럽 라운지, 호텔 스파 할인, 골프공 증정 혜택을 이용할 수 있습니다.', '기타 혜택(유의사항 등)': '신한카드 The ACE BLUE LABEL 카드로 연회비 납부 및 이용 실적에 따라 매년 1회 특급호텔 멤버십, 동반자 무료 항공권, 해외 호텔 2박 무료 서비스 중 하나를 선택하여 이용할 수 있습니다.'}"
카드의정석 UNTACT PLATINUM,우리카드,https://d1c5n4ri2guedi.cloudfront.net/card/607/card_img/21374/607card.png,400000,"국내전용 [25,000]원 / 해외겸용 [25,000]원",신용,"{'공항라운지/PP': '공항라운지 무료 이용(월 1회, 연 2회) 제공, 전월 실적 40만원 이상 시 가능.', '해외': '해외 가맹점에서 결제 시 2% 청구할인(월 3만원 한도).', '기타 혜택(유의사항 등)': '정기결제 시 최대 20% 청구할인 제공, 전월 실적에 따라 할인 한도 차등 적용.'}"
현대카드S,현대카드,https://d1c5n4ri2guedi.cloudfront.net/card/2881/card_img/44413/2881card_1.png,400000,"국내전용 [15,000]원 / 해외겸용 [15,000]원",신용,"{'프리미엄': '메탈 플레이트 제공, 발급 수수료 7만원, 신청 후 평균 3주 소요.', '기타 혜택(유의사항 등)': '전월 이용 금액 40만원 이상 시 온라인몰, 대형마트, 슈퍼마켓, 백화점, 프리미엄 아울렛 10% 청구 할인 제공.'}"
DIGILOCA SKYPASS,롯데카드,https://d1c5n4ri2guedi.cloudfront.net/card/2888/card_img/44161/2888card_1.png,0,"국내전용 [20,000]원 / 해외겸용 [20,000]원",신용,"{'기타 혜택(유의사항 등)': '대한항공 DIGILOCA SKYPASS 카드로 국내 1,000원당 1마일, 해외(AMEX/Master) 1,000원당 2마일 적립 가능하며, 해외 이용 시 수수료가 부과됩니다.'}"
IBK-Hybrid(하이브리드)카드,IBK기업은행,https://d1c5n4ri2guedi.cloudfront.net/card/269/card_img/20492/269card.png,0,"해외겸용 [10,000]원",신용,"{'기타 혜택(유의사항 등)': '전월 이용실적 관계없이 국내외 가맹점에서 신용 0.6%, 체크 0.3% 캐시백 제공.'}"
11번가 신한카드,신한카드,https://d1c5n4ri2guedi.cloudfront.net/card/490/card_img/21180/490card.png,0,"국내전용 [5,000]원 / 해외겸용 [8,000]원",신용,"{'쇼핑': '11번가에서 SK pay로 결제 시 이용금액의 1%를 SK pay 포인트로 적립합니다.', '기타 혜택(유의사항 등)': '이용금액의 0.5%를 SK pay 포인트로 적립하며, 전월 실적조건 및 적립한도는 없습니다.'}"
LOCA 나누기 카드,롯데카드,https://d1c5n4ri2guedi.cloudfront.net/card/2395/card_img/26085/2395card.png,0,"국내전용 [20,000]원 / 해외겸용 [20,000]원",신용,{'기타 혜택(유의사항 등)': 'LOCA 나누기 카드를 통해 일시불 결제 건을 최대 6개월까지 추가 수수료 없이 나누어 납부할 수 있는 혜택입니다.'}
LGE.COM 신한카드,신한카드,https://d1c5n4ri2guedi.cloudfront.net/card/2787/card_img/39060/2787card.png,500000,"국내전용 [25,000]원 / 해외겸용 [28,000]원",신용,"{'기타 혜택(유의사항 등)': 'LGE.COM에서 제품 구매 시 플러스 서비스 이용 시 할인 혜택 제공, 미이용 시 LG전자 가맹점에서 3% 마이신한포인트 적립.'}"
SmileCard Edition2,현대카드,https://d1c5n4ri2guedi.cloudfront.net/card/852/card_img/21690/852card.png,0,"국내전용 [10,000]원 / 해외겸용 [10,000]원",신용,"{'기타 혜택(유의사항 등)': '스마일페이 가맹점에서 2% 스마일캐시 적립, 그 외 가맹점에서 1% 적립, 전월 실적 조건 및 한도 제한 없음.'}"
SK에너지 러브유 KB국민카드,KB국민카드,https://d1c5n4ri2guedi.cloudfront.net/card/109/card_img/20267/109card.png,300000,"국내전용 [7,000]원 / 해외겸용 [12,000]원",신용,"{'교통': '버스와 지하철 요금 10% 청구 할인 (월 최대 4,000원 한도).', '주유': 'SK 주유소에서 주유 시 리터당 100원 할인, 전월 실적 30만원 이상 시 적용.', '기타 혜택(유의사항 등)': 'SK에너지 러브油 KB국민카드로 전월 30만원 이상 이용 시 스피드메이트 자동차 정비 서비스 제공, 엔진오일 무료 교환, 정비상품 할인 등 다양한 정비 혜택 제공.'}"
JEJUJINI Air Money카드,제주은행,https://d1c5n4ri2guedi.cloudfront.net/card/2127/card_img/22724/2127card.png,300000,"국내전용 [15,000]원 / 해외겸용 [20,000]원",신용,"{'공항라운지/PP': 'JEJU JINI Air Money Platinum카드는 매년 1회 국내선 동반자 무료항공권을 제공하며, 대한항공 또는 아시아나항공 직항노선에서 사용 가능합니다.', '기타 혜택(유의사항 등)': '제주지니 가맹점에서 3% 청구할인, Air Money 적립 및 여행자보험, 제주지역 렌터카 서비스 제공.'}"
G마켓 삼성카드,삼성카드,https://d1c5n4ri2guedi.cloudfront.net/card/2943/card_img/47123/2943card_1.png,400000,"국내전용 [15,000]원 / 해외겸용 [15,000]원",신용,"{'통신': '이동통신 요금 결제 시 5%의 빅포인트 적립, 전월 이용금액 40만원 이상 시 월 최대 3,000 P 적립.', '쇼핑': 'G마켓/옥션에서 5% 빅포인트 적립, 전월 이용금액에 따라 최대 40,000P까지 적립 가능.', '해외': '해외 가맹점에서 전월 이용금액 관계없이 2% 빅포인트 적립.', '기타 혜택(유의사항 등)': '편의점, 배달앱, 대중교통, 택시, 주유에서 3% 빅포인트 적립, 백화점, 할인점, 면세점 등에서 3% 빅포인트 적립, 디지털콘텐츠에서 20% 빅포인트 적립.'}"
taptap SHOPPING,삼성카드,https://d1c5n4ri2guedi.cloudfront.net/card/659/card_img/27716/659card.png,300000,"국내전용 [10,000]원 / 해외겸용 [10,000]원",신용,"{'쇼핑': '온라인쇼핑 및 쇼핑에서 5% 결제일 할인(청구할인) 제공, 전월 이용금액에 따라 할인한도 차등 적용.', '해외': '해외 결제 시 1.5% 청구할인, 월 최대 50만원 한도.', '기타 혜택(유의사항 등)': '스트리밍 이용료 6,000원 이상 정기결제 시 3,000원 청구할인, 통합 월 1회 제공.'}"
TRADERS CLUB 삼성카드,삼성카드,https://d1c5n4ri2guedi.cloudfront.net/card/2470/card_img/28238/2470card.png,0,"국내전용 [15,000]원 / 해외겸용 [15,000]원",신용,"{'마트/편의점': '트레이더스 홀세일 클럽에서 전월 이용금액에 따라 1/3/5%의 TR CASH를 적립하며, 월 적립한도는 10만원입니다.', '기타 혜택(유의사항 등)': '생활 편의 영역에서 대중교통, 택시, 커피전문점, 제과점, 편의점, 영화 이용 시 전월 이용금액에 따라 최대 2% TR CASH 적립.'}"
BC 바로 기후동행카드,BC 바로카드,https://d1c5n4ri2guedi.cloudfront.net/card/2774/card_img/38126/2774card.png,300000,"국내전용 [7,000]원",신용,"{'교통': '기후동행카드는 서울시 지정 교통수단에서 대중교통 이용 시 15% 할인을 제공합니다.', '통신': '이동통신요금 5% 할인(2만원 이상 결제 시, 자동납부 대상).', '마트/편의점': '편의점에서 5천원 이상 결제 시 5% 할인 적용.', '쇼핑': '온라인쇼핑 멤버십 10% 결제일 할인 (쿠팡 와우, 네이버플러스 정기결제 대상).', '카페/디저트': '카페에서 5천원 이상 결제 시 스타벅스 등에서 5% 할인.', '기타 혜택(유의사항 등)': '디지털 구독 서비스에서 OTT/스트리밍 결제 시 10% 할인 제공, 단 특정 결제 방식에 한함.'}"
넥슨 현대카드,현대카드,https://d1c5n4ri2guedi.cloudfront.net/card/2389/card_img/25818/2389card.png,0,"국내전용 [10,000]원 / 해외겸용 [10,000]원",신용,"{'기타 혜택(유의사항 등)': '모든 가맹점에서 기본 0.5% 적립, 이용금액 30만원 이상 시 1.5% 추가 적립.'}"
둘과넷 카드,전북은행,https://d1c5n4ri2guedi.cloudfront.net/card/2184/card_img/21798/2184card.png,0,"국내전용 [8,000]원 / 해외겸용 [10,000]원",신용,{'기타 혜택(유의사항 등)': '고객의 Top3 업종 이용금액에 대해 2~4배 캐시백 제공.'}
iM K-패스 카드,iM뱅크,https://d1c5n4ri2guedi.cloudfront.net/card/2818/card_img/39841/2818card.png,300000,"국내전용 [5,000]원 / 해외겸용 [5,000]원",신용,"{'교통': '대중교통 요금 10% 할인 (버스, 지하철 후불교통 이용 시).', '통신': '이동통신 요금 5% 할인 (SKT, KT, LG U+ 대상, 5만원 이상 결제 시 적용).', 'OTT/영화/문화': 'CGV, 메가박스, 롯데시네마에서 2만원 이상 결제 시 영화 5% 할인.', '기타 혜택(유의사항 등)': '- 배달앱 5% 할인 (배달의민족, 요기요, 쿠팡이츠, 2만원 이상 결제 시 적용)\n- 커피·생활용품·편의점 5% 할인 (스타벅스, 다이소 등, 1만원 이상 결제 시 적용)\n- OTT 5% 할인 (넷플릭스, 유튜브 프리미엄 등, 1만원 이상 결제 시 적용)'}"
T라이트카드,NH농협카드,https://d1c5n4ri2guedi.cloudfront.net/card/191/card_img/20411/191card.png,400000,"해외겸용 [10,000]원",신용,"{'카페/디저트': '스타벅스, 이디야에서 커피 1천원 청구할인, 파리바게뜨, 던킨도너츠 등에서 베이커리/아이스크림 1천원 청구할인, CGV에서 영화 1천원 청구할인 제공.', '기타 혜택(유의사항 등)': '- SKT: T라이트할부 서비스로 24/36개월 원금균등상환 방식의 할부 가능, 할인 및 자동이체 할인 서비스 제공.\n- 테마파크: 전월실적 30만원 이상 시 주요 놀이공원 무료입장 또는 할인 혜택 제공.'}"
쏘카카드,현대카드,https://d1c5n4ri2guedi.cloudfront.net/card/708/card_img/22182/708card.png,300000,"국내전용 [10,000]원 / 해외겸용 [10,000]원",신용,"{'기타 혜택(유의사항 등)': '쏘카 앱 이용 시 최대 3% 크레딧 적립, 특별가맹점에서 최대 3% 적립, 일반 가맹점은 1% 적립.'}"
올바른 POINT UP 카드,NH농협카드,https://d1c5n4ri2guedi.cloudfront.net/card/512/card_img/21198/512card.png,400000,"해외겸용 [12,000]원",신용,"{'공항라운지/PP': '국제공항 라운지 무료 이용(월 1회, 연 2회, 전월 실적 40만원 이상).', '기타 혜택(유의사항 등)': '- 모든 가맹점에서 기본 0.7% 적립, 하나로가족고객은 전월 실적에 따라 추가 0.1%~0.3% 적립.'}"
네이버웹툰 삼성 iD 카드,삼성카드,https://d1c5n4ri2guedi.cloudfront.net/card/2517/card_img/28787/2517card.png,0,"국내전용 [10,000원] / 해외겸용 [10,000원]",신용,"{'쇼핑': '온라인쇼핑몰에서 네이버페이로 결제 시 5% 포인트 적립, 전월 이용금액에 따라 적립한도 차등 적용.', '해외': '해외 이용 시 1% 네이버페이 포인트 적립, 단 특정 거래는 제외됨.', '기타 혜택(유의사항 등)': '네이버 디지털콘텐츠 및 네이버플러스 멤버십 결제 시 50% 네이버페이 포인트 적립, 네이버페이로 결제 시 국내 가맹점 1% 적립, 배달앱 및 커피전문점 결제 시 5% 적립 혜택 제공.'}"
삼성 iD CLASSY 카드,삼성카드,https://d1c5n4ri2guedi.cloudfront.net/card/2702/card_img/34202/2702card.png,300000,"국내전용 [30,000]원 / 해외겸용 [30,000]원",신용,"{'카페/디저트': '커피전문점에서 20% 결제일 할인이 제공되며, 전월 이용금액 30만원 이상 시 월 최대 5,000원까지 할인 가능.', 'OTT/영화/문화': '영화 12,000원 이상 결제 시 5,000원 할인, 월 1회 제공.', '기타 혜택(유의사항 등)': '- 할인점에서 35,000원 이상 결제 시 연 1회 35,000원 할인 제공.'}"
삼성카앤모아카드,삼성카드,https://d1c5n4ri2guedi.cloudfront.net/card/46/card_img/27704/46card.png,300000,"국내전용 [8,000]원 / 해외겸용 [10,000]원",신용,"{'주유': '- 국내외 모든 가맹점 이용금액의 0.2%·0.4% 주유포인트 적립 및 주유 시 자동 차감 혜택 제공.', '카페/디저트': '스타벅스 1만원 이상 결제 시 1,000원 청구할인, 월 1회, 연 5회 제공.', '자동차/하이패스': '주차안심 서비스는 차량에 부착된 번호로 개인정보 보호를 제공하며, 최초 신청일로부터 1년간 무료로 이용 가능하다.', 'OTT/영화/문화': 'CGV에서 티켓 구매 시 동반 1인 50% 할인, 월 5회, 연 12회 제공.'}"
신한카드 The Pet,신한카드,https://d1c5n4ri2guedi.cloudfront.net/card/2747/card_img/36835/2747card.png,400000,"국내전용 [20,000]원 / 해외겸용 [23,000]원",신용,"{'쇼핑': '펫 온라인몰 30% 할인 및 일반 온라인몰 10% 할인, 전월 이용금액에 따라 할인한도 적용.', '병원/약국': '전국 동물병원에서 결제 시 30% 할인, 전월 이용금액에 따라 할인한도 적용.', '애완동물': '반려동물 등록, 돌봄, 장례 서비스 이용 시 각각 20% 및 10% 결제일 할인 제공.', '기타 혜택(유의사항 등)': '동물병원과 펫 전용몰 할인한도를 10% 단위로 연간 2회 변경할 수 있습니다.'}"
카드의정석 APT,우리카드,https://d1c5n4ri2guedi.cloudfront.net/card/543/card_img/21248/543card.png,400000,"국내전용 [15,000]원 / 해외겸용 [15,000]원",신용,"{'공과금/렌탈': '아파트 관리비 자동납부 시 전월 실적에 따라 최대 15,000원 할인, 도시가스 자동납부 시 3,000원 할인 제공.', '기타 혜택(유의사항 등)': '유튜브 프리미엄 및 넷플릭스 정기권 각각 30% 청구할인 제공, 전월 실적 40만원 이상 시 월 1회 카드 자동납부 시 적용.'}"
현대카드 X Save,현대카드,https://d1c5n4ri2guedi.cloudfront.net/card/2843/card_img/43701/2843card.png,500000,"국내전용 [30,000]원 / 해외겸용 [30,000]원",신용,"{'프리미엄': '메탈 플레이트 제공, 발급 수수료 10만원, 신청 후 평균 3주 소요.', '기타 혜택(유의사항 등)': '전월 이용 금액 50만원 이상 시 국내외 가맹점 1% 청구 할인, 100만원 이상 시 온라인몰, 교육, 병원 5% 청구 할인 제공.'}"
신한카드 집,신한카드,https://d1c5n4ri2guedi.cloudfront.net/card/889/card_img/21652/889card.png,400000,"해외겸용 [12,000]원",신용,"{'통신': '신한 집카드 생활 할인카드로 통신, 인터넷, 보안업체 요금 자동이체 시 최대 1만 5천원 할인 제공.', '마트/편의점': '대형마트에서 3대 마트 이용 시 결제일 1% 할인 제공 (전월 30만원 이상 사용 시).', '공과금/렌탈': '아파트 관리비 자동이체 시 매월 최대 5천원 할인 제공.', '병원/약국': '병원·약국 이용 시 결제일에 1% 할인 제공, 단 전월 30만원 이상 사용 시 가능.', '교육/육아': '교육료 이용금액의 1% 할인 제공, 전월 30만원 이상 사용 시 적용.', '기타 혜택(유의사항 등)': '신한 집카드 주택임대료 할인카드 발급 시 자동이체 결제일 할인 서비스 제공, 전월 이용금액에 따라 최대 1만 5천원 할인.'}"
위 레아카드(포인트),NH농협카드,https://d1c5n4ri2guedi.cloudfront.net/card/564/card_img/21271/564card.png,500000,"해외겸용 [295,000]원 | [300,000]원",신용,"{'공항라운지/PP': '전세계 공항 라운지 무료 이용, 통합 일 2회, 연 10회 제공, 전월 실적 30만원 이상 시 가능.', '프리미엄': '프리미엄 카드로 인천 및 김포 공항, 국내 호텔에서 발레파킹 무료 이용 가능하며, 메가박스 콤보 세트도 무료 제공.', '기타 혜택(유의사항 등)': '국내 1%, 해외 2% 기본 적립 및 특별 가맹점 2% 추가 적립, 연간 이용금액에 따라 보너스 포인트 제공.'}"
신한카드 B.Big(삑),신한카드,https://d1c5n4ri2guedi.cloudfront.net/card/10/card_img/24226/10card.png,300000,"해외겸용 [10,000]원",신용,"{'교통': '버스와 지하철 후불 교통 이용 시 전월 이용금액에 따라 일 200원에서 600원 할인 제공.', '통신': '이동통신요금 5% 할인, 월 2건, 건당 5만원까지 적용되며, 전월 이용금액에 따라 통합할인한도가 다름.', '마트/편의점': '편의점에서 5% 할인, 월 최대 2만원까지 통합할인한도 적용.', '카페/디저트': '커피전문점에서 10% 할인(일 1회, 월 8회, 건당 1만원 한도) 제공.', 'OTT/영화/문화': 'CGV에서 월 1회 영화 4,000원 할인 및 온라인 예매 시 최대 3,000원 할인 제공.', '기타 혜택(유의사항 등)': '택시/KTX 이용 시 전월 실적에 따라 최대 15,000원 할인, 4대 백화점 5% 할인, 전기요금/통신요금/해외 이용금액 5% 캐시백 제공.'}"
BC 바로 Air Max 카드,BC 바로카드,https://d1c5n4ri2guedi.cloudfront.net/card/2927/card_img/45801/2927card.png,500000,"국내전용 [43,000]원 / 해외겸용 [43,000]원",신용,"{'공과금/렌탈': '아파트관리비 자동납부 시 1,500원당 1 스카이패스 마일리지 적립, 전월실적 50만원 이상 시 월 최대 500마일리지 제공.', '기타 혜택(유의사항 등)': '대한항공 카드 사용 시 1,500원당 1 스카이패스 마일리지 적립, 전월 실적 50만원 이상 시 추가 적립 혜택 제공.'}"
GOLD FOR LOTTE DEPARTMENT STORE,현대카드,https://d1c5n4ri2guedi.cloudfront.net/card/2739/card_img/36662/2739card_1.png,500000,"국내전용 [150,000]원 / 해외겸용 [150,000]원",신용,"{'기타 혜택(유의사항 등)': '국내외 가맹점 1% M포인트 적립, 롯데백화점 등에서 10% 적립(월 4만 한도), 연간 10만 M포인트 보너스 제공.'}"
카카오뱅크 KB국민카드,KB국민카드,https://d1c5n4ri2guedi.cloudfront.net/card/591/card_img/21348/591card.png,500000,"국내전용 [15,000]원 / 해외겸용 [15,000]원",신용,"{'마트/편의점': '편의점에서 1만원 이상 결제 시 CU와 GS25에서 3천원 할인.', '푸드': '커피·제과·패스트푸드에서 1만원 이상 결제 시 3천원 할인.', '레저/스포츠': '공연/음악 및 스포츠/놀이에서 1만원 이상 결제 시 각각 5천원 할인 혜택 제공.', 'OTT/영화/문화': 'CGV, 롯데시네마, 배달의민족, 마켓컬리에서 1만원 이상 결제 시 3천원 할인.', '여행/숙박': '숙박앱에서 1만원 이상 결제 시 5천원 할인 (야놀자, 여기어때, 데일리호텔).', '기타 혜택(유의사항 등)': '카카오페이에서 1만원 이상 결제 시 간편결제로 3천원 할인 제공.'}"
ALL 우리카드 Premium,우리카드,https://d1c5n4ri2guedi.cloudfront.net/card/2612/card_img/31305/2612card.png,0,"국내전용 [150,000]원 / 해외겸용 [150,000]원",신용,"{'공항라운지/PP': '국내외 공항 라운지 월 1회, 연 2회 무료 이용 서비스 제공.', '프리미엄': '- 연회비 납부 시 4,000 ALL 리워드 포인트 제공, SILVER 등급 자동 부여, 1,200만원 이상 이용 시 GOLD 등급 업그레이드, 3,000원당 포인트 적립, 연 1회 2,000 포인트 보너스 제공.', '여행/숙박': '- KAL 리무진 버스 무료이용 서비스(월 1회, 연 4회) 제공.\n- 연 1회 현대해상 국내외 여행자 보험 서비스 제공.', '기타 혜택(유의사항 등)': '아코르 호텔에서 숙박 시 2인 무료 조식, F&B 크레딧, 객실 업그레이드, 레이트 체크아웃, 무료 Wifi 제공.'}"
H.Point 우리카드,우리카드,https://d1c5n4ri2guedi.cloudfront.net/card/2494/card_img/28493/2494card.png,0,"국내전용 [15,000원] / 해외겸용 [15,000원]",신용,"{'공항라운지/PP': '국내외 공항 라운지 무료 이용 서비스, 전월 30만원 이상 이용 시 월 1회, 연 2회 제공.', '기타 혜택(유의사항 등)': 'H.Point 5% 특별적립과 기본적립 0.5% 제공, 전월 실적에 따라 적립 한도 변경.'}"
Diners Club POINT,우리카드,https://d1c5n4ri2guedi.cloudfront.net/card/2396/card_img/26137/2396card.png,0,"해외겸용 [300,000]원",신용,"{'교통': 'K리무진 버스를 연 4회 무료 이용할 수 있으며, 더라운지 앱에서 이용권 발급 후 탑승 가능.', '공항라운지/PP': '국내외 공항 라운지 월 2회, 연 10회 무료 이용 가능.', '해외': '해외 및 면세점에서 2% 포인트 적립, 월 최대 5만 점.', '기타 혜택(유의사항 등)': '국내 가맹점에서 1~2.3% 포인트 적립, 골프장 커피 및 연습장 무료 이용, 연 1회 프리미엄 기프트 선택 가능.'}"
#MY WAY 카드,하나카드,https://d1c5n4ri2guedi.cloudfront.net/card/2409/card_img/26572/2409card.png,200000,"국내전용 [20,000]원 / 해외겸용 [20,000]원",신용,"{'교통': '대중교통 이용 시 건당 300원 할인, 월 최대 30건까지 가능.', '주유': '주유 및 충전 시 건당 3,000원 할인, 월 최대 3건 제공.', '마트/편의점': '편의점에서 3천원 이상 결제 시 건당 300원 할인, 월 최대 30건 제공.', '쇼핑': '쇼핑 시 30,000원 이상 결제 시 건당 3,000원 할인, 월 최대 3건 제공.', '카페/디저트': '커피 구매 시 건당 300원 할인, 월 최대 30건 제공.', '기타 혜택(유의사항 등)': '디지털 구독 및 생활요금 각각 건당 3,000원 할인, 무이자 할부 서비스는 2~3개월 제공.'}"
Easy ring 티타늄카드,KB국민카드,https://d1c5n4ri2guedi.cloudfront.net/card/615/card_img/21382/615card.png,500000,"국내전용 [30,000]원 / 해외겸용 [30,000]원",신용,"{'통신': '통신요금 자동납부 시 1만원당 1,500원 청구 할인, 전월 이용실적에 따라 최대 2만5천원까지 할인.', 'OTT/영화/문화': '영화, 음원/영상, 배달앱에서 각각 정해진 조건에 따라 할인 혜택 제공.', '프리미엄': '티타늄 서비스는 전월 이용실적 30만원 이상 시 공항/호텔 발레파킹과 공항 라운지를 제공하며, Master 브랜드 발급 시 추가 혜택이 있습니다.', '기타 혜택(유의사항 등)': 'KB국민 Easy ring 티타늄카드는 선택형 할인 서비스와 0.3% 리워드 적립 혜택을 제공하며, 전월 이용실적에 따라 할인한도가 달라집니다.'}"
K-22(Point),IBK기업은행,https://d1c5n4ri2guedi.cloudfront.net/card/2535/card_img/29416/2535card.png,500000,"국내전용 [219,000]원 / 해외겸용 [220,000]원",신용,"{'프리미엄': '- 전 세계 공항라운지 무료 이용, 국내 골프장 할인 및 커피 제공, 백화점 및 대형마트 할인, KTX·SRT 할인 등 다양한 프리미엄 서비스 제공.', '기타 혜택(유의사항 등)': '- TOP포인트는 국내 1%, 해외 및 특정 가맹점 2% 적립되며, 연 1회 바우처 서비스가 제공됩니다.'}"
kt SUPER 카드,BC 바로카드,https://d1c5n4ri2guedi.cloudfront.net/card/2485/card_img/28402/2485card.png,300000,"국내전용 [25,000]원 / 해외겸용 [27,000]원",신용,"{'주유': 'SK 주유소에서 1% 청구할인 제공, 전월 이용금액 30만원 이상 시 월 1천원 한도.', '프리미엄': 'VISA Young Premium 서비스가 제공되는 해외겸용 카드입니다.', '기타 혜택(유의사항 등)': 'KT 통신요금 청구 시 전월 실적에 따라 최대 18,000원 할인 제공.'}"
K리그 축덕 하나멤버스 1Q Play1 카드,하나카드,https://d1c5n4ri2guedi.cloudfront.net/card/465/card_img/21157/465card.png,300000,"국내전용 [10,000]원 / 해외겸용 [12,000]원",신용,"{'OTT/영화/문화': 'CGV, 메가박스, 롯데시네마에서 1만원 이상 결제 시 5천원 청구할인(월 1회, 지난달 실적 30만원 이상 필요).', '기타 혜택(유의사항 등)': '하나머니 적립은 지난달 실적에 따라 최대 3만 하나머니까지 적립 가능하며, 통신요금, 오픈마켓, 대중교통 등 다양한 가맹점에서 이용할 수 있다.'}"
LG전자 KB국민카드,KB국민카드,https://d1c5n4ri2guedi.cloudfront.net/card/1233/card_img/21075/1233card.png,300000,"해외겸용 [15,000]원",신용,"{'공과금/렌탈': 'LG전자 렌탈요금 자동이체 시 전월 이용실적에 따라 1만원 ~ 1만 5천원 할인 제공.', '기타 혜택(유의사항 등)': 'LG전자 베스트샵에서 가전제품 라이트할부 구매 시, 전월 이용실적에 따라 1만원 ~ 1만 5천원 할인 제공.'}"
kt SUPER+ 카드,BC 바로카드,https://d1c5n4ri2guedi.cloudfront.net/card/2484/card_img/28403/2484card.png,500000,"국내전용 [15,000]원 / 해외겸용 [17,000]원",신용,"{'주유': 'SK 주유소에서 1% 청구할인 제공, 전월 이용금액 50만원 이상 시 월 1천원 한도.', '프리미엄': 'VISA Young Premium 서비스가 제공되는 해외겸용 카드입니다.', '기타 혜택(유의사항 등)': 'KT 통신요금 자동이체 시 전월 실적에 따라 최대 25,000원 할인.'}"
IKEA(이케아) Family with 신한카드,신한카드,https://d1c5n4ri2guedi.cloudfront.net/card/744/card_img/22218/744card.png,300000,"국내전용 [15,000]원 / 해외겸용 [18,000]원",신용,"{'통신': '이동통신요금 자동이체 시 5% 할인 (SKT, KT, LG U+ 대상).', '마트/편의점': '편의점에서 GS25, CU, 세븐일레븐 결제 시 5% 할인.', '쇼핑': '- IKEA 매장에서 5만원 이상 결제 시 10% 할인, 푸드 이용 시 1만원 이상 결제 시 15% 할인 (전월 이용금액 30만원 이상 시 월 할인한도 3만원).\n- 백화점, 프리미엄 아울렛, 대형 할인점에서 5만원 이상 결제 시 5% 할인.', '카페/디저트': '스타벅스와 이디야에서 커피 5% 결제일 할인 혜택 제공.', 'OTT/영화/문화': '영화 예매 시 CGV와 롯데시네마에서 5% 할인 제공.', '기타 혜택(유의사항 등)': 'IKEA Family with 신한카드 이용 시 전월 이용금액에 따라 최대 2만원까지 할인 혜택 제공.'}"
BLISS.5 카드(포인트),IBK기업은행,https://d1c5n4ri2guedi.cloudfront.net/card/773/card_img/22247/773card.png,300000,"해외겸용 [95,000]원",신용,"{'카페/디저트': '카페아티제에서 본인 음료 구매 시 동반자 1인에게 무료 음료 제공 (아메리카노/까페라떼/카푸치노 쁘띠 사이즈).', 'OTT/영화/문화': 'BLISS.5카드로 영화 예매 시 2,000원 청구할인과 CGV 콤보 무료 제공 혜택이 있으며, 전월 실적 30만원 이상 시 월 1회, 연 6회 이용 가능.', '프리미엄': '- 제주도 렌터카 48시간 이용 시 24시간 지원 서비스 제공.\n- 해외 패키지여행 예약 시 3%~7% 할인.\n- 국제선 항공권 3%~7% 할인.\n- 전 세계 1,200여개 공항라운지 무료 이용 (본인회원 한정).\n- Priority Pass Card 제공 (VISA 브랜드 발급 회원 한정).\n- 국내 호텔 및 콘도 예약 시 3%~10% 할인.\n- 해외호텔 예약 시 10% 할인.', '기타 혜택(유의사항 등)': '국내외 일시불 및 유이자할부 이용 시 1,500원당 10 TOP포인트 적립, KTX/SRT 승차권 10% 할인, 바우처 서비스 제공.'}"
NH농협 올바른 하나로(Hanaro) 카드,NH농협카드,https://d1c5n4ri2guedi.cloudfront.net/card/531/card_img/21221/531card.png,400000,"국내전용 [13,000]원 / 해외겸용[15,000]원",신용,"{'병원/약국': '병원과 약국에서 5% 청구할인, 전월실적 40만원 이상 및 결제 건당 2만원 이상 시 월 한도 5천원.', '공항라운지/PP': '국제공항 라운지 무료 이용(월 1회, 연 2회, 전월 이용실적 30만원 이상 시).', '기타 혜택(유의사항 등)': '농협판매장 이용 시 5% NH포인트 적립, 주요 생활편의업종 3% 적립, 놀이공원 할인 제공, 전자금융 수수료 면제.'}"
SOHO 다사로이카드,NH농협카드,https://d1c5n4ri2guedi.cloudfront.net/card/2253/card_img/21003/2253card.png,0,"국내전용 [12,000]원 / 해외겸용 [12,000]원",신용,"{'공과금/렌탈': '4대사회보험 및 전기요금 자동납부 시 5% 할인 제공, 전월실적 50만원 이상 필요.', '비즈니스': '주요 사업경비업종에서 1.0% 할인, 해외이용액에서 1.5% 할인 제공.', '기타 혜택(유의사항 등)': '국내외 모든 가맹점에서 0.5% 기본할인 제공, 전월실적 조건 및 할인한도 없음.'}"
SK인텔릭스 올림 KB국민카드,KB국민카드,https://d1c5n4ri2guedi.cloudfront.net/card/2913/card_img/44987/2913card.png,300000,"해외겸용 [12,000]원",신용,"{'OTT/영화/문화': '메가박스/CGV 온라인 영화 예매 시 승인 건당 3,500원 청구할인 (1일 2회, 월 4회, 연 10회 한정).', '기타 혜택(유의사항 등)': 'SK인텔릭스 구독료 자동이체 시 최대 2만원 청구할인, 롯데월드 및 에버랜드 50% 할인, 캐리비안베이 30% 할인 제공.'}"
SolSol++(쏠쏠투플러스)카드,NH농협카드,https://d1c5n4ri2guedi.cloudfront.net/card/182/card_img/20399/182card.png,300000,"해외겸용 [50,000]원",신용,"{'여행/숙박': '인천공항 캡슐호텔 3시간 무료 제공 (연 1회, 전월 실적 30만원 이상 시).', '기타 혜택(유의사항 등)': '주요 12대 생활업종에서 3~12% 청구할인 제공, 전월 실적에 따라 할인 한도 차등 적용.'}"
배민 한그릇카드,현대카드,https://d1c5n4ri2guedi.cloudfront.net/card/2725/card_img/36088/2725_1card.png,300000,"국내전용 [10,000]원 / 해외겸용 [10,000]원",신용,"{'프리미엄': 'Mastercard Platinum 기본서비스를 2024년 12월 31일까지 이용할 수 있습니다.', '기타 혜택(유의사항 등)': '전월 이용 금액 30만원 이상 시 국내외 가맹점 0.5% 및 배민 앱 최대 3% 배민포인트 적립.'}"
밀리언달러 하나카드,하나카드,https://d1c5n4ri2guedi.cloudfront.net/card/2554/card_img/29613/2554card.png,0,"국내전용 [15,000원] / 해외겸용 [15,000원]",신용,"{'해외': '해외 가맹점에서 0.7% 하나머니 적립, 월 최대 5만 하나머니.', '기타 혜택(유의사항 등)': '해외수수료 면제 및 국내 가맹점에서 하나머니 적립 혜택 제공.'}"
ROYAL BLUE MILEAGE[SKYPASS],우리카드,https://d1c5n4ri2guedi.cloudfront.net/card/1768/card_img/22345/1768card.png,300000,"국내전용 [330,000]원 / 해외겸용 [330,000]원",신용,"{'항공마일리지': '이용금액 1,000원당 대한항공 마일리지 적립, 국내외 가맹점에서 기본 1마일, 추가 조건 충족 시 +1마일 적립.', '공항라운지/PP': '국내외 공항 라운지 무료 이용 서비스(연 5회, Priority Pass 카드 제공).', '프리미엄': '- 현대오일뱅크 및 S-Oil 주유 시 리터당 60원 할인, 해외 유명 박물관 입장권 50% 할인, 제주도 렌터카 무료 제공, KTX/SRT 왕복 승차권 10% 할인, 해외 긴급 의료지원 및 국내외 여행 보험 서비스 제공.', '여행/숙박': '해외 및 국내 호텔 2박 시 1박 무료 혜택 제공 (연 1회, 본인 회원 한정).', '기타 혜택(유의사항 등)': '프리미엄 기프트로 항공권, 호텔외식 이용권, 스타벅스 기프트카드, 신세계백화점 상품권 제공.'}"
미래에셋 현대카드 Gold,현대카드,https://d1c5n4ri2guedi.cloudfront.net/card/2515/card_img/28767/2515card.png,500000,"국내전용 [150,000원] / 해외겸용 [150,000원]",신용,"{'프리미엄': '- 연간 5만 스탁마일리지 스페셜 적립 서비스 제공, 공항 라운지 무료 이용 연 2회, VISA Signature 서비스, 국내 호텔 및 공항 무료 발레파킹 서비스 제공.', '기타 혜택(유의사항 등)': '전월 이용 금액 50만원 이상 시 업종별 최대 3% 적립, 스탁마일리지로 현금화 가능.'}"
The CJ KB국민카드,KB국민카드,https://d1c5n4ri2guedi.cloudfront.net/card/1286/card_img/21020/1286card.png,0,"국내전용 [5,000]원 / 해외겸용 [10,000]원",신용,"{'쇼핑': 'CJ오쇼핑과 CJmall에서 월 60만원까지 5% 청구할인 (최대 3만원).', '푸드': 'CJ푸드빌 이용 시 10~20% 현장할인 및 2% CJ적립금 적립.', 'OTT/영화/문화': 'CGV 영화티켓 예매 시 최대 6천원 청구할인, 월평균 결제 실적에 따라 차등 적용.', '기타 혜택(유의사항 등)': 'CJ올리브영에서 10% 현장할인 및 1% CJ적립금 적립 제공.'}"
ROYAL BLUE POINT,우리카드,https://d1c5n4ri2guedi.cloudfront.net/card/1741/card_img/22373/1741card.png,0,"국내전용 [300,000]원 / 해외겸용 [300,000]원",신용,"{'공항라운지/PP': '국내외 1,000여개 공항라운지를 연 5회 무료 이용할 수 있는 서비스 제공.', '프리미엄': '- HD현대오일뱅크, S-Oil 주유 시 리터당 60원 할인 (월 최대 20만원 한도).\n- WON트래블 시그니처 해외여행상품 5% 할인 제공.\n- 제주도 렌터카 48H/24H 무료 제공 (연 1회/월 1회).\n- KTX/SRT 왕복 승차권 10% 할인 (연 2회, 본인 한정).\n- 해외여행 중 24시간 한국인 의사와 전화 상담 서비스 제공.\n- 현대해상 국내외여행 보험서비스 제공.', '여행/숙박': '해외 호텔 2박 시 1박 무료(연 1회) 및 국내 호텔 2박 시 1박 무료(신규 및 갱신 발급 시 1회 제공).', '기타 혜택(유의사항 등)': '프리미엄 기프트로 아시아 동반자 왕복항공권, 호텔 외식 이용권 25만원, 스타벅스 기프트카드 20만원, 신세계 상품권 모바일 교환권 20만원 중 1개 선택 가능.'}"
굿데이 플래티늄카드,KB국민카드,https://d1c5n4ri2guedi.cloudfront.net/card/1379/card_img/20764/1379card.png,300000,"해외겸용 [100,000]원",신용,"{'교통': '교통 선택 시 버스, 지하철, 택시 10% 청구할인, 비교통 선택 시 택시 10% 청구할인 제공.', '주유': '주유소 및 충전소에서 리터당 60원 청구할인, 전월 결제 실적에 따라 월 할인 한도 최대 40만원.', '통신': '전화요금, 인터넷이용료, 케이블TV 업종에서 10% 청구할인 제공.', '푸드': '음식점, 커피전문점, 편의점, 약국에서 10% 추가 청구할인 제공, 단 일부 업종 제외.', '프리미엄': '프리미엄 서비스로 인천공항 음료 무료, 렌터카 할인, 해외여행 보험 무료가입 등 다양한 혜택 제공.', '기타 혜택(유의사항 등)': '학원 및 휘트니스센터에서 전월 결제 실적에 따라 10% 추가 청구할인 제공, 연 1회 선택 가능한 12가지 바우처 서비스 제공.'}"
삼성스토어 삼성카드,삼성카드,https://d1c5n4ri2guedi.cloudfront.net/card/1882/card_img/28579/1882card.png,500000,"국내전용 [20,000]원 / 해외겸용 [20,000]원",신용,"{'교통': '대중교통 및 택시 결제 시 5% 청구할인, 월 최대 5,000원 제공.', '쇼핑': '- 삼성스토어에서 가전제품 구매 시 24·36개월 라이트할부 제공.\n- 삼성스토어 라이트할부 이용 시 11,000원·미이용 시 4,000원 결제대금 차감.\n- 삼성닷컴에서 3% 결제일할인(청구할인), 연 30,000원 한도.\n- 삼성전자 서비스센터에서 10% 결제일할인(청구할인), 월 5,000원 한도.', '카페/디저트': '10대 커피전문점에서 5% 결제일 할인(청구할인), 월 최대 5,000원 한도.'}"
NH20 해봄카드,NH농협카드,https://d1c5n4ri2guedi.cloudfront.net/card/184/card_img/45716/184card.png,300000,"해외겸용 [8,000]원",신용,"{'교통': '대중교통(버스/지하철) 10% 청구할인, 월 이용금액 2만원 이상 시 적용.', '주유': '주유소에서 5% 청구할인(건당 3만원 이상, SK에너지 및 농협주유소 한정).', '통신': '이동통신 자동납부 시 4,000원 청구할인 (SKT, KT, LGU+ 대상, 알뜰폰 제외).', '마트/편의점': 'GS25에서 1만원 이상 이용 시 5% 청구할인 제공.', '쇼핑': '온라인 쇼핑몰에서 2만원 이상 이용 시 10% 청구할인 제공.', '카페/디저트': '스타벅스와 이디야에서 커피 30% 청구할인 (월 최대 5,000원, 건당 1만원 이상 이용 시).', 'OTT/영화/문화': 'CGV 온라인 예매 시 2,000원 청구할인 (월 1회, 1만원 이상 결제 시).', '공항라운지/PP': '인천 공항라운지 무료 이용 서비스는 전월 이용실적 50만원 이상 시 통합 월 1회, 연 2회 제공됩니다.', '해외': '해외 전가맹점 이용 시 2% 청구할인, 건당 2만원 이상 시 월 최대 10만원 할인.', '기타 혜택(유의사항 등)': '- 해봄서비스(놀이해봄 Type): 전국 놀이공원 50% 현장할인(연 6회), 전월 이용실적 30만원 이상 시 제공.\n- 도서: 온라인 서점 및 어학시험 10% 청구할인(건당 2만원 이상, 월 1회, 연 6회).\n- 배달앱: 배달의 민족, 요기요 10% 청구할인(건당 1만원 이상).\n- 기타: 애플 앱스토어, 구글 플레이스토어 어플리케이션 2,000원 청구할인(월 1회).'}"
삼성 iD STATION 카드 (GS칼텍스),삼성카드,https://d1c5n4ri2guedi.cloudfront.net/card/2827/card_img/40176/2827card.png,400000,"국내전용 [15,000]원 / 해외겸용 [15,000]원",신용,"{'주유': 'GS칼텍스 주유 시 10% 할인, 전월 이용금액에 따라 최대 35,000원 할인.', '통신': '통신요금 정기결제 시 5% 할인(월 최대 5,000원, 전월 이용금액 40만원 이상 시 제공).', '마트/편의점': '편의점에서 5% 결제일 할인 제공, 통합 월 할인한도 5,000원.', '쇼핑': '온라인쇼핑몰에서 5% 결제일 할인, 통합 월 할인한도 5,000원, 전월 이용금액 40만원 이상 시 제공.', '기타 혜택(유의사항 등)': 'GS&POINT 적립 서비스 제공.'}"
신세계 트래블GO 하나카드,하나카드,https://d1c5n4ri2guedi.cloudfront.net/card/2865/card_img/43858/2865card.png,0,"국내전용 [20,000]원 / 해외겸용 [20,000]원",신용,"{'공항라운지/PP': '카드 발급 후 12개월 동안 매달 50만원 이상 사용 시 공항 라운지 이용 가능.', '기타 혜택(유의사항 등)': '신세계백화점에서 주중 1%, 주말 2% 적립, 해외 가맹점 3%, 국내/외 가맹점 0.7% 적립, 항공 및 여행 가맹점은 월 5만 하나머니 한도로 3% 적립 제공.'}"
삼성 iD PET 카드,삼성카드,https://d1c5n4ri2guedi.cloudfront.net/card/2407/card_img/27726/2407card.png,400000,"국내전용 [15,000]원 / 해외겸용 [15,000]원",신용,"{'카페/디저트': '커피전문점 및 편의점에서 1만원 이상 결제 시 1,000원 할인, 월 최대 5,000원 한도.', '애완동물': '동물병원 및 반려동물쇼핑몰에서 30% 할인, 전월 이용금액에 따라 월 할인한도 최대 50,000원.', '간편결제': '온라인 간편결제 시 5% 할인, 전월 이용금액에 따라 최대 10,000원까지 할인 제공.', '해외': '해외 가맹점 및 직접구매 시 1.5% 할인, 통합 월 할인한도 100만원.', '기타 혜택(유의사항 등)': '손해보험 및 디지털 구독 서비스 결제 시 각각 10% 할인 제공, 손해보험은 최대 10,000원, 디지털 구독은 최대 5,000원 할인.'}"
스카이패스 삼성아멕스카드,삼성카드,https://d1c5n4ri2guedi.cloudfront.net/card/61/card_img/28053/61card.png,0,"해외전용 [20,000]원",신용,"{'주유': 'S-OIL 주유소에서 주유 시 리터당 40 보너스포인트 적립, 일 2회, 회당 10만원, 월 40만원까지 적용.', '프리미엄': '프리미엄 카드 혜택으로는 외식, 여행, 쇼핑, 엔터테인먼트 할인, 국내 특급 호텔 및 인천공항 식음료 할인, AJ렌터카 할인, 다이닝 서비스 할인, 국내 면세점 할인 제공.', '기타 혜택(유의사항 등)': '- 대한항공: 국내 1,500원당 1마일, 해외 1,500원당 2마일 적립.\n- 테마파크: 놀이공원 50%, 워터파크 30% 현장할인.\n- 정비: 엔진오일 교환 시 20,000원 현장할인, 연 2회 제공.'}"
신한 후불 기후동행 신용카드,신한카드,https://d1c5n4ri2guedi.cloudfront.net/card/2766/card_img/38056/2766card.png,400000,"국내전용 [9,000]원 / 해외겸용 [12,000]원",신용,"{'교통': '후불 기후동행카드는 서울시 내에서 대중교통과 따릉이를 무제한 이용할 수 있는 정기권 후불 교통카드입니다.', '기타 혜택(유의사항 등)': '온라인 10% 할인(월 2회, 각 영역별 한도 적용) 및 오프라인 10% 할인(신한 SOL페이 결제 시 추가 적립) 혜택 제공.'}"
신세계 푸빌라 BC바로카드,BC 바로카드,https://d1c5n4ri2guedi.cloudfront.net/card/2462/card_img/28126/2462card.png,0,"국내전용 [10,000]원 / 해외겸용 [12,000]원",신용,"{'쇼핑': '신세계백화점과 SSGPAY 오프라인 매장에서 각각 1.7% 청구 할인 제공.', '프리미엄': 'VISA/MasterCard Platinum 카드로 해외 이용 시 국제 브랜드 수수료가 발생하며, 원화 결제를 피하는 것이 권장됩니다.', '해외': '해외 가맹점 이용금액의 1.7% 청구 할인 제공.', '기타 혜택(유의사항 등)': '국내 가맹점 이용금액의 0.7% 청구 할인, 신세계 아카데미 이용금액의 2.7% 청구 할인, 국내 모든 가맹점 2~3개월 상시 무이자할부 제공.'}"
신한카드 Unboxing,신한카드,https://d1c5n4ri2guedi.cloudfront.net/card/687/card_img/25343/687card.png,400000,"국내전용 [32,000]원 / 해외겸용 [35,000]원",신용,"{'쇼핑': '전월 해외 20만원 이상 이용 시, 특정 가맹점에서 10% 캐시백(최대 5만원)과 추가 2만원 캐시백 제공.', '기타 혜택(유의사항 등)': '배송비 및 온라인몰 월회비 할인 서비스는 전월 이용금액에 따라 최대 6회 제공되며, 언박싱 스페셜 할인 서비스는 3만원 미만 결제 건에 적용됩니다.'}"
삼성카드 taptap I,삼성카드,https://d1c5n4ri2guedi.cloudfront.net/card/59/card_img/37169/59card.png,500000,"국내전용 [49,000]원 / 해외겸용 [49,000]원",신용,"{'쇼핑': '슈퍼마켓, 아울렛, 온라인 쇼핑몰, 백화점, 세탁소, 프리미엄 가구에서 3% 결제일 할인 제공(통합 월 한도 10,000원, 프리미엄 가구는 한도 없음).', '푸드': '음식점 및 신선식품 배송에서 전월 50만원 이상 이용 시 최대 10,000원 할인 제공.', '카페/디저트': '카페 및 디저트 업종에서 전월 50만원 이상 이용 시 최대 10,000원 할인 제공, 발급월+1개월은 조건 없이 혜택 적용.', 'OTT/영화/문화': '영화 할인은 통합 월 1회, 연 6회 제공되며, 전월 이용금액 50만원 이상 시 적용됩니다.', '프리미엄': '마스터카드 프리미엄카드 소지자는 메가박스에서 마스터 콤보세트를 월 1회, 연 6회 무료로 제공받고, 인천·김포·김해공항 라운지에 연 2회 무료 입장할 수 있습니다.', '여행/숙박': '해외겸용카드는 해외 및 여행 관련 결제 시 3% 청구할인을 제공하며, 국내전용카드는 국내 여행 관련 결제 시 동일한 혜택을 제공합니다.', '기타 혜택(유의사항 등)': ""라이프스타일에 따라 '일상 패키지' 또는 '여가 패키지'를 선택하여 다양한 할인 및 특화 서비스를 제공받을 수 있습니다.""}"
어디로든 그린카드,BC 바로카드,https://d1c5n4ri2guedi.cloudfront.net/card/2616/card_img/31388/2616card.png,300000,"국내전용 [15,000]원 / 해외겸용 [15,000]원",신용,"{'프리미엄': '해외겸용 카드 발급 시 MasterCard/VISA Platinum 기본 서비스를 제공.', '기타 혜택(유의사항 등)': '친환경 자동차 충전 시 최대 40% 에코머니 포인트 적립, 생활 분야에서 10% 적립, 국내 전가맹점에서 0.2% 적립.'}"
신한카드 Edu,신한카드,https://d1c5n4ri2guedi.cloudfront.net/card/26/card_img/36674/26card.png,500000,"해외겸용 [20,000]원",신용,"{'공과금/렌탈': '아파트 관리비 자동이체 시 매월 5,000원 캐시백 제공.', '교육/육아': '신한카드 Edu는 일반전문학원, 학습지, 유치원에서 전월 이용금액에 따라 최대 10% 캐시백과 결제 건수에 따른 추가 캐시백 혜택을 제공합니다.', '기타 혜택(유의사항 등)': '주요 생활업종 이용 시 1% 캐시백 제공, 마트와 의료업종 각각 20만원까지 적용.'}"
우리 기후동행카드(신용),우리카드,https://d1c5n4ri2guedi.cloudfront.net/card/2825/card_img/39935/2825card.png,200000,"국내전용 [12,000]원",신용,"{'교통': '서울시 기후동행카드는 대중교통과 따릉이를 횟수 제한 없이 이용할 수 있는 정기권 후불 교통카드입니다.', '기타 혜택(유의사항 등)': '국내 가맹점에서 0.8% 할인, 월 할인한도 2만원, 전월 이용실적 20만원 이상 시 제공.'}"
위버스 신한카드(ENHYPEN),신한카드,https://d1c5n4ri2guedi.cloudfront.net/card/2248/card_img/20998/2248card.png,300000,"국내전용 [35,000]원 / 해외겸용 [35,000]원",신용,"{'기타 혜택(유의사항 등)': 'Weverse Shop 이용 시 4% 캐시 적립, 생활영역 10% 캐시 적립, HYBE INSIGHT 50% 할인 및 연 1회 공식상품 제공.'}"
캐롯손해보험-현대카드M Edition3,현대카드,https://d1c5n4ri2guedi.cloudfront.net/card/2198/card_img/21812/2198card.png,500000,"국내 [30,000]원 / 해외겸용 [30,000]원",신용,"{'기타 혜택(유의사항 등)': '캐롯손해보험료 납부 시 전월 이용금액에 따라 최대 24,000원 할인 제공, 업종별 0.5~3% M포인트 적립, 신차 구매 시 1.5% 적립.'}"
토스페이 플러스 신한카드,신한카드,https://d1c5n4ri2guedi.cloudfront.net/card/2805/card_img/39484/2805card.png,0,"국내전용 [1,000]원",신용,"{'간편결제': '모바일 단독카드로 각종 Pay 및 간편결제에 등록하여 온/오프라인에서 사용 가능.', '기타 혜택(유의사항 등)': '8가지 혜택 중 선택하여 최대 30% 캐시백을 받을 수 있는 카드입니다.'}"
제주 삼다수카드(신용),제주은행,https://d1c5n4ri2guedi.cloudfront.net/card/2132/card_img/21867/2132card.png,300000,"국내 [13,000원] / 해외겸용 [15,000원]",신용,"{'주유': '전국 모든 정유사에서 휘발유, 경유, LPG 리터당 100원 할인, 전월 실적에 따라 월 주유금액 할인 한도 차등 적용.', '기타 혜택(유의사항 등)': '- DB손해보험 자동차보험 1만원 청구할인, 차량관련업종 5% 청구할인, GS편의점, 스타벅스, 투썸플레이스 5% 청구할인 제공.'}"
신협-신한카드 B.Big(삑),신협,https://d1c5n4ri2guedi.cloudfront.net/card/1592/card_img/22625/1592card.png,300000,"해외겸용 [10,000]원",신용,"{'교통': '버스와 지하철 후불 교통 이용 시 전월 이용금액에 따라 일 200원에서 600원 할인 제공.', '통신': '이동통신요금 5% 할인, 월 2건, 건당 5만원까지 적용되며, 전월 이용금액에 따라 통합할인한도가 다름.', '마트/편의점': '편의점에서 5% 할인(일 1회, 월 5회, 건당 1만원 한도) 제공, 통합할인한도는 전월 이용금액에 따라 달라짐.', '카페/디저트': '커피전문점에서 10% 할인(일 1회, 월 8회, 건당 1만원 한도).', 'OTT/영화/문화': 'CGV 영화 할인 월 1회 4,000원 할인, 온라인 예매 시 최대 3,000원 할인 제공.', '기타 혜택(유의사항 등)': '택시/KTX 이용 시 전월 실적에 따라 최대 15,000원 할인, 4대 백화점 5% 할인, 전기요금/통신요금/해외 이용금액 5% 캐시백 제공.'}"
현대카드 Boutique - Velvet,현대카드,https://d1c5n4ri2guedi.cloudfront.net/card/2791/card_img/40424/2791card_2.png,500000,"국내전용 [80,000]원 / 해외겸용 [80,000]원",신용,"{'프리미엄': '- M 긴급적립으로 최대 50만 M포인트를 선지급받아 사용하고, 매달 적립된 M포인트로 최대 24개월 동안 상환 가능하며, 인천국제공항 라운지와 발레파킹 서비스를 연간 2회 무료 이용할 수 있음.', '기타 혜택(유의사항 등)': '연간 5만원 크레딧 제공(호텔, 여행, 다이닝 사용 가능) 및 국내외 가맹점 1.5% M포인트 적립, 온라인몰 등에서 5% 추가 적립 혜택.'}"
탄탄대로 웰컴카드,KB국민카드,https://d1c5n4ri2guedi.cloudfront.net/card/1558/card_img/22676/1558card.png,300000,"해외겸용 [15,000]원",신용,"{'교통': '대중교통 및 택시 5% 청구할인, 월 3천원 한도.', '통신': '이동통신요금 5% 청구할인(월 3천원 한도, 자동납부 시 제공).', '쇼핑': '- 3대 대형마트 및 백화점 10% 청구할인 (전월실적 30만원 이상 시, 최대 1만 4천원) / 편의점, 면세점, 3대 홈쇼핑 5% 청구할인 (월 5천원 한도, 전월실적 30만원 이상 시).', '기타 혜택(유의사항 등)': '외국인 선호 관광지 20% 청구할인, 에버랜드 50% 및 캐리비안베이 30% 현장할인, 외국인 선호 음식 5% 청구할인 제공.'}"
CGV 우리카드,우리카드,https://d1c5n4ri2guedi.cloudfront.net/card/2487/card_img/28399/2487card.png,300000,"국내전용 [20,000]원 / 해외겸용 [20,000]원",신용,"{'OTT/영화/문화': 'CGV에서 영화관람권 1매 무료 제공 및 5천원 할인, 매점 콤보 2천원 할인 혜택 제공.', '기타 혜택(유의사항 등)': '모아포인트 이용금액의 5% ~ 0.5% 적립, 특별 가맹점에서 최대 5% 적립 가능.'}"
Any PLUS 카드,하나카드,https://d1c5n4ri2guedi.cloudfront.net/card/252/card_img/30965/252card.png,0,"국내전용 [15,000원] / 해외겸용 [15,000원]",신용,"{'쇼핑': '국내 온라인 가맹점에서 1.7% 청구할인, 월 최대 10만원 한도.', '해외': '해외 가맹점 1.7% 청구할인, 할인한도 1만원/월, 전월실적 조건 없음.', '기타 혜택(유의사항 등)': '국내 가맹점에서 0.7% 청구할인 제공, 전월실적 및 할인한도 제한 없음.'}"
[NH농협] 그린카드v2,NH농협카드,https://d1c5n4ri2guedi.cloudfront.net/card/631/card_img/21397/631card6.png,200000,"국내전용 [10,000]원 / 해외겸용 [12,000]원",신용,"{'교통': '버스와 지하철 이용 시 전월 실적에 따라 10%~20% 에코머니 포인트 적립, KTX와 고속버스는 5% 적립.', '쇼핑': '온라인 쇼핑 시 5% 에코머니 포인트 적립, 월 2회, 최대 3,000점.', '카페/디저트': '스타벅스, 투썸플레이스, 카페베네, 할리스커피에서 커피 10% 청구할인 (월 2회, 3천원 한도, 전월 실적 20만원 이상 시 제공).', 'OTT/영화/문화': '온라인 영화 예매 시 2천원 청구할인 (월 1회, 1만원 이상 결제 시, 전월 실적 20만원 이상 필요).', '기타 혜택(유의사항 등)': '국내 전 가맹점에서 0.2%~1.0% 에코머니 포인트 적립, 생활요금 자동이체 시 5% 적립, 녹색제품 구매 시 최대 24% 적립, 공공시설 무료입장 또는 할인 혜택 제공.'}"
팟(pod) 카드,BNK부산은행,https://d1c5n4ri2guedi.cloudfront.net/card/2504/card_img/28652/2504card.png,400000,"국내전용 [10,000원] / 해외겸용 [15,000원]",신용,"{'마트/편의점': 'GS25, CU, 세븐일레븐, 이마트24에서 월 3회 10% 할인, 전월 이용실적에 따라 최대 4만원 할인.', '쇼핑': '온라인쇼핑에서 결제 금액 1만원 이상 시 무신사, 에이블리 등에서 월 2회 10% 할인 (최대 1만 5천원).', '카페/디저트': '스타벅스에서 월 2회 10% 할인, 전월 이용실적에 따라 최대 4만원 할인 가능.', '간편결제': '네이버페이, 카카오페이, 삼성페이 결제 시 10% 할인 (월 최대 1만 5천원, 월 2회 적용).', '기타 혜택(유의사항 등)': '- 인생네컷 10% 할인 (월 2회, 전월 실적에 따라 최대 4만원 할인)\n- 에버랜드 등 테마파크 50% 현장 할인 (월 1회, 본인만 해당)\n- 넷플릭스 등 디지털구독 30% 할인 (월 2회, 결제 금액 8천원 이상)\n- 카카오웹툰 등 웹툰 10% 할인 (월 2회)\n- 요기요, 배달의 민족 10% 할인 (월 2회)'}"
American Express Blue KB Kookmin Card,KB국민카드,https://d1c5n4ri2guedi.cloudfront.net/card/2624/card_img/31557/2624card.png,300000,"해외겸용 [19,000]원",신용,"{'주유': '주유 100원/L 할인 및 편의점 5% 할인 제공, 월 할인한도는 주유 5천원, 편의점 5% 할인.', '통신': '이동통신 10% 및 OTT 30% 할인, 월 할인한도는 이동통신 3천원, OTT는 구간별로 다름.', '쇼핑': 'KB Pay로 G마켓, 11번가, SSG.COM에서 온라인 쇼핑 시 10% 할인, 월 할인한도는 이용실적에 따라 최대 2만원.', '프리미엄': 'Amex Selects 서비스는 모든 아멕스 카드 소지자가 2023년 동안 이용할 수 있는 혜택입니다.', '해외': '해외 가맹점에서 5% 할인, 월 할인한도는 최대 5천원.', '기타 혜택(유의사항 등)': '패밀리레스토랑 30% 할인(월 3만원 한도) 및 놀이공원 50% 할인 제공.'}"
CU Npay 카드,신한카드,https://d1c5n4ri2guedi.cloudfront.net/card/2763/card_img/37874/2763card.png,400000,"국내전용 [16,000]원 / 해외겸용 [19,000]원",신용,"{'마트/편의점': 'CU 편의점에서 네이버페이 QR 결제 시 최대 20% 현장할인 제공, CU Pay 실물카드 결제 시 최대 15% 할인, 전월 이용금액에 따라 월간 할인한도 적용.', '기타 혜택(유의사항 등)': 'CU 편의점 외에서 최대 5% 네이버페이 포인트 적립, 전월 이용금액에 따라 월간 할인한도 제공.'}"
CEO카드,IBK기업은행,https://d1c5n4ri2guedi.cloudfront.net/card/2339/card_img/24303/2339card.png,700000,"해외겸용 [220,000원]",신용,"{'마트/편의점': '대형마트에서 5만원 이상 결제 시 5% 청구할인, 월 할인한도 5천원.', '쇼핑': '온라인 쇼핑 3만원 이상 결제 시 주요 온라인몰에서 5% 할인(월 한도 5천원).', '카페/디저트': '주요 커피점에서 1만원 이상 결제 시 10% 할인(월 한도 4천원).', '항공마일리지': 'Air Money 포인트 최대 2% 적립, 기본 1%, 특별 1.5%, 더블 2% 적립 가능.', '공항라운지/PP': '전세계 공항라운지를 무료로 이용할 수 있는 서비스입니다.', '기타 혜택(유의사항 등)': '연 1회 바우처 서비스 제공(외식, 쇼핑, 레저, 주유, 포인트 적립) 및 국내 골프장 무료 커피, 부띠크호텔 브런치 무료 제공, 백화점 5% 할인 혜택.'}"
CLUB Primus Point 카드,하나카드,https://d1c5n4ri2guedi.cloudfront.net/card/451/card_img/20965/451card.png,0,"해외겸용 [100,000]원",신용,"{'주유': 'SK 주유소 이용 시 리터당 60포인트 적립, 일 1회, 회당 10만원, 월 30만원 한도.', '레저/스포츠': '골프장/골프연습장 이용 시 3%, 레저 업종 이용 시 5%의 하나 OK 캐쉬백 포인트 특별적립 서비스 제공.', '프리미엄': '프리머스카드 이용 시 호텔 식음매장 10% 할인, 택시 10% 청구할인, H패션몰 20% 할인, Smarⓣ 여행서비스, 엔진오일교환 2만5천원 할인 혜택 제공.', '해외': '해외 이용금액에 대해 하나 OK 캐쉬백 포인트 2% 특별적립, 월 최대 10만 포인트 적립 가능.', '기타 혜택(유의사항 등)': '하나 OK 캐쉬백 포인트는 일반 업종에서 1% 기본적립, 면세점 및 백화점에서 2% 특별적립 제공.'}"
E9pay 신한카드 처음,신한카드,https://d1c5n4ri2guedi.cloudfront.net/card/2918/card_img/45314/2918card.png,300000,"국내전용 [15,000원] / 해외겸용 [18,000원]",신용,"{'기타 혜택(유의사항 등)': '- 음식점·카페·편의점·온라인쇼핑 5% 적립, 생활·여행·패션 5% 적립, 통신 10%·OTT 15%·멤버십 20% 적립, 소비관리 보너스 적립 서비스 제공.'}"
Easy all 카드,KB국민카드,https://d1c5n4ri2guedi.cloudfront.net/card/630/card_img/21396/630card.png,500000,"국내전용 [20,000]원 / 해외겸용 [20,000]원",신용,"{'프리미엄': 'KB국민 Easy all카드 발급 시 Visa Young Premium 서비스(호텔, 여행, F&B 할인 등) 제공.', '기타 혜택(유의사항 등)': 'KB국민 Easy all카드는 전월 이용실적에 따라 선택한 서비스에서 캐시백 및 청구할인을 제공하며, Auto 모드와 DIY 모드로 구성할 수 있습니다.'}"
CU·배달의민족 삼성카드 taptap,삼성카드,https://d1c5n4ri2guedi.cloudfront.net/card/55/card_img/27710/55card.png,300000,"국내전용 [10,000]원 / 해외겸용 [10,000]원",신용,"{'교통': '대중교통 이용 시 1,000원당 100원 결제일 할인, 월 최대 6,000원 한도.', '마트/편의점': 'CU 이용금액 1,500원당 200원 청구할인, 월 최대 4,000원 한도.', '푸드': '음식점 및 주점에서 10,000원 이상 결제 시 1,000원 청구할인, 월 최대 4,000원 제공.', '기타 혜택(유의사항 등)': '배달의민족에서 15,000원 이상 결제 시 2,000원 청구할인, 월 6,000원 한도.'}"
CLUB Signature SKYPASS 카드,하나카드,https://d1c5n4ri2guedi.cloudfront.net/card/449/card_img/20961/449card.png,0,"해외겸용 [145,000]원",신용,"{'프리미엄': '선택한 브랜드에 따라 VISA Signature 또는 UPI Diamond 등급의 국제 브랜드 서비스 제공.', '기타 혜택(유의사항 등)': '- 연 1회, CLUB Signature 카드 발급 본인회원에게 2가지 Special Service 중 1가지 선택 가능, 조건 충족 시 매년 자동 선택. \n- 선택1: 플래티넘 호텔 외식통합 이용권 12만원 제공. \n- 선택2: 신라면세점 10만원 이용권 제공. \n- LoungeKey를 통해 전 세계 제휴 라운지 무료 입장(월 2회, 연 6회). \n- 대한항공 마일리지 적립: 국내 일시불/할부 1마일리지, 특정 업종 및 해외 이용 시 추가 적립.'}"
Easy fly 티타늄카드,KB국민카드,https://d1c5n4ri2guedi.cloudfront.net/card/489/card_img/21179/489card.png,500000,"국내전용 [35,000]원 / 해외겸용 [35,000]원",신용,"{'프리미엄': 'Easy fly 티타늄 서비스는 공항/호텔 발레파킹과 공항 라운지를 제공하며, 전월 이용실적 30만원 이상 시 이용 가능합니다.', '여행/숙박': '저비용항공사(LCC) 항공권 5% 청구 할인, 유료 부가서비스 건당 1만원 할인, 면세점 및 호텔/숙박 5% 청구 할인, 해외 이용 3% 캐시백 제공.', '기타 혜택(유의사항 등)': '국내·외 가맹점 0.5% 청구할인, 영화 1만원 이상 결제 시 3천원 할인(월 1회), 제과/아이스크림 1만원 이상 결제 시 2천원 할인(월 2회), 택시 1만원 이상 결제 시 1천원 할인(월 2회).'}"
e hi-pass 카드(현대차),KB국민카드,https://d1c5n4ri2guedi.cloudfront.net/card/2548/card_img/29544/2548card.png,0,"국내전용 [2,000원]",신용,"{'자동차/하이패스': 'KB국민 e hi-pass 카드는 실물 카드 없이 차량에 자동 탑재되어 고속도로 통행료를 후불로 결제할 수 있는 서비스입니다.', '기타 혜택(유의사항 등)': '하이패스 이용 시 통행료 할인과 포인트리 적립 서비스 제공.'}"
D4카드의정석Ⅱ,우리카드,https://d1c5n4ri2guedi.cloudfront.net/card/2686/card_img/33272/2686card.png,300000,"국내전용 [12,000]원 / 해외겸용 [12,000]원",신용,"{'교통': '대중교통(버스, 지하철)과 택시 이용 시 33% 청구할인, 월 최대 5,500원 한도.', '마트/편의점': '편의점에서 11% 청구할인, 월 최대 3,300원 한도.', '카페/디저트': '카페 4대 브랜드(스타벅스, 투썸플레이스, 커피빈, 폴바셋)에서 55% 청구할인, 월 할인한도는 11,000원(1~10월) 및 22,000원(11~12월).', 'OTT/영화/문화': '영화관에서 9,900원 이상 결제 시 건당 5,500원 할인, 월 최대 5,500원 (연 12회).', '기타 혜택(유의사항 등)': '전월 국내 가맹점 이용금액 30만원 이상 시 할인 제공.'}"
GS ALL 신한카드,신한카드,https://d1c5n4ri2guedi.cloudfront.net/card/2872/card_img/43923/2872card.png,0,"국내전용 [15,000]원 / 해외겸용 [18,000]원",신용,"{'간편결제': 'GS Pay 결제 시 GS ALL 포인트 2% 추가 적립, 전월 이용금액 관계없이 최대 5천 포인트 적립 가능.', '기타 혜택(유의사항 등)': 'GS리테일에서 결제 시 최대 10% GS ALL 포인트 특별 적립, 그 외 국내외 가맹점 이용 시 0.1% 기본 적립.'}"
Easy shopping 카드,KB국민카드,https://d1c5n4ri2guedi.cloudfront.net/card/1155/card_img/21152/1155card.png,500000,"국내전용 [15,000]원 / 해외겸용 [15,000]원",신용,"{'쇼핑': '온라인쇼핑몰, 대형마트, 소셜커머스, 백화점에서 10% 포인트리 적립, 전월 이용실적에 따라 월 적립 한도 다름.', '간편결제': 'KB Pay 이용 시 온라인쇼핑몰에서 5% 포인트리 적립, 전월실적 50만원 이상 시 월 최대 5천점 적립.', '기타 혜택(유의사항 등)': 'KB국민 Easy shopping 카드로 아파트 관리비, 편의점, 배달앱에서 각각 5% 포인트리 적립 가능하며, 전월 이용실적 50만원 이상 시 제공됩니다.'}"
IBK KaPick,IBK기업은행,https://d1c5n4ri2guedi.cloudfront.net/card/2615/card_img/31432/2615card-%281%29.png,0,"국내전용 [14,000]원 / 해외겸용 [15,000]원",신용,"{'기타 혜택(유의사항 등)': '카카오페이는 국내외 가맹점에서 0.5% 포인트 적립, 주요 소비영역에서 최대 1.5%, 멤버십 영역에서 최대 7% 포인트 적립 혜택을 제공합니다.'}"
EVO 티타늄카드,KB국민카드,https://d1c5n4ri2guedi.cloudfront.net/card/1010/card_img/21525/1010card.png,500000,"국내전용 [30,000]원 / 해외겸용 [30,000]원",신용,"{'프리미엄': 'K-WORLD/국내전용 및 Master 티타늄 서비스는 공항/호텔 발레파킹과 공항 라운지 무료 이용 혜택을 제공하며, 전월 이용실적이 30만원 이상일 때 적용됩니다.', '기타 혜택(유의사항 등)': 'KB국민 EVO 티타늄카드는 전기/수소차 충전, 친환경 마켓, 온라인 쇼핑에서 포인트리 적립 혜택을 제공하며, 모바일 단독카드 이용 시 추가 포인트 적립과 기부 서비스도 지원합니다.'}"
I’m YOLO 플래티넘,롯데카드,https://d1c5n4ri2guedi.cloudfront.net/card/579/card_img/21320/579card.png,500000,"국내전용 [48,000]원 / 해외겸용 [50,000]원",신용,"{'공항라운지/PP': 'I’m YOLO 플래티넘 카드 소지자는 월 1회, 연 3회 국내·해외 공항라운지를 무료로 이용할 수 있습니다.', '프리미엄': 'Master 플래티넘 카드 발급 시 Mastercard Platinum 등급의 국제브랜드 서비스 제공.', '기타 혜택(유의사항 등)': '대한항공 SKYPASS 마일리지를 국내외 가맹점에서 1,000원당 1마일리지 기본 적립하며, 특정 가맹점에서는 추가로 1마일리지를 적립할 수 있습니다.'}"
HERITAGE Reserve(스카이패스형),KB국민카드,https://d1c5n4ri2guedi.cloudfront.net/card/2541/card_img/29517/2541card.png,0,"국내전용 [800,000원] / 해외겸용 [800,000원]",신용,"{'프리미엄': '- 골프클럽 주중 이용권, 호텔 멤버십, 항공권 할인 쿠폰 중 1가지 선택 가능, 연 1회 제공.\n- 골프백 딜리버리, 의료 동행, 전자책 구독 서비스 연 1회 100% 청구 할인 제공.\n- 롯데호텔 객실 및 F&B 할인, 발레파킹 서비스 제공.\n- KB국민은행 거래 시 수수료 감면/면제 서비스 제공.', '기타 혜택(유의사항 등)': '대한항공 카드로 국내 가맹점 1천원당 1마일리지, 해외 가맹점 1천원당 2마일리지 적립 가능.'}"
KB국민 Our WE:SH 카드,KB국민카드,https://d1c5n4ri2guedi.cloudfront.net/card/2442/card_img/28284/2442card.png,400000,"국내전용 [15,000]원 / 해외겸용 [15,000]원",신용,"{'기타 혜택(유의사항 등)': ""'우리'의 소비패턴에 맞춰 2개의 선택 서비스에서 마트, 백화점, 동네 중심 5% 할인 및 둘이, 자녀, 돌봄 중심 10% 할인 제공.""}"
KMVNO 알뜰폰 카드,KB국민카드,https://d1c5n4ri2guedi.cloudfront.net/card/2468/card_img/28182/2468card.png,300000,"국내전용 [15,000]원 / 해외겸용 [15,000]원",신용,"{'통신': 'KMVNO 알뜰폰 통신요금 자동이체 시, 전월 이용실적에 따라 최대 17,000원 할인 제공.', '기타 혜택(유의사항 등)': 'KB국민 KMVNO 알뜰폰 카드로 전월 이용실적에 따라 할인 혜택 제공.'}"
Liiv M 카드,KB국민카드,https://d1c5n4ri2guedi.cloudfront.net/card/522/card_img/21207/522card.png,500000,"국내전용 [20,000]원 / 해외겸용 [20,000]원",신용,"{'통신': 'KB 국민 Liiv M 카드로 Liiv M 통신료 자동이체 등록 시, 전월 이용실적에 따라 최대 1만 5천원 청구할인 제공.', '프리미엄': 'KB 국민 Liiv M 마스터 티타늄 카드는 전월 이용실적 30만원 이상 시 공항 발레파킹 및 라운지 서비스를 제공합니다.', '기타 혜택(유의사항 등)': 'KB 국민 Liiv M 카드는 전월 실적에 따라 다양한 할인 혜택을 제공하며, 월간 할인한도는 이월되지 않습니다.'}"
I-PET,IBK기업은행,https://d1c5n4ri2guedi.cloudfront.net/card/2565/card_img/29690/2565card.png,400000,"국내전용 [18,000]원 / 해외겸용 [19,000]원",신용,"{'마트/편의점': '대형마트 5% 할인(월 최대 1만원, 오프라인 결제) 및 편의점 5% 할인(월 최대 5천원, 오프라인 결제) 제공.', '쇼핑': '온라인쇼핑 10% 할인(월 최대 1만원) - 쿠팡, G마켓, 11번가, 옥션, 인터파크에서 적용.', '카페/디저트': '스타벅스, 커피빈 등에서 커피 10% 할인, 월 최대 5천원까지.', '애완동물': '동물병원 및 반려동물 업종 30% 할인(월 최대 1만원), 반려동물사진관 30% 할인(월 최대 1만원).', '기타 혜택(유의사항 등)': '전월 이용금액에 따라 최대 5만원의 할인 혜택을 제공하며, 특정 가맹점 및 결제 방식에서는 할인 적용이 제한됩니다.'}"
KB국민카드 KaPick,KB국민카드,https://d1c5n4ri2guedi.cloudfront.net/card/2761/card_img/37839/2760card.png,300000,"국내전용 [15,000]원 / 해외겸용 [15,000]원",신용,"{'통신': '이동 통신 요금 자동납부 시 5% 청구할인(최대 5천원).', '쇼핑': '온라인 쇼핑 10% 청구할인, KB Pay 결제 시 5% 추가 할인; 오프라인 쇼핑 5% 청구할인.', 'OTT/영화/문화': 'OTT 정기 결제 30% 청구할인, CGV/롯데시네마/메가박스 20% 할인(월 5천원 한도).', '기타 혜택(유의사항 등)': 'OTT 정기 결제 시 30% 청구할인(월 최대 5천원 한도).'}"
NH농협 올바른LIFE카드(적립형),NH농협카드,https://d1c5n4ri2guedi.cloudfront.net/card/527/card_img/21214/527card.png,0,"해외겸용 [10,000]원",신용,"{'무실적': '국내·외 이용가맹점에서 전월실적 없이 0.5% 기본적립.', '기타 혜택(유의사항 등)': 'NH농협카드는 생활업종, 여가업종, 해외 이용 시 다양한 할인 및 적립 혜택을 제공하며, 연간 1,000만원 이상 이용 시 1만 NH포인트를 지급합니다.'}"
iM 트래블 카드,iM뱅크,https://d1c5n4ri2guedi.cloudfront.net/card/2895/card_img/44234/2895card.png,300000,"국내전용 [14,000]원 / 해외겸용 [15,000]원",신용,"{'공항라운지/PP': '반기별 1회, 연 2회 공항라운지 무료 이용 서비스 제공, 전월 이용금액 30만원 이상 시 추가 제공.', '여행/숙박': '여행플랫폼과 면세점에서 각각 5% 할인 제공, 전월 이용금액에 따라 월 할인한도 적용.', '기타 혜택(유의사항 등)': '- 온라인쇼핑·배달앱 10% 할인 (전월 이용금액 30만원 이하 5천원, 60만원 이하 1만원 한도)\n- 커피·편의점·생활용품 10% 할인 (전월 이용금액 30만원 이하 5천원, 60만원 이하 1만원 한도)\n- 이동통신·스트리밍 10% 할인 (전월 이용금액 30만원 이하 5천원, 60만원 이하 1만원 한도)\n- 항공 5% 할인 (대상 항공사 공식 홈페이지 및 앱 결제 시)\n- 해외 이용 수수료 면제 (외화 머니로 결제 시)'}"
LOCA for Health,롯데카드,https://d1c5n4ri2guedi.cloudfront.net/card/624/card_img/21390/624card.png,1500000,"국내전용 [20,000]원 / 해외겸용 [20,000]원",신용,"{'교통': '버스와 지하철 이용 시 10% 할인, 월 할인한도 5천원.', '쇼핑': '백화점과 슈퍼에서 오프라인 결제 시 각각 5% 할인, 월 할인한도는 백화점 1만원, 슈퍼 1만원.', '병원/약국': '병원, 약국, 동물병원에서 10% 할인 (월 한도 2만원).', '기타 혜택(유의사항 등)': 'LOCA for Health 카드 사용 시 특정 결제에 대해 할인 혜택이 제공되며, 할인 한도는 본인카드와 가족카드 합산, 이월되지 않습니다.'}"
T우주 신한카드,신한카드,https://d1c5n4ri2guedi.cloudfront.net/card/2302/card_img/23140/2302card.png,0,"국내전용 [15,000]원 / 해외겸용 [18,000]원",신용,"{'기타 혜택(유의사항 등)': '우주패스 구독 시 전월 이용금액에 따라 캐시백 제공, 특별가맹점 이용 시 T플러스포인트 적립.'}"
NH올원 Rental&코웨이카드,NH농협카드,https://d1c5n4ri2guedi.cloudfront.net/card/2023/card_img/21975/2023card.png,0,"국내전용 [10,000]원 / 해외겸용 [12,000]원",신용,"{'공과금/렌탈': '코웨이 렌탈료에 대해 전월 실적에 따라 최대 3만원까지 청구할인 제공.', '기타 혜택(유의사항 등)': '전국 주요 놀이공원 및 동물원 할인 혜택 제공, 전월 실적 30만원 이상 시 이용 가능.'}"
가온 Biz카드,KB국민카드,https://d1c5n4ri2guedi.cloudfront.net/card/1294/card_img/21012/1294card.png,500000,"해외겸용 [15,000]원",신용,"{'기타 혜택(유의사항 등)': '국내 가맹점 0.3%, 해외 이용 2.0% 기본 적립, 사업지원영역 및 고액결제 시 추가 적립 제공.'}"
Real? Real! 2 카드,Sh수협은행,https://d1c5n4ri2guedi.cloudfront.net/card/1061/card_img/21474/1061card.png,300000,"국내전용 [10,000]원 / 해외겸용 [10,000]원",신용,"{'해외': '해외 가맹점 사용액 2% 캐시백 제공.', '기타 혜택(유의사항 등)': '국내 가맹점에서 기본청구할인 0.5~1.0% 및 특별청구할인 1.5% 제공, 무이자할부 2~3개월 가능.'}"
ON PLATINUM카드(스카이패스),NH농협카드,https://d1c5n4ri2guedi.cloudfront.net/card/2128/card_img/21863/2128card.png,0,"국내전용 [128,000]원 / 해외겸용 [130,000]원",신용,"{'공항라운지/PP': '전 세계 공항 라운지 무료 이용(더 라운지 멤버스 앱 통해 발급).', '프리미엄': 'Mastercard Platinum 등급 카드 소지자는 공항 발레파킹, 공항 라운지, 호텔 발레파킹 무료 이용 등의 프리미엄 서비스를 제공받을 수 있습니다.', '기타 혜택(유의사항 등)': '대한항공 카드로 국내·외 매출 1,500원당 1마일리지 적립, 분기별 실적에 따라 보너스 마일리지 제공.'}"
the Purple,현대카드,https://d1c5n4ri2guedi.cloudfront.net/card/2756/card_img/37053/2755card_1.png,500000,"국내전용 [1,000,000]원 / 해외겸용 [1,000,000]원",신용,"{'공항라운지/PP': '전 세계 Priority Pass 제휴 공항 라운지를 횟수 제한 없이 무료로 이용할 수 있는 Priority Pass 카드 제공.', '프리미엄': '본인 및 가족 회원에게 메탈 플레이트 제공, 카드 재발급 시 본인 카드 발급 수수료 1회 무료.', '기타 혜택(유의사항 등)': '국내 Luxury/Gourmet 영역에서 사용 가능한 10만원권 바우처 7매 제공(연 1회) 및 대한항공 마일리지 또는 M포인트 선택 적립 혜택.'}"
ME+(미플러스)카드,NH농협카드,https://d1c5n4ri2guedi.cloudfront.net/card/164/card_img/20384/164card.png,300000,"국내전용 [23,000]원 / 해외겸용 [25,000]원",신용,"{'교통': '전국 대중교통 7% 청구할인 및 음식점/교통/쇼핑 7%, 커피 30% 할인 제공.', '쇼핑': '국내외 온라인쇼핑 7% 청구할인, 음식점/교통/쇼핑 7%, 커피 30% 할인, 전월 실적에 따라 최대 3만원 할인한도 제공.', '푸드': '전국 음식점 7% 청구할인 및 커피 30% 할인, 전월 실적에 따라 할인 한도 차등 적용.', '카페/디저트': '국내외 커피전문점 30% 청구할인 제공, 전월 실적에 따라 할인한도 차등 적용.', '기타 혜택(유의사항 등)': '전국 주요 놀이공원 할인 혜택 제공, 전월실적 30만원 이상 시 본인 자유이용권 50% 할인 및 입장료 30% 할인.'}"
toss KB국민카드,KB국민카드,https://d1c5n4ri2guedi.cloudfront.net/card/1288/card_img/21018/1288card.png,0,"국내전용 [20,000]원 / 해외겸용 [20,000]원",신용,"{'카페/디저트': '스타벅스 이용 시 전월 실적 50만원 이상 시 4.0% 토스포인트 추가적립, 월 최대 5천점.', '기타 혜택(유의사항 등)': '전 가맹점 이용 시 기본 1.0% 토스포인트 적립.'}"
더 심플 하나카드,하나카드,https://d1c5n4ri2guedi.cloudfront.net/card/2811/card_img/39692/2811card.png,300000,"국내전용 [25,000]원 / 해외겸용 [25,000]원",신용,"{'기타 혜택(유의사항 등)': '월납 요금 자동이체 시 30만원 이상 80만원 미만은 10,000원, 80만원 이상은 15,000원 할인 제공.'}"
동양생명 우리카드,우리카드,https://d1c5n4ri2guedi.cloudfront.net/card/1984/card_img/22014/1984card.png,300000,"국내전용 [12,000]원 / 해외겸용 [15,000]원",신용,"{'기타 혜택(유의사항 등)': '동양생명 보험료 자동이체 시 전월 실적에 따라 최대 20,000원 할인 혜택 제공.'}"
갤러리아 Platinum 우리카드,우리카드,https://d1c5n4ri2guedi.cloudfront.net/card/2867/card_img/43884/2867card.png,500000,"국내전용 [30,000]원 / 해외겸용 [30,000]원",신용,"{'OTT/영화/문화': '갤러리아 백화점 문화센터에서 실물카드로 본인 또는 자녀의 정기 강좌 등록 시 5% 현장할인 제공.', '기타 혜택(유의사항 등)': '갤러리아 백화점에서 5% 현장할인 및 5~7% 청구할인, 최대 6개월 무이자할부, G포인트 적립, 생활 영역 3% 청구할인, 국내외 가맹점 1% 청구할인 제공.'}"
국민행복카드(신용),IBK기업은행,https://d1c5n4ri2guedi.cloudfront.net/card/260/card_img/20486/260card.png,300000,국내전용 [없음],신용,"{'병원/약국': '병원 관련 서비스에서 5% 청구할인(최대 2만원 한도)과 주요 온라인 쇼핑몰, 커피 전문점, 패밀리레스토랑, 이동통신요금 할인 등 다양한 혜택 제공.', '기타 혜택(유의사항 등)': '국민행복카드는 다양한 국가 바우처를 통합하여 사용할 수 있는 카드로, 건강보험, 보육료, 임신출산 지원 등 여러 혜택을 제공합니다.'}"
디지로카 Wellness,롯데카드,https://d1c5n4ri2guedi.cloudfront.net/card/2715/card_img/35532/2715card.png,500000,"국내전용 [30,000]원 / 해외겸용 [30,000]원",신용,"{'뷰티/피트니스': '피부과, 성형외과, 스포츠센터, 미용실 이용 시 50만원 이상 3% 캐시백, 100만원 이상 7% 캐시백 제공.', '기타 혜택(유의사항 등)': '디지로카 Wellness 카드로 국내 가맹점에서 5만원 이상 결제 시 2~3개월 무이자 할부 혜택 제공.'}"
나무 롯데카드,롯데카드,https://d1c5n4ri2guedi.cloudfront.net/card/2469/card_img/28218/2469card.png,0,"국내전용 [20,000]원 / 해외겸용 [20,000]원",신용,"{'교통': '대중교통 이용 시 50% 캐시백(한도 5천원, 조건: 40만원 이상 이용).', '카페/디저트': '스타벅스 사이렌 오더 이용 시, 지난 달 40만원 이상 결제 시 50% 캐시백(최대 5천원).', '프리미엄': '해당 카드는 국제브랜드사의 Platinum 등급 서비스가 제공됩니다.', '기타 혜택(유의사항 등)': '국내외 가맹점 최대 1% 캐시백, 스트리밍 서비스 30% 캐시백 제공.'}"
zgm.play++카드,NH농협카드,https://d1c5n4ri2guedi.cloudfront.net/card/2545/card_img/29534/2545card.png,0,"국내전용 [63,000]원 / 해외겸용 [65,000]원",신용,"{'푸드': '패스트푸드업종에서 20% 청구할인(이용건당 5천원 이상, 일 1회, 월 2회).', '카페/디저트': '스타벅스, 투썸플레이스, 커피빈에서 30% 청구할인 (이용건당 5천원 이상, 일 1회, 월 2회).', 'OTT/영화/문화': 'CGV, 롯데시네마, 메가박스에서 5천원 청구할인 제공 (이용건당 1만원 이상 결제 시, 일 1회, 월 2회, 연 12회).', '프리미엄': '- 소노호텔앤리조트의 특정 시설 2인 입장교환권 1매 제공.\n- 전 세계 공항라운지 무료 이용, 월 1회, 연 2회 제공.', '기타 혜택(유의사항 등)': '- 인앱결제, PC게임 결제, 게임방, 이동통신요금, 피트니스업종, 교통, 놀이공원, 미용실, 올리브영, CU/GS25, 쿠팡, 티몬, 온라인서점, 오프라인서점에서 각각 10% 또는 5% 청구할인 제공.'}"
국민행복카드,BNK부산은행,https://d1c5n4ri2guedi.cloudfront.net/card/1278/card_img/21029/1278card.png,0,국내전용 [없음],신용,"{'통신': 'SKT, KT, LG 이동통신요금 자동이체 시 1천원 청구 할인.', '쇼핑': '주요 온라인 쇼핑몰에서 월 2회 3만원 이상 결제 시 5% 청구 할인 제공.', '카페/디저트': '주요 커피 전문점에서 월 4회 1만원 이상 결제 시 20% 청구 할인 제공.', '병원/약국': '병원 업종에서 월 2회 최대 2만원 한도의 5% 청구 할인 제공.', '기타 혜택(유의사항 등)': '국민행복 카드로 임신·출산 진료비, 보육료, 건강관리, 기저귀 및 조제분유, 위생용품 바우처 등 다양한 지원 혜택을 제공합니다.'}"
보험엔로카,롯데카드,https://d1c5n4ri2guedi.cloudfront.net/card/2659/card_img/32305/2659card.png,0,"국내전용 [20,000]원 / 해외겸용 [20,000]원",신용,"{'자동차/하이패스': '자동차보험 결제 시 이용 실적에 따라 최대 25,000원 캐시백 제공, 장기할부는 12개월 7.0% 요율로 원금균등 방식.', '기타 혜택(유의사항 등)': '보험엔로카로 생명보험 및 손해보험 자동이체 시 이용실적에 따라 최대 25,000원 할인 혜택 제공.'}"
삼성페이 KB국민카드,KB국민카드,https://d1c5n4ri2guedi.cloudfront.net/card/148/card_img/20374/148card.png,400000,"해외겸용 [15,000]원",신용,"{'기타 혜택(유의사항 등)': '삼성페이 10% 할인(월 한도 15,000원)과 주요 생활영역 5% 할인(월 한도 5,000원) 제공, 전월 이용실적 40만원 이상 시 혜택.'}"
롯데렌터카 신차장 EV+ 우리카드,우리카드,https://d1c5n4ri2guedi.cloudfront.net/card/2283/card_img/20683/2283card.png,500000,"국내전용 [20,000]원 / 해외겸용 [20,000]원",신용,"{'주유': '주유 및 전기차 충전 시 전월 이용 실적에 따라 리터당 최대 100원 할인 및 최대 8,000원 청구 할인 제공.', '자동차/하이패스': '후불 하이패스카드 이용 시 1천원 할인 제공.', '기타 혜택(유의사항 등)': '롯데렌터카 장기렌터카 대여료 자동납부 시 최대 2만5천원 할인, 주차장 결제 시 1천원 할인 제공.'}"
스카이패스 KB국민카드,KB국민카드,https://d1c5n4ri2guedi.cloudfront.net/card/138/card_img/20366/138card.png,0,"해외겸용 [15,000]원",신용,"{'기타 혜택(유의사항 등)': '대한항공 마일리지는 신판입금액 1,500원당 1마일 적립되며, 연간 적립한도는 기업개별 카드 3만 마일, 개인 카드에는 제한이 없습니다.'}"
모두의 신세계 하나카드,하나카드,https://d1c5n4ri2guedi.cloudfront.net/card/2288/card_img/22720/2288card.png,400000,"국내전용 [12,000]원 / 해외겸용 [12,000]원",신용,"{'쇼핑': '신세계백화점, 신세계 아카데미, 시코르닷컴에서 오프라인 결제 시 5% 할인 (한도: 2만원/월).', '카페/디저트': '커피/제과/택시 20% 할인(1만원 이상 결제, 월 1만원 한도).', '레저/스포츠': '프로야구/프로축구 티켓을 티켓링크에서 예매 시 30% 할인 (할인한도: 5,000원/월).', '간편결제': 'SSG페이, 하나원큐페이, 카카오페이에 카드 등록 시 5% 할인(한도 1만원/월).', '기타 혜택(유의사항 등)': '놀이공원 및 워터파크 30% 할인(1만원 한도, 월 5회).'}"
신세계 신한카드,신한카드,https://d1c5n4ri2guedi.cloudfront.net/card/28/card_img/20110/28card.png,500000,"해외겸용 [12,000]원",신용,"{'해외': '해외 매출 5% 캐시백(최대 5만원) 제공, 단 해외온라인 거래 제외.', '기타 혜택(유의사항 등)': '신세계백화점 5% 할인, 입점영화관 3천원 할인, Life Care 가맹점 5% 할인, 고속철도 및 대중교통 3% 할인, 롯데월드 및 서울랜드 자유이용권 50% 할인 제공.'}"
삼성 iD NOMAD 카드,삼성카드,https://d1c5n4ri2guedi.cloudfront.net/card/2459/card_img/28127/2459card.png,500000,"국내전용 [47,000]원 / 해외겸용 [49,000]원",신용,"{'푸드': '쉐이크쉑과 써브웨이에서 30% 할인 제공, 통합 월 할인한도 10,000원.', 'OTT/영화/문화': '영화 티켓 12,000원 이상 결제 시 5,000원 할인 (월 한도 5,000원, 전월 이용금액 50만원 이상 시 제공).', '프리미엄': '여행/여가/면세점에서 10만원 이상 결제 시 2만원 할인(연 3회, 발급 첫 해는 금액 무관).', '기타 혜택(유의사항 등)': '국내외 가맹점에서 2%/1%/0.5% 빅포인트 적립 및 디지털콘텐츠/멤버십 50% 할인 제공.'}"
신한카드 Cube Platinum#,신한카드,https://d1c5n4ri2guedi.cloudfront.net/card/36/card_img/23899/36card.png,300000,"해외겸용 [32,000]원",신용,"{'프리미엄': '신한카드 플래티늄#은 1일 무료주차, 공항 무료커피 및 레스토랑 할인, 발렛파킹 서비스, 주요 패션/요식 거리 이용금액 2% 적립 혜택을 제공합니다.', '기타 혜택(유의사항 등)': '신한카드 Cube Platinum#은 전월 사용금액에 따라 선택한 5개 서비스에서 최대 70,000원까지 5% 할인 혜택을 제공합니다.'}"
신한카드 KaPick,신한카드,https://d1c5n4ri2guedi.cloudfront.net/card/2549/card_img/29581/2549card.png,0,"국내전용 [19,000]원 / 해외겸용 [22,000]원",신용,"{'간편결제': '토/일 카카오페이로 2만원 이상 이용 시, 주 1회, 월 최대 1만 2천 카카오페이포인트 적립.', '기타 혜택(유의사항 등)': '요일별 서비스 영역 가맹점 이용 시 5% 카카오페이포인트 적립, OTT 및 멤버십 서비스, 커피 가맹점 이용 시 10% 적립.'}"
쇼핑& 카드,BC 바로카드,https://d1c5n4ri2guedi.cloudfront.net/card/2340/card_img/24315/2340card.png,300000,"국내전용 [10,000]원",신용,"{'마트/편의점': '[라이프] 편의점 7% 청구할인 (최대 2천원, 오프라인 결제 시 적용).', '쇼핑': '쿠팡, G마켓, 옥션에서 온라인 쇼핑 시 7% 청구할인(최대 5천원) 제공.', '기타 혜택(유의사항 등)': '- 드럭스토어: H&B 스토어 7% 청구할인, 최대 5천원, 오프라인 결제 시 적용.\n- 디지털구독: 디지털구독 7% 청구할인, 최대 5천원, 공식 홈페이지(앱) 이용 시 적용.'}"
신한카드 My TeenS,신한카드,https://d1c5n4ri2guedi.cloudfront.net/card/2236/card_img/20938/2236card.png,0,"국내전용 [1,000]원",신용,"{'마트/편의점': 'GS25에서 카드 이용 금액에 따라 모바일 기프티콘을 발송하며, GS&POINT 적립 혜택이 제공됩니다.', '기타 혜택(유의사항 등)': '미성년 자녀를 위한 가족 신용카드로, 월 이용 한도 10만원에서 최대 50만원까지 설정 가능하며, 특정 업종에서만 사용 가능.'}"
신한카드 LABE,신한카드,https://d1c5n4ri2guedi.cloudfront.net/card/1006/card_img/21529/1006card.png,500000,"국내전용 [197,000]원 / 해외겸용 [200,000]원",신용,"{'공항라운지/PP': '신한카드 LABE로 The Lounge Members 앱 등록 시, 연 3회 국내 골프장 커피 4잔 무료 또는 전세계 공항 라운지 본인 무료 이용 가능.', '프리미엄': '국제브랜드사 서비스에 대한 상세 안내는 각 브랜드사 홈페이지를 참조해야 합니다.', '기타 혜택(유의사항 등)': '신한카드 LABE는 매년 1회 선택 가능한 골프 관련 기프트 옵션과 대한항공 또는 아시아나항공 마일리지 적립, 골프 쇼핑 및 레슨 할인, 배달앱 할인 혜택을 제공합니다.'}"
롯데마트 롯데카드,롯데카드,https://d1c5n4ri2guedi.cloudfront.net/card/1987/card_img/22011/1987card.png,200000,"국내전용 [10,000]원 / 해외겸용 [15,000]원",신용,"{'마트/편의점': '롯데마트에서 5만원 이상 결제 시 최대 10% 청구할인 제공, 전월 이용금액에 따라 할인 한도 달라짐.', '쇼핑': '- 롯데백화점 5% 할인 e-쿠폰, 무료 주차권, 롯데ON 5% 할인 및 무이자 할부, 면세점 5~10% 할인, 롯데마트/슈퍼 및 토이저러스 2~3개월 무이자 할부, 소액무서명 결제 서비스 제공.', '푸드': '- 보네스뻬/보네스뻬브레드 10% 할인, T.G.I.F 상시 10% 할인, 롯데리아/엔제리너스커피/나뚜루 1,000원당 50원 할인.', 'OTT/영화/문화': '롯데시네마 영화 관람료 1,500원 청구할인 및 뮤지컬, 연극 등 공연 10~30% 할인 제공.', '기타 혜택(유의사항 등)': '- 롯데마트 및 토이저러스에서 5만원 이상 결제 시 2~3개월 무이자할부 제공.  \n- 박준뷰티랩 20% 현장할인, 박승철 헤어스투디오 15% 현장할인.  \n- 롯데월드, 통도 환타지아, 경주월드, 대전오월드, 광주 패밀리랜드, 서울랜드 자유이용권 50%~40% 할인.  \n- 롯데 자이언츠 20% 할인, 일 1회 동반 1인 적용.'}"
신한카드 Deep Taking,신한카드,https://d1c5n4ri2guedi.cloudfront.net/card/477/card_img/21167/477card.png,400000,"국내전용 [20,000]원 / 해외겸용 [20,000]원",신용,"{'쇼핑': '신한카드로 백화점, 마트, 홈쇼핑, 온라인 쇼핑, 소셜몰, 패션&뷰티 매장에서 특정 조건 하에 쇼핑 혜택 제공.', '푸드': '스타벅스, 커피빈, GS25 등에서 특정 조건 하에 결제 시 혜택 제공.', '해외': '해외 온·오프라인 일시불 이용 시 항공사 및 면세점 결제에 혜택 제공.', '기타 혜택(유의사항 등)': '17개 서비스 영역 중 월별 이용금액이 많은 최대 5개 영역에서 각 2%씩 자동으로 포인트 적립.'}"
신한카드 B.Big(마이펫 스노우볼 삑),신한카드,https://d1c5n4ri2guedi.cloudfront.net/card/487/card_img/21177/487card.png,300000,"해외겸용 [13,000]원",신용,"{'교통': '버스, 지하철 후불 교통 이용 시 전월 이용금액에 따라 일 200원~600원 할인.', '통신': '이동통신요금 5% 할인(월 2건, 건당 5만원 한도) 및 전월 이용금액에 따른 통합할인한도 제공.', '마트/편의점': '편의점에서 5% 할인(일 1회, 월 5회, 건당 1만원까지) 제공, 통합할인한도는 전월 이용금액에 따라 다름.', '카페/디저트': '커피전문점에서 10% 할인(일 1회, 월 8회, 건당 1만원 한도).', 'OTT/영화/문화': 'CGV 영화 예매 시 최대 4천원 할인, 인터파크 및 YES24에서 본인과 동반자 각각 1,500원 할인 제공.', '기타 혜택(유의사항 등)': '택시/KTX 이용 시 전월 실적에 따라 최대 15,000원 할인, 4대 백화점 5% 할인, 전기요금/통신요금/해외이용금액 5% 캐시백 제공.'}"
신한카드 Love Platinum#,신한카드,https://d1c5n4ri2guedi.cloudfront.net/card/1003/card_img/21532/1003card.png,0,"해외겸용 [50,000]원",신용,"{'주유': 'GS칼텍스 주유 시 리터당 60원 할인, 일 2회, 월 30만원 한도.', '쇼핑': '전국 유명 백화점, 할인점, 온라인 쇼핑몰에서 5% 할인 및 2~3개월 무이자 할부 혜택 제공.', '푸드': '유명 패밀리 레스토랑과 커피숍에서 최대 30% 할인 제공.', 'OTT/영화/문화': '전국 Multiplex 및 On-line 영화 예매 시 7천원 할인.', '프리미엄': '신한카드 플래티늄# 소지 시 1일 무료주차, 공항 무료 커피 및 레스토랑 할인, 발렛파킹 무료(월 3회), 특급호텔 할인, 주요 패션/요식 거리 이용금액 2% 적립 혜택 제공.', '기타 혜택(유의사항 등)': 'LG전자 5% 할인, 뷰티플렉스 10% 할인 및 포인트 적립, 테마파크 50% 할인, 스포츠 경기 할인 혜택 제공.'}"
신한카드 The PREMIER GOLD EDITION (스카이패스),신한카드,https://d1c5n4ri2guedi.cloudfront.net/card/2090/card_img/21910/2090card.png,0,"해외겸용 [1,900,000]원",신용,"{'공항라운지/PP': '전 세계 900여개 공항 VIP라운지를 무료로 이용할 수 있는 Priority Pass 카드가 제공됩니다.', '기타 혜택(유의사항 등)': '- 대한항공: 스카이패스 카드로 국내 1,500원당 1마일, 해외는 VISA 1,500원당 3마일, UPI 1,500원당 1마일 적립.\n- 호텔: 특급 호텔 1박 2일 패키지 연 1회 제공.\n- 항공권: 비즈니스 클래스 왕복 항공권 구매 시 좌석 업그레이드 또는 동반자 무료 항공권 제공.\n- 생활: 프리미엄 라이프스타일 맞춤 서비스 및 공항 의전 서비스 제공.\n- 기타: 국내 공항 또는 골프장 리무진 서비스 연 1회 제공.\n- 골프: 홀인원 시 300만원 축하금 지급 및 제휴 골프장 그린피 무료 서비스.\n- 면세점: 국내 유명 면세점 10% 할인 서비스 제공.'}"
올바른 BAZIC 카드,NH농협카드,https://d1c5n4ri2guedi.cloudfront.net/card/514/card_img/30933/514card.png,400000,"해외겸용 [14,000]원",신용,"{'공항라운지/PP': '국제공항 라운지 무료 이용(월 1회, 연 2회, 전월 실적 40만원 이상 시 제공).', '해외': '해외이용가맹점에서 1.0% 청구할인 제공.', '기타 혜택(유의사항 등)': '국내이용가맹점에서 0.7% 청구할인, 일요일에는 최대 1.2% 청구할인 제공.'}"
신협-신한카드 Air One,신협,https://d1c5n4ri2guedi.cloudfront.net/card/1597/card_img/22610/1597card.png,500000,"해외겸용 [49,000]원",신용,"{'프리미엄': '프리미엄 서비스에 대한 세부 내용은 신한카드 및 국제 브랜드사 홈페이지에서 확인 가능.', '해외': '해외 일시불 이용 시 1,000원당 2마일리지 적립, 월 2,000마일리지 한도 적용.', '기타 혜택(유의사항 등)': '대한항공 카드로 국내외 이용 시 1,000원당 1마일리지 적립, 국내 항공/면세 업종은 추가 1마일리지 적립 가능.'}"
신한카드 Shopping,신한카드,https://d1c5n4ri2guedi.cloudfront.net/card/18/card_img/20100/18card.png,500000,"해외겸용 [20,000]원",신용,"{'쇼핑': '오프라인 및 온라인 쇼핑에서 각각 10% 할인, 오프라인은 일 1회/월 2회, 온라인은 일 1회/월 2회 적용, 할인 한도는 전월 이용금액에 따라 다름.', '푸드': '제휴사에서 각각 10% 할인, 월 2회, 1회 최대 5천원 할인 적용.', '해외': '신한카드 Shopping카드로 연간 1천만원 이상 이용 시 해외 이용금액의 5% 캐시백(최대 5만원) 제공.', '기타 혜택(유의사항 등)': '- 커피전문점 10% 할인 (일 1회, 월 10회, 최대 1천원 할인) \n- 잡화 및 온라인서점 10% 할인 (각각 일 1회, 월 5회, 최대 1천원 할인) \n- 4대 주유소 리터당 60원 할인 (일 1회, 월 5회, 최대 2만원 할인)'}"
에버랜드 삼성카드,삼성카드,https://d1c5n4ri2guedi.cloudfront.net/card/2652/card_img/32202/2652card.png,300000,"국내전용 [20,000]원 / 해외겸용 [20,000]원",신용,"{'해외': '해외 가맹점 및 직접구매 시 1.5% 솜 적립, 적립 한도 없음.', '기타 혜택(유의사항 등)': '- 에버랜드 50% 및 캐리비안 베이 30% 할인 제공, 전월 이용금액 30만원 이상 시 월 1회, 연 5회 이용 가능.'}"
아시아나 마일리지카드,제주은행,https://d1c5n4ri2guedi.cloudfront.net/card/2118/card_img/21879/2118card.jpg,0,"해외겸용 [15,000]원",신용,"{'주유': 'SK주유소 및 LPG충전소에서 리터당 60원 청구 할인, 주유 금액 1회 10만원, 월 30만원 한도.', '푸드': '커피전문점 10% 청구 할인(1만원 이상 결제 시) 및 패밀리레스토랑 20% 청구 할인(최대 1만원) 제공.', 'OTT/영화/문화': '영화관에서 1만원 이하 결제 시 1,500원, 초과 시 3,000원 청구 할인.', '기타 혜택(유의사항 등)': '- 아시아나항공 마일리지 1,000원당 1마일 적립, 특정 금액은 적립 제외; 롯데월드 50% 청구 할인(월 3만원 한도, 전월 실적 30만원 이상 시 제공); 자동화기기 및 전자금융 수수료 면제(전월 실적 30만원 이상, 월 20회 한도).'}"
이마트 e카드 Plus,현대카드,https://d1c5n4ri2guedi.cloudfront.net/card/2776/card_img/38184/2776card.png,500000,"국내전용 [30,000]원 / 해외겸용 [30,000]원",신용,"{'프리미엄': '프리미엄 서비스는 본인 회원 신청 시 제공되며, 발급 수수료 10만원이 부과되는 국내외겸용 Mastercard Platinum 카드입니다.', '기타 혜택(유의사항 등)': '전월 이용 금액 50만원 이상 시 국내외 가맹점 0.5% 및 특정 영역에서 5% 신세계포인트 적립.'}"
위 테라카드(포인트),NH농협카드,https://d1c5n4ri2guedi.cloudfront.net/card/567/card_img/21274/567card.png,500000,"해외겸용 [495,000]원 / 해외겸용 [500,000]원",신용,"{'카페/디저트': '전세계 스타벅스 이용 시 월 1회 4천원 청구할인 제공.', '공항라운지/PP': '전세계 공항 라운지 무료 이용, 통합 일 2회, 연 10회 제공, 전월 실적 30만원 이상 시 가능.', '기타 혜택(유의사항 등)': '국내 1%, 해외 2% 기본 적립, 주말에는 추가로 2~3% 적립되는 카드 혜택.'}"
이마트II KB국민카드(옐로우),KB국민카드,https://d1c5n4ri2guedi.cloudfront.net/card/2416/card_img/26998/2416card.png,500000,"국내전용 [15,000]원 / 해외겸용 [15,000]원",신용,"{'마트/편의점': '이마트/트레이더스에서 최대 30% 청구할인 제공, 전월 이용실적에 따라 할인 한도와 할인율 상이.', '카페/디저트': '스타벅스에서 전월 이용실적에 따라 최대 10% 청구할인 제공.', '기타 혜택(유의사항 등)': '생활업종 최대 10% 청구할인 및 구독서비스 10% 청구할인 제공.'}"
올바른 OIL&PASS,NH농협카드,https://d1c5n4ri2guedi.cloudfront.net/card/652/card_img/21415/652card.png,400000,"국내전용 [13,000]원 / 해외겸용 [15,000]원",신용,"{'마트/편의점': '편의점에서 1만원 이상 결제 시 월 2회 1,000원 청구할인 제공.', '카페/디저트': '커피전문점에서 2,000원 청구할인(월 2회, 이용건당 1만원 이상, 전월실적 40만원 이상).', '기타 혜택(유의사항 등)': '- Best OIL 팩: 주유소·LPG 5% 청구할인, 스피드메이트 엔진오일 및 와이퍼 무료교환, 자동차정비소/주차장 5% 청구할인.\n- Smart PASS 팩: 교통 서비스 7% 청구할인, 이동통신요금 5% 청구할인, 오픈마켓/배달앱 5% 청구할인.'}"
원더 Co brand(집업) 제휴 카드,하나카드,https://d1c5n4ri2guedi.cloudfront.net/card/2733/card_img/36437/2733card.png,0,"국내전용 [19,900]원 / 해외겸용 [19,900]원",신용,"{'쇼핑': '- 쿠팡 2.0% 청구할인, 한도 50,000원.\n- 오픈마켓 4.0% 청구할인, 실적에 따라 최대 12,000원.\n- 온라인식품&쇼핑 4.0% 청구할인, 실적에 따라 최대 12,000원.', '간편결제': '간편결제 시 1.2% 청구할인 제공.', '기타 혜택(유의사항 등)': '- 2~3개월 무이자 할부(5만원 이상), 전 가맹점 0.8% 청구할인, 배달앱 4.0% 청구할인, 슈퍼마켓 2.0% 청구할인, 택시 4.0% 청구할인 제공.'}"
원더카드 2.0 DAILY,하나카드,https://d1c5n4ri2guedi.cloudfront.net/card/2445/card_img/44249/2445card.png,400000,"국내전용 [19,900]원 / 해외겸용 [19,900]원",신용,"{'교통': '택시와 대중교통에서 각각 10% 할인 혜택이 제공되며, 실적에 따라 할인 한도가 다릅니다.', '마트/편의점': '편의점에서 10% 할인, 실적에 따라 최대 12,000원까지 할인 한도 적용.', '쇼핑': '온라인식품&쇼핑 10% 할인 (컬리, SSG.COM, 롯데ON, 더현대닷컴) - 실적에 따라 최대 12,000원 할인.', '푸드': ""하나페이 앱의 '원더카드 맛집' 가맹점에서 10% 할인, 실적에 따라 최대 12,000원까지 할인 한도 적용."", '기타 혜택(유의사항 등)': '- 배달앱: 딜리버리 10% 할인 (실적에 따라 최대 10,000원 한도)\n- 디지털구독: 영상 스트리밍 40% 할인 (실적에 따라 최대 15,000원 한도)'}"
캐롯손해보험 롯데카드,롯데카드,https://d1c5n4ri2guedi.cloudfront.net/card/2457/card_img/28042/2457card.png,300000,"국내전용 [20,000]원 / 해외겸용 [20,000]원",신용,"{'기타 혜택(유의사항 등)': '캐롯손해보험료 자동납부 시, 지난달 이용실적에 따라 최대 15,000원 할인 혜택 제공.'}"
우리동네GS 삼성카드,삼성카드,https://d1c5n4ri2guedi.cloudfront.net/card/2567/card_img/29851/2567card.png,0,"국내전용 [15,000원] / 해외겸용 [15,000원]",신용,"{'마트/편의점': 'GS25에서 전월 이용금액에 따라 1%/5%/10% 할인 혜택 제공.', '카페/디저트': '커피전문점 및 배달앱에서 10% 결제일 할인 제공, 통합 월 할인한도 3,000원.', '해외': '해외 가맹점 및 직접구매 시 결제일에 1% 할인 제공.', '기타 혜택(유의사항 등)': 'GS THE FRESH에서 전월 이용금액에 따라 1%~10% 결제일 할인 제공.'}"
카드의정석 하이마트,우리카드,https://d1c5n4ri2guedi.cloudfront.net/card/1856/card_img/22149/1856card.png,300000,"국내전용 [13,000]원 / 해외겸용 [18,000]원",신용,"{'쇼핑': '하이마트 상품 구매 시 24/36개월 슬림할부 이용 가능, 청구할인 서비스 제공.', '기타 혜택(유의사항 등)': '전국 영화관 3,000원 청구할인, 아웃백/VIPS 10% 청구할인, 스타벅스/커피빈 20% 청구할인 제공.'}"
톡톡 구독카드,KB국민카드,https://d1c5n4ri2guedi.cloudfront.net/card/2309/card_img/23690/2309card.png,400000,"국내전용 [30,000]원 / 해외겸용 [30,000]원",신용,{'기타 혜택(유의사항 등)': 'KB국민 톡톡 구독카드는 전월 이용실적 40만원 이상 시 디지털 구독 서비스에 대해 청구할인 혜택을 제공합니다.'}
토스페이 플러스 KB카드,KB국민카드,https://d1c5n4ri2guedi.cloudfront.net/card/2806/card_img/39485/2806card.png,0,"국내전용 [1,000]원",신용,"{'간편결제': '토스페이 플러스 KB카드는 실물 없는 모바일 단독카드로, 토스 페이와 KB Pay에 등록하여 간편결제에 사용 가능합니다.', '기타 혜택(유의사항 등)': '8가지 혜택 중 선택하여 최대 30% 캐시백을 받을 수 있는 카드입니다.'}"
케이뱅크 롯데카드,롯데카드,https://d1c5n4ri2guedi.cloudfront.net/card/2361/card_img/24783/2361card.png,0,"국내전용 [15,000원] / 해외겸용 [15,000원]",신용,"{'간편결제': '케이뱅크 롯데카드는 다양한 가맹점에서 최대 50% 캐시백 혜택을 제공합니다.', '프리미엄': '해당 카드는 Master 및 AMEX의 Platinum 등급 서비스가 제공됩니다.', '기타 혜택(유의사항 등)': '모든 가맹점에서 전월 실적에 따라 0.5% 또는 1% 캐시백 제공, 카드 플레이트 선택 가능.'}"
카드의정석 US,우리카드,https://d1c5n4ri2guedi.cloudfront.net/card/696/card_img/22170/696card.png,300000,"국내전용 [15,000]원 / 해외겸용 [15,000]원",신용,"{'교통': '대중교통(시내버스, 지하철) 이용 시 10%의 친환경 소비 모아포인트 적립.', '통신': '통신요금 자동납부 시 10%의 모아포인트 적립.', '자동차/하이패스': '전기차 및 수소차 충전 시 50% 포인트 적립, 공유 모빌리티 이용 시 10% 포인트 적립.', '간편결제': '주요 간편결제 이용 시 0.7% 모아포인트 적립 (전월 30만원 이상 사용 시).', '기타 혜택(유의사항 등)': '- 알라딘에서 10% 적립, 스트리밍 및 전자책 정기결제에서 각각 10% 적립 제공.'}"
참! 좋은 kt wiz 카드(신용),IBK기업은행,https://d1c5n4ri2guedi.cloudfront.net/card/263/card_img/47620/263card.png,0,"해외겸용 [2,000]원",신용,"{'주유': '전 주유소에서 리터당 60원 할인, 월 2회, 회당 10만원 한도.', '마트/편의점': '이마트, 홈플러스, 롯데마트, 농협하나로클럽에서 월 1회 10만원 한도로 5% 할인 제공.', '카페/디저트': '주요 커피전문점에서 20% 할인, 월 3회, 1회 2만원 한도.', 'OTT/영화/문화': '전국 영화관에서 8,000원 할인, 월 1회, 연 6회 제공.', '기타 혜택(유의사항 등)': '- 모든 가맹점에서 카드 사용에 따라 0.2~0.4% TOP포인트 적립, 소셜커머스 및 외식 업종에서 20% 할인 제공, 주요 놀이공원 무료입장 또는 할인 혜택, kt wiz 입장권 할인 및 야구용품 할인 제공.'}"
하나은행 밀리언달러 카드,롯데카드,https://d1c5n4ri2guedi.cloudfront.net/card/2270/card_img/20696/2270card.png,0,"국내전용 [15,000]원 / 해외겸용 [15,000]원",신용,"{'해외': '해외 수수료 전액 면제 및 해외 온라인 가맹점 5% 캐시백 제공.', '기타 혜택(유의사항 등)': '하나의 카드로 국내는 원화, 해외는 달러로 결제 가능하며, 다양한 할인 혜택이 제공됩니다.'}"
트래블로그 PRESTIGE 신용카드,하나카드,https://d1c5n4ri2guedi.cloudfront.net/card/2730/card_img/36139/2730card_1.png,500000,"국내전용 [150,000]원 / 해외겸용 [150,000]원",신용,"{'해외': '트래블로그 PRESTIGE 신용카드는 외화 하나머니 결제와 해외 이용 시 수수료 면제를 제공하며, 해외결제 방식 변경이 가능하다.', '기타 혜택(유의사항 등)': '대한항공 카드로 국내외 가맹점에서 1,500원당 1마일리지 적립 가능하며, 매월 100만원 이상 이용 시 보너스 마일리지와 바우처 혜택 제공.'}"
해피메이트 IBK카드(신용),IBK기업은행,https://d1c5n4ri2guedi.cloudfront.net/card/2911/card_img/44959/2911card.png,400000,"국내전용 [20,000]원 / 해외겸용 [22,000]원",신용,"{'쇼핑': '쿠팡, 11번가에서 1만원 이상 결제 시 2% 해피포인트 적립.', '카페/디저트': '파리바게뜨, 배스킨라빈스, 던킨에서 10% 해피포인트 적립 (1만원 이상 오프라인 결제 시).', '기타 혜택(유의사항 등)': '국내외 가맹점 1% 해피포인트 적립, 해피포인트 앱 내 해피오더, 마켓, 선물하기 10% 적립.'}"
현대백화점 Fit카드,현대백화점,https://d1c5n4ri2guedi.cloudfront.net/card/2345/card_img/24462/2345card.png,0,국내전용 [없음],신용,"{'쇼핑': '현대백화점에서 신규가입 후 3개월간 매월 5% 할인 쿠폰 3매 지급, 이후 이용 실적에 따라 쿠폰 제공.', '기타 혜택(유의사항 등)': '현대백화점에서 모바일 카드 사용 시 매월 2시간 무료주차권 2매 제공 및 H.Point 20% 추가 적립 혜택.'}"
후불하이패스카드(비씨),NH농협카드,https://d1c5n4ri2guedi.cloudfront.net/card/1906/card_img/22090/1906card.png,0,"해외겸용 [2,000]원",신용,"{'자동차/하이패스': 'NH후불하이패스카드는 출퇴근 시간대 고속도로 통행료를 최대 50% 할인받을 수 있는 카드입니다.', '기타 혜택(유의사항 등)': '카드 이용 시 1년 이상 유지되는 포인트 및 할인 혜택 제공.'}"
홈플러스 스페셜 신한카드,신한카드,https://d1c5n4ri2guedi.cloudfront.net/card/865/card_img/21677/865card.png,500000,"국내전용 [15,000]원 / 해외겸용 [18,000]원",신용,"{'마트/편의점': '홈플러스 매장에서 결제 시 마이홈플러스 포인트 7% 적립, 전월 이용금액에 따라 적립한도 차등 적용.', '기타 혜택(유의사항 등)': '홈플러스 외 가맹점 결제 시 0.3% 할인 제공.'}"
현대카드 Summit CE,현대카드,https://d1c5n4ri2guedi.cloudfront.net/card/2790/card_img/40485/2790card_3.png,500000,"국내전용 [80,000]원 / 해외겸용 [80,000]원",신용,"{'프리미엄': 'M 긴급적립 서비스로 최대 50만 M포인트를 선지급받아 사용하고, 카드 이용 시 적립된 포인트로 24개월 동안 상환 가능하며, 메탈 플레이트는 신청 시 10만원 수수료 또는 10만 M포인트로 발급.', '기타 혜택(유의사항 등)': '국내외 가맹점 1.5% M포인트 적립, 교육/병원/여행/골프 업종 5% 적립, 연간 5만원 크레딧 제공.'}"
현대카드M-경차전용카드 Edition2 (유류세환급),현대카드,https://d1c5n4ri2guedi.cloudfront.net/card/2903/card_img/44398/2903card.png,300000,국내전용 [없음],신용,"{'주유': '경차 유류세 환급 대상자는 주유소 및 충전소에서 유류세 환급을 받을 수 있으며, SK에너지와 HD현대오일뱅크에서 주유 시 리터당 150원 청구 할인이 제공됩니다.', '쇼핑': '현대카드 홈페이지 제휴 온라인쇼핑몰 결제 시 M포인트 추가 적립.', '기타 혜택(유의사항 등)': '국내 가맹점에서 0.2% M포인트 적립, 현대차·기아 신차 구매 시 1.5% 적립, GS칼텍스 주유 시 리터당 60 M포인트 적립.'}"
#tag1카드 Orange,하나카드,https://d1c5n4ri2guedi.cloudfront.net/card/247/card_img/20474/247card.png,300000,"해외겸용 [12,000]원",신용,"{'교통': '대중교통 이용 시 우대 고객에게 7% 할인(월 5천원 한도), 외식 시 10% 할인(월 1만원 한도) 제공.', '기타 혜택(유의사항 등)': '#tag1카드 Orange는 연속 사용 실적에 따라 우대 할인 제공, 기본 서비스와 우대 서비스가 있으며, 전월 실적 30만원 이상 시 다양한 할인 혜택을 제공합니다.'}"
3 Body-A 현대카드,현대카드,https://d1c5n4ri2guedi.cloudfront.net/card/2743/card_img/36737/2743card_1.png,500000,"국내전용 [300,000]원 / 해외겸용 [300,000]원",신용,"{'프리미엄': '프리미엄 카드 혜택으로 메탈 플레이트 제공, 공항 라운지 무료 이용, 무료 발레파킹 서비스가 포함됩니다.', '기타 혜택(유의사항 등)': '전월 이용 금액 50만원 이상 시 국내외 가맹점에서 대한항공 마일리지, 블루멤버스 포인트, SSG MONEY를 선택해 적립 가능.'}"
1st카드 (포인트 적립형),광주은행,https://d1c5n4ri2guedi.cloudfront.net/card/950/card_img/21593/950card.png,0,"국내전용 [8,000]원  해외겸용 [10,000]원",신용,"{'OTT/영화/문화': '전국 영화관에서 8천원 이상 이용 시 3천원 적립 (일 1회, 월 2회, 연 8회 한정).', '기타 혜택(유의사항 등)': '전 가맹점 이용액 0.5% 적립, 당행 자동화기기 출금 수수료 면제(월 5회, 전월 실적 10만원 이상 시), 선택형 업종 2가지 선택 가능(추가연회비 없음).'}"
1st 카드(레드),전북은행,https://d1c5n4ri2guedi.cloudfront.net/card/2179/card_img/21793/2179card.png,0,"국내 [8,000]원/ 해외겸용 [10,000]원",신용,"{'OTT/영화/문화': '전국 영화관에서 8천원 이상 이용 시 3천원 할인, 일 1회, 월 2회, 연 8회 제공.', '기타 혜택(유의사항 등)': '- 기본 선택서비스: 1.2% 적립 또는 캐시백, 8가지 서비스 중 2가지 선택 가능.\n- 프리미엄 선택서비스: 8가지 서비스 자유 선택, 서비스별 추가 연회비 3,000원.\n- 모든 가맹점: 전월 실적 무관 0.5% 적립/캐시백.\n- 기타: 전월 실적 10만원 이상 시 ATM 출금 수수료 월 5회 면제.'}"
BC 바로 Air Master 카드,BC 바로카드,https://d1c5n4ri2guedi.cloudfront.net/card/2926/card_img/45800/2926card.png,500000,"국내전용 [29,000]원 / 해외겸용 [29,000]원",신용,"{'프리미엄': '해외겸용 카드의 경우 기본 서비스만 제공되며, 추가 서비스는 포함되지 않습니다.', '기타 혜택(유의사항 등)': '- 카드 사용액 1,500원당 1 스카이패스 마일리지 적립, 주유소 및 대중교통 이용 시 추가 적립 가능.'}"
[BNK부산] 그린카드v2,BNK부산은행,https://d1c5n4ri2guedi.cloudfront.net/card/633/card_img/21399/633card.png,400000,"국내전용 [10,000]원 / 해외겸용 [12,000]원",신용,"{'교통': '버스 및 지하철 이용 시 전월 실적에 따라 10%~20% 에코머니 포인트 적립, KTX 및 고속버스 이용 시 5% 에코머니 포인트 적립.', '쇼핑': '온라인 쇼핑 5% 에코머니 포인트 적립 (월 2회, 전월 실적 40만원 이상 시 제공).', 'OTT/영화/문화': '온라인 영화예매(CGV, 롯데시네마) 시 2,000원 청구할인 제공.', '기타 혜택(유의사항 등)': '국내 전 가맹점에서 전월 실적에 따라 0.1%~1.0% 에코머니 포인트 적립, 생활요금 자동이체 시 5% 적립.'}"
Biz Prime 카드,KB국민카드,https://d1c5n4ri2guedi.cloudfront.net/card/2856/card_img/43314/2856card.png,1000000,"국내전용 [120,000]원 / 해외겸용 [120,000]원",신용,"{'해외': '해외 가맹점 이용 시 1.4% 포인트리 적립, 전월 이용실적 100만원 이상 필요.', '기타 혜택(유의사항 등)': 'KB Biz Prime 카드: 국내 가맹점 0.2~0.5%, Life 영역 0.4~1%, 제약/의료기기 0.4~1%, 4대 보험 10% 포인트리 적립.'}"
CHALLENGE BAG KB국민카드,KB국민카드,https://d1c5n4ri2guedi.cloudfront.net/card/940/card_img/29510/940card.png,400000,"해외겸용 [15,000]원",신용,"{'기타 혜택(유의사항 등)': '- 11번가에서 11Pay로 결제 시 11% OK캐쉬백 적립, 전월 실적 40만원 이상 시 최대 5만점 적립.\n- 생활밀착업종에서 5% OK캐쉬백 적립, 전월 실적 40만원 이상 시 최대 2만점 적립.\n- 모든 가맹점에서 0.1% 기본 OK캐쉬백 적립.'}"
GS리테일 NH농협카드,NH농협카드,https://d1c5n4ri2guedi.cloudfront.net/card/2402/card_img/26571/2402card.png,0,"국내전용 [12,000]원 / 해외겸용 [12,000]원",신용,"{'공항라운지/PP': '국제공항 라운지 무료 이용 연 2회 제공, 전월 실적 40만원 이상 시 가능.', '기타 혜택(유의사항 등)': 'GS리테일 점내 가맹점 이용 시 2% GS&POINT 적립, 모든 가맹점에서 국내 1%, 국외 2% NH포인트 적립.'}"
GS Prime 신한카드,신한카드,https://d1c5n4ri2guedi.cloudfront.net/card/2243/card_img/30835/2243card.png,0,"국내전용 [15,000]원 / 해외겸용 [18,000]원",신용,"{'쇼핑': 'GS리테일 점내 이용 시 GS&POINT 2% 적립.', '기타 혜택(유의사항 등)': '모든 가맹점 이용 시 GS&POINT 0.3% 기본 적립.'}"
[IBK] 그린카드v2,IBK기업은행,https://d1c5n4ri2guedi.cloudfront.net/card/629/card_img/21395/629card.png,200000,"해외겸용 [10,000]원",신용,"{'교통': '버스, 지하철 이용 시 전월 실적에 따라 10%~20% 에코머니 포인트 적립, KTX 및 고속버스 이용 시 5% 적립.', '쇼핑': '온라인 업종에서 5% 에코머니 포인트 적립, 월 2회, 최대 3,000점.', '카페/디저트': '카페에서 커피 구매 시 10% 청구 할인 (월 2회, 3,000원 한도, 전월 실적 20만원 이상 필요).', 'OTT/영화/문화': '온라인 영화예매 시 2,000원 청구 할인 (월 1회, 1만원 이상 결제 시, 전월 실적 20만원 이상 필요).', '기타 혜택(유의사항 등)': '국내 전 가맹점에서 0.2%~1.0% 에코머니 포인트 적립, 생활요금 자동이체 시 5% 적립, 녹색제품 구매 시 최대 24% 적립, 에코머니 제휴가맹점에서 최대 5% 적립, 공공시설 무료입장 또는 할인 제공.'}"
e플래티넘 롯데카드,롯데카드,https://d1c5n4ri2guedi.cloudfront.net/card/890/card_img/21651/890card.png,500000,"국내전용 [18,000]원 / 해외겸용 [20,000]원",신용,"{'간편결제': '- e스타일할인: 지난달 이용금액에 따라 스마일페이 및 롯데 제휴사 매장에서 최대 월 2만원 할인.\n- e스마일할인: 지난해 스마일페이 이용금액에 따라 연 1회 최대 3만원 할인.', '프리미엄': 'VISA Platinum 등급의 국제브랜드 서비스 제공.', '기타 혜택(유의사항 등)': '- 매년 2만원 캐시백 제공, 첫 해 10만원 이상 사용 시, 이후 300만원 이상 및 스마일페이 가맹점 1회 이상 사용 시.'}"
Easy shopping 티타늄카드,KB국민카드,https://d1c5n4ri2guedi.cloudfront.net/card/912/card_img/21632/912card.png,500000,"국내전용 [30,000]원 / 해외겸용 [30,000]원",신용,"{'쇼핑': '온라인쇼핑몰, 대형마트, 소셜커머스, 백화점에서 10% 포인트리 적립, 전월 이용실적에 따라 월 적립 한도 다름.', '간편결제': 'KB Pay 이용 시 온라인쇼핑몰에서 5% 포인트리 적립, 전월실적 50만원 이상 시 월 한도 5천점.', '프리미엄': 'Master 티타늄카드와 K-WORLD/국내전용 티타늄카드는 각각 공항 라운지 무료 이용, 인천공항 및 국내 호텔 무료 발레파킹 서비스를 제공하며, 전월 이용실적 30만원 이상 시 이용 가능.', '기타 혜택(유의사항 등)': 'KB국민 Easy shopping 티타늄카드는 선택형 서비스로 아파트 관리비, 편의점, 배달앱에서 5% 포인트리 적립이 가능하며, 전월 이용실적 50만원 이상 시 제공됩니다.'}"
GS칼텍스 신한카드 Shine,신한카드,https://d1c5n4ri2guedi.cloudfront.net/card/35/card_img/20117/35card.png,200000,"해외겸용 [7,000]원",신용,"{'교통': '전국 지정 지역의 버스와 지하철, T-money 및 eb단말기 택시에서 전월 이용금액에 따라 최대 7% 할인 제공.', '주유': '신한 GS칼텍스 Shine 카드로 주유 시 전월 실적에 따라 리터당 최대 100원 할인(월 최대 30만원까지).', 'OTT/영화/문화': '신한카드로 영화 예매 시 본인 및 동반 1인 각각 1,500원 할인, 월 2회, 연 6회 가능하며, 3곳 통합 연간 12회 한정.', '기타 혜택(유의사항 등)': '주요 놀이공원에서 본인 자유이용권에 대해 최대 50% 할인 제공.'}"
E1 LPG 롯데카드,롯데카드,https://d1c5n4ri2guedi.cloudfront.net/card/1926/card_img/22072/1926card.jpg,300000,"국내전용 [15,000]원",신용,"{'쇼핑': '롯데백화점 5% 할인 e-쿠폰, 롯데ON 5% 할인 및 무이자 할부, 면세점 5~10% 할인, 롯데마트 및 롯데슈퍼 2~3개월 무이자 할부, 토이저러스 2~3개월 무이자 할부, 소액무서명 결제 서비스 제공.', 'OTT/영화/문화': '롯데시네마 영화 관람료 1,500원 청구할인 및 뮤지컬, 연극 등 공연 10~30% 할인 제공.', '기타 혜택(유의사항 등)': 'E1 LPG 충전소에서 87 포인트/L 적립, 하이패스 이용 시 출퇴근시간 30%, 그 외 20% 적립, 대중교통 및 대리운전 10% 적립, 롯데마트 10% 적립, 골프장 그린피 결제 시 10% 적립.'}"
Easy pick카드,KB국민카드,https://d1c5n4ri2guedi.cloudfront.net/card/469/card_img/21159/469card.png,500000,"국내전용 [20,000]원 / 해외겸용 [20,000]원",신용,"{'교통': '대중교통 이용 시 5% 포인트리 적립 (전월 실적 50만원 이상 시, 최대 5천점).', '주유': '주유소/충전소에서 5% 포인트리 적립, 전월 실적에 따라 적립한도 차등 적용.', '통신': 'SKT, KT, LG U+ 이동통신요금 자동이체 시 5% 포인트리 적립 (전월 실적 50만원 이상 시).', '마트/편의점': '대형마트(이마트, 롯데마트, 홈플러스)에서 5% 포인트리 적립, 전월 이용실적에 따라 적립한도 차등 적용.', '쇼핑': 'KB국민 Easy Pick카드는 인터넷쇼핑몰에서 5% 포인트리 적립, 전월 실적에 따라 적립한도 차등 적용.', '공항라운지/PP': '인터넷 쇼핑몰 앱카드 결제 시 5% 포인트리 적립, 전월 이용실적 50만원 이상 시 최대 5천점 적립.', '기타 혜택(유의사항 등)': 'KB국민 Easy Pick카드는 배달의민족과 마켓컬리에서 5% 포인트리 적립, 전월 이용실적에 따라 적립 한도가 다릅니다.'}"
HERITAGE Reserve(포인트형),KB국민카드,https://d1c5n4ri2guedi.cloudfront.net/card/2542/card_img/29518/2542card.png,0,"국내전용 [800,000원] / 해외겸용 [800,000원]",신용,"{'프리미엄': '- 골프클럽 주중 이용권, 호텔 멤버십, 항공권 60만원 할인 쿠폰 중 1가지 선택 가능, 연 1회 제공.', '기타 혜택(유의사항 등)': '국내 가맹점 최대 1.2%, 해외 가맹점 3% 포인트리 적립, 백화점/골프장 이용 시 특별 적립 제공.'}"
Easy on카드,KB국민카드,https://d1c5n4ri2guedi.cloudfront.net/card/470/card_img/21160/470card.png,500000,"국내전용 [20,000]원 / 해외겸용 [20,000]원",신용,"{'교통': '대중교통 이용 시 버스와 지하철 요금 5% 할인, 전월 이용실적 50만원 이상 시 월간 할인한도 5천원.', '통신': 'SKT, KT, LG U+ 이동통신요금 자동이체 시 5% 할인 (알뜰폰 제외), 전월 이용실적 50만원 이상 시 대중교통/이동통신 할인한도 5천원.', '마트/편의점': 'GS25, CU에서 5% 할인 (전월 이용실적 50만원 이상 시, 할인한도는 최대 1만원).', '쇼핑': 'G마켓, 옥션, 11번가에서 5% 할인, 전월 이용실적에 따라 할인한도 제공.', '푸드': '푸드 업종 5% 할인, 전월 이용실적에 따라 할인한도 차등 적용.', '카페/디저트': '스타벅스와 커피빈에서 5% 할인, 전월 이용실적에 따라 월간 할인한도 제공.', '공항라운지/PP': 'G마켓, 옥션, 11번가에서 앱카드 결제 시 5% 할인(전월 실적 50만원 이상 시, 할인한도 5천원).', '기타 혜택(유의사항 등)': '소셜커머스, 배달앱, 백화점, 온라인 음원, 숙박 앱에서 각각 5% 할인 제공, 전월 이용실적에 따라 월간 할인한도 차등 적용.'}"
L.pay 롯데카드 Ⅱ,롯데카드,https://d1c5n4ri2guedi.cloudfront.net/card/771/card_img/22245/771card.png,300000,"국내전용 [10,000]원 / 해외겸용 [10,000]원",신용,"{'간편결제': '지난달 실적 30만원 이상 시 L.pay 결제에서 1.5%, L.pay 이외 결제에서 1.0%의 L.POINT 적립.', '기타 혜택(유의사항 등)': '카드 이용 시 다양한 포인트 및 할인 혜택 제공.'}"
KB차차차 신용카드,KB국민카드,https://d1c5n4ri2guedi.cloudfront.net/card/2603/card_img/31201/2603card.png,400000,"국내전용 [30,000원] / 해외겸용 [30,000원]",신용,"{'주유': '주유소에서 리터당 150원~300원 청구할인, 전월 이용실적에 따라 할인 금액 차등 적용.', '자동차/하이패스': '차량정비, 주차장, 세차장 업종에서 전월 이용실적에 따라 최대 10% 청구할인 제공.', '기타 혜택(유의사항 등)': 'KB차차차 신용카드는 연회비가 30,000원이며, 다양한 할인 및 적립 서비스가 제공되지만 특정 가맹점에서는 제외됩니다.'}"
KT 가족만족 할부 신한카드,신한카드,https://d1c5n4ri2guedi.cloudfront.net/card/2741/card_img/36698/2741card_1.png,0,"국내전용 [22,000]원 / 해외겸용 [25,000]원",신용,"{'통신': 'KT 요금 통합 청구 시 Super할부 이용 회원은 최대 1만 5천원 할인, 미이용 회원은 최대 5천원 할인.', '기타 혜택(유의사항 등)': ""KT Super할부는 'KT 가족만족 할부 신한카드'로 24개월 할부 결제 시 연 5.9%의 확정 이자로 원리금 균등 상환하는 서비스입니다.""}"
IBK hi 카드,IBK기업은행,https://d1c5n4ri2guedi.cloudfront.net/card/781/card_img/21761/781card.jpg,200000,"국내전용 [2,000]원 / 해외겸용 [4,000]원",신용,"{'교통': '대중교통 최대 300원 할인(1일 3회, 월 1만원 한도) 및 철도, 고속버스, 택시 5% 할인(1일 1회, 월 2회, 월 5천원 한도) 제공.', '주유': 'GS 주유소에서 리터당 40원 할인(월 4회, 회당 10만원 한도).', '통신': '휴대폰 이용대금 3% 할인 (최대 1,200원, 월 1회, 자동이체 필수).', 'OTT/영화/문화': '인터파크와 네이버영화 결제 시 월 1회, 연 6회 2천원 할인.', '기타 혜택(유의사항 등)': '- 아웃백, 빕스 10% 할인 (월 1회, 최대 1만원 한도) 및 당행 ATM 인출 수수료 월 10회 면제, 대출금리 최고 0.2%p 우대, 주요 놀이공원 할인 제공.'}"
LOCA 100,롯데카드,https://d1c5n4ri2guedi.cloudfront.net/card/707/card_img/22181/707card.png,750000,"국내전용 [20,000]원 / 해외겸용 [20,000]원",신용,"{'기타 혜택(유의사항 등)': '국내외 가맹점에서 이용 실적에 따라 최대 1% 결제일 할인과 온라인 결제 시 최대 1.5% 할인, 6만원 Flex Voucher 제공 혜택이 있습니다.'}"
LOCA MONEY,롯데카드,https://d1c5n4ri2guedi.cloudfront.net/card/706/card_img/22180/706card.png,0,"국내전용 [20,000]원 / 해외겸용 [20,000]원",신용,{'기타 혜택(유의사항 등)': '국내외 가맹점에서 1% 기본 적립과 2% 특별 적립(조건 충족 시)으로 로카코인 적립 가능.'}
Liiv M Ⅱ 카드,KB국민카드,https://d1c5n4ri2guedi.cloudfront.net/card/747/card_img/22221/747card.png,300000,"국내전용 [15,000]원 / 해외겸용 [15,000]원",신용,"{'통신': 'Liiv M 통신료 자동이체 시 최대 1만 7천원 할인 제공.', '기타 혜택(유의사항 등)': 'KB국민 Liiv M II 카드로 전월 이용실적에 따라 다양한 할인 및 적립 혜택을 제공하며, 특정 가맹점에서만 적용됩니다.'}"
LG트윈스 신한카드,신한카드,https://d1c5n4ri2guedi.cloudfront.net/card/2526/card_img/28930/2526card.png,0,"해외겸용 [10,000원]",신용,"{'쇼핑': 'LG트윈스 용품 구매 시 잠실 경기장 내/외 매장에서 10% 현장 할인.', 'OTT/영화/문화': '전국 CGV 영화관에서 3,000원 할인(2매 기준), 월 5회, 연 12회 제공, 전월 이용금액 30만원 이상 시 적용.', '기타 혜택(유의사항 등)': 'LG트윈스 홈경기 입장권 3,000원 할인 및 롯데월드, 서울랜드, 에버랜드 50% 할인, 캐리비안베이 30% 할인 제공.'}"
LOCA CLASSIC,롯데카드,https://d1c5n4ri2guedi.cloudfront.net/card/620/card_img/21386/620card.png,1500000,"국내전용 [20,000]원 / 해외겸용 [20,000]원",신용,"{'기타 혜택(유의사항 등)': 'LOCA CLASSIC과 LOCA for 카드를 세트로 소지하면 실적 합산 및 두 카드 혜택 모두 적용, 국내외 가맹점에서 이용금액에 따라 최대 1.0% 할인 제공.'}"
Jin Air - 롯데카드,롯데카드,https://d1c5n4ri2guedi.cloudfront.net/card/2016/card_img/21982/2016card.jpg,300000,"국내전용 [5,000]원 / 해외겸용 [6,000]원",신용,"{'쇼핑': '롯데백화점 5% 현장할인 e-쿠폰, 롯데ON 최고 5% 할인, 롯데면세점 5% 할인, 신라아이파크면세점 10~15% 할인, 롯데마트·롯데슈퍼·토이저러스 2~3개월 무이자할부 제공.', '푸드': ""T.G.I.FRiDAY'S 10% 현장할인(20만원 이상 신용구매 시, 1일 1회, 최대 2만원 할인) 및 롯데리아·나뚜루·엔제리너스 1,000원당 50원 현장할인."", '카페/디저트': '커피전문점 5% 청구할인 (전월실적 30만원 이상, 월 한도 5,000원).', 'OTT/영화/문화': '롯데시네마 관람료 1,500원 청구할인, 월 1회, 연 6회 제공.', '해외': '일본(오사카, 나고야, 키타큐슈) 및 홍콩, 태국의 레스토랑에서 할인 및 우대 혜택 제공.', '기타 혜택(유의사항 등)': '진에어 항공권 10% 청구할인(최대 3만원), 롯데월드 본인 종합이용권 50% 현장할인 제공.'}"
LOCA in MEGACITY,롯데카드,https://d1c5n4ri2guedi.cloudfront.net/card/2360/card_img/24781/2360card.png,1500000,"국내전용 [20,000원] /  해외겸용 [20,000원]",신용,"{'쇼핑': '오프라인 쇼핑 5% 할인(월 1만원 한도, 특정 가맹점 한정) 및 온라인 쇼핑 5% 할인(월 1만원 한도, 특정 가맹점 한정) 제공.', '기타 혜택(유의사항 등)': '롯데월드 부산 및 스카이라인루지 부산 10% 할인, 롯데자이언츠 관람권 10% 할인 제공.'}"
LOCA for Shopping,롯데카드,https://d1c5n4ri2guedi.cloudfront.net/card/625/card_img/21391/625card.png,1500000,"국내전용 [20,000]원 / 해외겸용 [20,000]원",신용,"{'마트/편의점': '대형마트에서 이마트, 홈플러스, 롯데마트 10% 할인(월 한도 1.5만원), 편의점에서 세븐일레븐, GS25, CU 10% 할인 제공.', '쇼핑': '온라인 쇼핑 및 홈쇼핑에서 150만원 이상 이용 시 10% 할인 제공.', '기타 혜택(유의사항 등)': 'LOCA for Shopping 카드로 결제 시 할인 혜택이 제공되며, 특정 이용금액은 실적에서 제외됩니다.'}"
LOTTE ONers 롯데카드,롯데카드,https://d1c5n4ri2guedi.cloudfront.net/card/471/card_img/21161/471card.png,300000,"국내전용 [5,000]원 / 해외겸용 [5,000]원",신용,"{'기타 혜택(유의사항 등)': '- 기본적립 0.5% L.POINT는 지난달 실적 30만원 이상 시 일반 가맹점 결제에 적립되며, 월 최대 10만 포인트까지 적립 가능.\n- 특별적립 3% L.POINT는 지난달 실적 30만원 이상 시 LOTTE ON 온라인 쇼핑몰 결제에 적립되며, 건당 2천 포인트, 월 최대 2만 포인트까지 적립 가능.'}"
NH올원 All100(올백)카드,NH농협카드,https://d1c5n4ri2guedi.cloudfront.net/card/177/card_img/20393/177card.png,300000,"국내전용 [8,000]원 / 해외겸용 [8,000]원",신용,"{'기타 혜택(유의사항 등)': 'NH포인트 10% 적립(생활적립서비스) 및 상해보험 무료 제공, 농협 이체 수수료 면제 혜택.'}"
LOCA PLATINUM 할인형,롯데카드,https://d1c5n4ri2guedi.cloudfront.net/card/626/card_img/29021/626card.png,1500000,"국내전용 [100,000]원 / 해외겸용 [100,000]원",신용,"{'프리미엄': 'Master 플래티넘 카드 발급 시 Mastercard Platinum 등급의 국제브랜드 서비스 제공.', '기타 혜택(유의사항 등)': '국내외 가맹점에서 이용금액에 따라 최대 1.0% 할인 제공, 특급호텔 F&B 이용권은 연간 실적에 따라 제공.'}"
LOCA PLATINUM 마일리지형,롯데카드,https://d1c5n4ri2guedi.cloudfront.net/card/627/card_img/29022/627card.png,0,"국내전용 [100,000]원 / 해외겸용 [100,000]원",신용,"{'프리미엄': 'Master 플래티넘 카드 발급 시 Mastercard Platinum 등급의 국제브랜드 서비스 제공.', '기타 혜택(유의사항 등)': '대한항공 SKYPASS 마일리지 적립은 이용금액에 따라 기본적립(1,500원당 1마일)과 특별적립(1,000원당 1마일)으로 제공되며, 해외 이용 시 수수료가 부과됩니다.'}"
NH올원 NH투자증권카드,NH농협카드,https://d1c5n4ri2guedi.cloudfront.net/card/2014/card_img/21984/2014card.png,0,"국내전용 [8,000]원 / 해외겸용 [10,000]원",신용,"{'기타 혜택(유의사항 등)': '전월실적에 상관없이 0.7%에서 0.9% 적립, 해외이용액은 0.9% 적립.'}"
LOCA Mobility 반띵 카드,롯데카드,https://d1c5n4ri2guedi.cloudfront.net/card/2463/card_img/28157/2463card.png,400000,"국내전용 [17,000]원 / 해외겸용 [17,000]원",신용,"{'교통': '대중교통 50% 할인(버스·지하철) 및 LOCA Mobility 반띵 카드 발급 시 로카모빌리티카드 1매 무료 제공.', '쇼핑': '온라인쇼핑에서 쿠팡, 위메프, 티몬 50% 할인, 이용금액에 따라 월 할인한도 3천원 또는 5천원.', '카페/디저트': '스타벅스에서 커피 50% 할인, 월 할인한도는 이용금액에 따라 3천원 또는 5천원.', '기타 혜택(유의사항 등)': '- 미용실 50% 할인 (오프라인 결제 시, 이용금액에 따라 월 할인한도 적용).\n- 스트리밍 서비스 50% 할인 (정기결제 이용 시, 이용금액에 따라 월 할인한도 적용).\n- 멤버십 서비스 50% 할인 (이용금액에 따라 월 할인한도 적용).'}"
MY RENTAL+ 롯데카드,롯데카드,https://d1c5n4ri2guedi.cloudfront.net/card/2473/card_img/28413/2473card.png,500000,"국내전용[15,000]원 / 해외겸용[18,000]원",신용,"{'주유': '모든 주유소 5% 및 전기차 충전 50% 할인, 월 최대 5,000원 한도.', '공과금/렌탈': '롯데렌탈 월 대여료 자동결제 시, 이용실적에 따라 최대 30,000원 할인 혜택 제공.', '자동차/하이패스': '카카오 대리운전 2,000원 할인(월 1회, 50만원 이상 이용 시) 및 그린카 및 세차클링 10% 할인(월 5,000원 한도, 50만원 이상 이용 시).', '기타 혜택(유의사항 등)': 'MY RENTAL+ 롯데카드는 지난 달 이용실적에 따라 이번 달 결제일 할인 혜택이 적용됩니다.'}"
New LG전자 베스트샵 PLUS 신한카드,신한카드,https://d1c5n4ri2guedi.cloudfront.net/card/1899/card_img/22097/1899card.png,500000,"국내전용 [10,000]원 / 해외겸용 [12,000]원",신용,"{'쇼핑': 'LG전자에서 일시불 거래 시 5~10% 청구 할인과 0.5% 포인트 적립 혜택 제공.', '프리미엄': '국제브랜드사 서비스에 대한 상세 안내는 각 브랜드사 홈페이지를 참조해야 합니다.', '기타 혜택(유의사항 등)': 'LG전자 베스트샵에서 가전제품 구매 시 최대 36개월 무이자 할부와 포인트 적립 혜택 제공, 주요 놀이공원에서 50% 할인 가능.'}"
PlayStation® - 현대카드M,현대카드,https://d1c5n4ri2guedi.cloudfront.net/card/1611/card_img/22591/1611card.png,0,"국내전용 [20,000]원 / 해외겸용 [20,000]원",신용,"{'기타 혜택(유의사항 등)': 'PlayStation®Plus 정기구독서비스 결제 시 연간 44,900원 캐시백 제공(전년도 이용금액 500만원 이상 시) 및 게임 콘텐츠 결제 시 최대 15,000원 청구 할인 혜택.'}"
S-OIL 삼성카드 & POINT,삼성카드,https://d1c5n4ri2guedi.cloudfront.net/card/1673/card_img/28076/1673card.png,0,"국내전용 [10,000]원 / 해외겸용 [12,000]원",신용,"{'주유': 'S-OIL 주유소에서 주유 시 리터당 80 빅포인트 적립, 월 최대 30만원까지 적용.', 'OTT/영화/문화': 'CGV에서 직전 3개월 30만원 이상 이용 시 영화 관람 시 3,000원 할인 제공.', '기타 혜택(유의사항 등)': '- 업종별 1%~3% 빅포인트 적립 및 파리바게뜨·배스킨라빈스·던킨도너츠 10% 결제일 할인 제공.'}"
NU AUTO 우리카드,우리카드,https://d1c5n4ri2guedi.cloudfront.net/card/2476/card_img/28410/2476card.png,500000,"국내전용 [20,000]원 / 해외겸용 [20,000]원",신용,"{'주유': '주유 및 전기차 충전 시 전월 이용실적에 따라 리터당 최대 100원 할인 및 통합 월 할인 한도 최대 8,000원 제공.', '자동차/하이패스': '우리카드 자동차할부 이용고객은 전월 국내가맹점 이용실적에 따라 최대 5,000원 청구할인을 받을 수 있으며, 후불 하이패스카드 이용 시에도 전월 이용실적에 따라 1,000원 할인 혜택이 제공됩니다.', '기타 혜택(유의사항 등)': '주차장 5천원 이상 결제 시 1천원 할인 (전월 실적 50만원 이상 시, 월 4회 한정).'}"
NC다이노스카드,NH농협카드,https://d1c5n4ri2guedi.cloudfront.net/card/161/card_img/47590/161card.png,300000,"국내전용 [8,000]원 / 해외겸용 [10,000]원",신용,"{'통신': '가입한 핸드폰 요금제로 7개국과 14개국에 국제전화 이용 가능.', '쇼핑': '온라인쇼핑 청구할인은 전월 실적에 따라 최대 2만원까지 할인 가능하며, 특정 쇼핑몰에서 1만원 이상 결제 시 적용됩니다.', '카페/디저트': '스타벅스, 카페베네, 커피빈, 탐앤탐스에서 전월 실적에 따라 월 최대 2만원 청구할인(30% 할인).', 'OTT/영화/문화': 'CGV, 롯데시네마, 메가박스에서 전월 실적에 따라 월 최대 2만원 청구할인 제공.', '기타 혜택(유의사항 등)': 'NC다이노스 입장료 2천원 할인(동반 1인 포함, 월 2회) 및 야구용품 5~10% 할인 제공.'}"
SSG카드,SSGPAY. CARD,https://d1c5n4ri2guedi.cloudfront.net/card/434/card_img/20933/434card.png,0,"국내전용 [9,000]원 / 해외겸용 [10,000]원",신용,"{'기타 혜택(유의사항 등)': 'SSGPAY 결제 시 1.5%, 그 외 결제 시 1.0% 적립, 신세계포인트 가맹점 이용 시 신세계포인트 적립 가능.'}"
SSG.COM카드,현대카드,https://d1c5n4ri2guedi.cloudfront.net/card/783/card_img/21759/783card.png,300000,"국내전용 [20,000]원 / 해외겸용 [20,000]원",신용,"{'쇼핑': '온라인쇼핑에서 당월 이용금액에 따라 30만원 이상 2%, 70만원 이상 3%, 100만원 이상 4% 적립.', '기타 혜택(유의사항 등)': '당월 이용금액에 따라 30만원 이상 3%, 70만원 이상 4%, 100만원 이상 5%의 신세계포인트 적립 혜택 제공.'}"
SSG.COM 카드 Edition2,현대카드,https://d1c5n4ri2guedi.cloudfront.net/card/2393/card_img/25915/2393card.png,300000,"국내전용 [10,000]원 / 해외겸용 [10,000]원",신용,"{'쇼핑': 'SSG.COM 결제 시 전월 이용금액 30만원 이상일 경우 SSG MONEY 7% 적립, 월 최대 1만 SSG MONEY.', '기타 혜택(유의사항 등)': 'SSG.COM 외 가맹점 결제 시 전월 이용금액 30만원 이상 시 SSG MONEY 0.5% 적립.'}"
olleh Super DC IBK카드,IBK기업은행,https://d1c5n4ri2guedi.cloudfront.net/card/264/card_img/20488/264card.png,300000,"해외겸용 [10,000]원",신용,"{'주유': '전 주유소 리터당 60원 청구할인, 1일 1회, 월 2회, 1회 주유금액 10만원 한도.', 'OTT/영화/문화': '인터파크, 네이버영화, 예스24 인터넷 예매 시 월 1,500원 청구할인 (월 2회, 연 12회).', '기타 혜택(유의사항 등)': '- KT 통신요금 청구할인: 전월 이용금액 30만원 이상 시 7천원, 70만원 이상 시 1만 5천원 할인.\n- 패밀리레스토랑: 아웃백, VIPS, TGIF, 베니건스 10% 청구할인, 월 1회, 연 6회, 1회 10만원 한도.\n- 테마파크: 주요 놀이공원 무료입장 또는 50% 현장할인, 통합 월 1회, 연 2회.'}"
The Aureum(더 아우름)카드,Sh수협은행,https://d1c5n4ri2guedi.cloudfront.net/card/2932/card_img/46054/2932_card_1.png,500000,"국내전용 [190,000]원 / 해외겸용 [200,000]원",신용,"{'기타 혜택(유의사항 등)': '연 1회 선택 가능한 20만원 할인 바우처(호텔다이닝, 백화점 상품권, 면세점 선불카드, 골프업종 할인) 제공.'}"
SOHO 다사로이OIL카드,NH농협카드,https://d1c5n4ri2guedi.cloudfront.net/card/2366/card_img/25047/2366card.png,500000,"국내전용 [15,000원] / 해외겸용 [17,000원]",신용,"{'주유': '전 주유소 및 LPG·수소차, 전기차 충전소에서 5% 청구할인, 전월 실적에 따라 최대 5만원 할인.', '자동차/하이패스': '차량 구매액 1% 청구할인이 연 1회 제공됩니다.', '비즈니스': '주요 사업경비업종에서 0.5% 청구할인, 전월실적 50만원 이상 시 월 최대 5만원 할인.', '기타 혜택(유의사항 등)': '카카오T대리 자동결제 10% 청구할인과 스피드메이트 엔진오일 및 와이퍼 무료교환 서비스 제공.'}"
Trip to 로카,롯데카드,https://d1c5n4ri2guedi.cloudfront.net/card/2566/card_img/44491/2566card_1.png,300000,"국내전용 [20,000]원 / 해외겸용 [20,000]원",신용,"{'해외': '해외 가맹점에서 2.0% 결제일 할인 제공, 전월실적 30만원 이상 필요.', '기타 혜택(유의사항 등)': '국내 가맹점에서 전월 실적 30만원 이상 시 1.2% 결제일 할인 제공.'}"
zgm.고향으로카드,NH농협카드,https://d1c5n4ri2guedi.cloudfront.net/card/2513/card_img/28755/2513card.png,0,"국내전용 [12,000원] / 해외겸용 [12,000원]",신용,"{'기타 혜택(유의사항 등)': '국내/해외 이용 시 0.7% NH포인트 적립, 주말 국내 이용 시 0.3% 추가적립, 기부지역 가맹점 이용 시 0.7% 추가적립.'}"
Toss taptap S,삼성카드,https://d1c5n4ri2guedi.cloudfront.net/card/1889/card_img/28084/1889card.png,500000,"국내전용 [10,000]원 / 해외겸용 [10,000]원",신용,"{'주유': '모든 주유소 및 LPG충전소에서 5만원 이상 결제 시 2,000원 청구할인 제공.', 'OTT/영화/문화': '모든 영화관에서 1만원 이상 현장 결제 시 5,000원 청구할인, 연 12회 제공.', '기타 혜택(유의사항 등)': '모든 가맹점에서 1% 빅포인트 적립.'}"
Triple in LOCA,롯데카드,https://d1c5n4ri2guedi.cloudfront.net/card/2635/card_img/31800/2635card.png,400000,"국내전용 [20,000]원 / 해외겸용 [20,000]원",신용,"{'기타 혜택(유의사항 등)': '5개 생활 업종 중 3개를 선택해 최대 월 30,000원 할인 혜택 제공.'}"
wavve카드,KB국민카드,https://d1c5n4ri2guedi.cloudfront.net/card/2363/card_img/24884/2363card.png,300000,"국내전용 [15,000원] / 해외겸용 [15,000원]",신용,"{'푸드': '식음료 10% 청구할인, 월 3천원 한도, 건당 1천원 한도 적용.', '기타 혜택(유의사항 등)': '- wavve 월 이용권 자동결제 시 7,900원 청구할인 제공.\n- 네이버플러스, 쿠팡, 요기패스 등 멤버십 정기구독 20% 청구할인, 월 5천원 한도.\n- 미용/스포츠 업종에서 5% 청구할인, 월 5천원 한도.'}"
국민행복카드,제주은행,https://d1c5n4ri2guedi.cloudfront.net/card/2150/card_img/21832/2150card.gif,0,국내전용 [없음],신용,"{'기타 혜택(유의사항 등)': '국민행복카드는 이동통신요금 자동이체 청구할인, 의료 및 육아 업종 할인, 커피전문점 및 패밀리레스토랑 할인, 놀이공원 자유이용권 할인, 에코머니 포인트 적립 등의 혜택을 제공합니다.'}"
나무 NH농협카드,NH농협카드,https://d1c5n4ri2guedi.cloudfront.net/card/2490/card_img/28433/2490card.png,400000,"국내전용 [15,000]원 / 해외겸용 [15,000]원",신용,"{'공항라운지/PP': '국제공항 라운지 무료 이용(전월 실적 40만원 이상 시, 월 1회, 연 2회 한도).', '기타 혜택(유의사항 등)': '나무증권 스마트 캐시백은 당월 이용금액 1위와 2위 영역에 대해 각각 8%와 4%를 캐시백하며, 나무멤버스 월 이용료는 최대 2,900원 캐시백됩니다.'}"
두산베어스 KB카드,KB국민카드,https://d1c5n4ri2guedi.cloudfront.net/card/2956/card_img/47584/2956card_1.png,300000,"국내전용 [15,000]원 / 해외겸용 [15,000]원",신용,"{'기타 혜택(유의사항 등)': '두산베어스 KB카드는 야구 홈경기 티켓 및 굿즈 50% 할인, 홈구장 F&B 20% 할인 혜택을 제공하며, 생활 영역에서는 OTT 30%, 편의점 및 배달앱 5% 할인 혜택이 있습니다.'}"
WON POINT(원 포인트) AIR,우리카드,https://d1c5n4ri2guedi.cloudfront.net/card/720/card_img/22194/720card.png,300000,"국내전용 [10,000]원 / 해외겸용 [10,000]원",신용,"{'쇼핑': '온라인쇼핑 적립 3% 제공, 단 특정 결제 방식은 적립 제외.', '카페/디저트': '스타벅스 공식 앱 사이렌오더 결제 시 혜택 제공.', '자동차/하이패스': ""전기차 충전 시 'EV Infra' 앱 이용하면 5% 적립."", '기타 혜택(유의사항 등)': '기본 적립 0.8%, 디지털 구독(넷플릭스, 멜론) 5% 적립, 배달의민족 5% 적립, 일상 생활 1% 적립.'}"
樂SEA(락시),Sh수협은행,https://d1c5n4ri2guedi.cloudfront.net/card/2672/card_img/32637/2672card.png,500000,"국내전용 [20,000]원 / 해외겸용 [22,000]원",신용,"{'주유': '전 주유소에서 리터당 60원 청구할인, 월 2회, 회당 10만원 한도 내 적용.', '마트/편의점': 'GS25, CU, 세븐일레븐에서 1만원 이상 구매 시 1천원 청구할인, 월 2회까지 가능.', '쇼핑': '낚시 용품 매장에서 2%~5% 청구할인 제공.', '레저/스포츠': ""'어신' 모바일 앱을 통한 레저/스포츠 승선비 10% 청구할인, 월 2회까지."", '기타 혜택(유의사항 등)': '전월 이용실적에 따라 승선비, 주유소, 편의점 청구할인 최대 5만원 제공.'}"
로스트아크 카드,BC 바로카드,https://d1c5n4ri2guedi.cloudfront.net/card/2308/card_img/23708/2308card.png,0,"국내전용 [10,000]원 / 해외겸용 [12,000]원",신용,"{'기타 혜택(유의사항 등)': '로스트아크 모험가 전용 혜택으로 로열 크리스탈 10% 청구할인 제공, 전월실적에 따라 할인한도 차등 적용.'}"
땡겨요 신한카드,신한카드,https://d1c5n4ri2guedi.cloudfront.net/card/2331/card_img/24277/2331card.png,300000,"국내전용 [15,000원] / 해외겸용 [18,000원]",신용,"{'마트/편의점': '편의점 이용금액의 5%를 마이신한포인트로 적립, 1일 최대 500포인트.', '기타 혜택(유의사항 등)': '땡겨요 앱 이용 시 마이신한포인트 10% 적립, 월 최대 1만 포인트.'}"
글로벌쇼핑 삼성카드 5 V2,삼성카드,https://d1c5n4ri2guedi.cloudfront.net/card/62/card_img/28103/62card.png,0,"해외겸용 [18,000]원",신용,"{'카페/디저트': '커피전문점, 파리바게뜨, 배스킨라빈스, 던킨도너츠에서 10% 결제일 할인(청구할인), 통합 월 할인한도 5,000원.', 'OTT/영화/문화': '전국 CGV 영화티켓 5,000원 이상 결제 시 3,000원 할인, 연 12회 제공.', '해외': '해외 직구 및 해외 이용금액의 1% 빅포인트 적립, 전월 국내 이용금액에 따라 월 적립한도 5,000P 또는 10,000P 적용.', '기타 혜택(유의사항 등)': '해외 직구 및 이용 시 국제브랜드수수료 면제, 다양한 업종에서 1% 빅포인트 적립, 도서 관련 결제일 할인, 놀이공원 및 워터파크 할인 제공.'}"
미래에셋 현대카드 Silver,현대카드,https://d1c5n4ri2guedi.cloudfront.net/card/2514/card_img/28765/2514card.png,500000,"국내전용 [30,000원] / 해외겸용 [30,000원]",신용,"{'기타 혜택(유의사항 등)': '전월 이용 금액 50만원 이상 시 업종별 2% 적립, 미만 시 적립 제외.'}"
다이소 삼성카드,삼성카드,https://d1c5n4ri2guedi.cloudfront.net/card/616/card_img/28061/616card.png,0,"국내전용 [8,000]원 / 해외겸용 [8,000]원",신용,"{'카페/디저트': '커피전문점에서 10,000원 이상 결제 시 2,000원 결제일할인 제공.', '기타 혜택(유의사항 등)': '- 다이소에서 결제 시 0.5% 멤버십 포인트 적립.\n- 다이소에서 10,000원 이상 결제 시 2,000원~4,000원 결제일할인.\n- 배달앱에서 20,000원 이상 결제 시 2,000원 결제일할인.\n- 다이소몰에서 결제 시 1% 결제일할인.\n- 할인점, 온라인쇼핑몰, 편의점, 의료에서 1% 결제일할인.'}"
넥센타이어 우리카드,우리카드,https://d1c5n4ri2guedi.cloudfront.net/card/951/card_img/21592/951card.png,300000,"해외겸용 [10,000]원",신용,"{'카페/디저트': '스타벅스와 투썸플레이스에서 20% 청구할인, 월 2회, 건당 최대 5천원까지.', '공과금/렌탈': '넥센타이어 렌탈료 월 최대 20,000원 할인, 전월 실적에 따라 할인 한도 달라짐.', 'OTT/영화/문화': '모든 영화관에서 월 1회, 연 10회 12,000원 이상 결제 시 3,000원 청구 할인 제공.', '기타 혜택(유의사항 등)': '- 패밀리레스토랑: 아웃백, TGIF 10% 청구할인 (월 2회, 건당 1만원 한도, 전월실적 30만원 이상 시 제공)\n- 테마파크: 롯데월드, 에버랜드 등 50% 현장할인 (연 10회, 본인한정, 전월실적 30만원 이상 시 제공)'}"
리디 신한카드,신한카드,https://d1c5n4ri2guedi.cloudfront.net/card/1018/card_img/21517/1018card.png,300000,"해외겸용 [10,000]원",신용,"{'카페/디저트': '커피 업종 이용 시 20% 할인, 월 5회, 1회 최대 5천원까지 적용.', 'OTT/영화/문화': '영화 예매 시 CGV, 롯데시네마, 메가박스에서 4천원 할인 제공.', '기타 혜택(유의사항 등)': '- 리디북스 20% 할인(월 2만원 한도, 10만원까지 적용), SPA 브랜드 및 드럭스토어 10% 할인(월 3회, 5만원까지 적용).'}"
미미(美米)카드,NH농협카드,https://d1c5n4ri2guedi.cloudfront.net/card/2854/card_img/43147/%EB%86%8D%ED%98%91-%EB%AF%B8%EB%AF%B8%EC%B9%B4%EB%93%9C2.png,400000,"국내전용 [28,000]원 / 해외겸용 [30,000]원",신용,"{'공항라운지/PP': '전 세계 공항 라운지를 월 1회, 연 2회 무료 이용할 수 있는 혜택.', '기타 혜택(유의사항 등)': '농협카드는 쌀 구독서비스와 오전 5시~9시 일반 음식점에서 50% 청구할인을 제공합니다.'}"
부자되세요 HomeShopping카드(비씨),NH농협카드,https://d1c5n4ri2guedi.cloudfront.net/card/176/card_img/20391/176card.png,200000,"해외겸용 [10,000]원",신용,"{'쇼핑': '홈쇼핑 6대 이용액의 6% 청구할인 제공, 전월실적 20만원 이상 시 최대 30만원까지 할인.', '기타 혜택(유의사항 등)': '생활 할인 서비스로 패밀리레스토랑, 베이커리, 커피 10% 청구할인 및 영화 3,000원 청구할인을 제공하며, 전월 실적에 따라 월 통합할인한도가 다릅니다.'}"
마이핏카드(할인형),KB국민카드,https://d1c5n4ri2guedi.cloudfront.net/card/650/card_img/21413/650card.png,300000,"국내전용 [10,000]원 / 해외겸용 [10,000]원",신용,"{'마트/편의점': 'GS25, CU, 올리브영에서 전월 이용실적에 따라 최대 1만원 할인 제공.', '쇼핑': '쿠팡, G마켓, 배달의민족에서 전월 이용실적에 따라 최대 5천원 할인 제공.', '푸드': '외식(VIPS, 아웃백) 및 커피(스타벅스, 커피빈)에서 전월 이용실적에 따라 최대 1만원 할인 제공.', '기타 혜택(유의사항 등)': '마트, 주유, 통신 자동납부 시 전월 이용실적에 따라 최대 1만원 할인 제공.'}"
부릉 삼성카드 BIZ,삼성카드,https://d1c5n4ri2guedi.cloudfront.net/card/568/card_img/28059/568card.png,0,"국내전용 [10,000]원 / 해외겸용 [10,000]원",신용,"{'OTT/영화/문화': 'CGV 및 롯데시네마에서 8,000원 이상 결제 시 3,000원 청구할인 제공.', '기타 혜택(유의사항 등)': '커피, 이동통신, 주유 등에서 1~3%의 빅포인트 적립 및 파리바게뜨, 배스킨라빈스, 던킨도너츠에서 10% 청구할인 제공.'}"
부자되세요 덤카드,BC 바로카드,https://d1c5n4ri2guedi.cloudfront.net/card/2350/card_img/24714/2350card.png,0,"국내전용 [10,000원] / 해외겸용 [12,000원]",신용,"{'무실적': '실적 조건 없이 매월 최대 5천원 할인, 영화, 커피, 베이커리 및 도미노피자 10% 할인 제공.', '기타 혜택(유의사항 등)': '국내외 가맹점 0.8% 청구할인, 생활 편의 업종 0.5% 추가 청구할인, 3개월 이상 유이자 할부 또는 10만원 이상 결제 시 0.2% 추가 청구할인.'}"
레고랜드매니아카드,KB국민카드,https://d1c5n4ri2guedi.cloudfront.net/card/2357/card_img/24771/2357card.png,400000,"국내전용 [100,000원] / 해외겸용 [100,000원]",신용,"{'쇼핑': '백화점/대형마트에서 10% 청구할인, 전월 이용실적에 따라 최대 2만원 할인.', '간편결제': 'KB Pay 결제 시 10% 청구할인, 전월 이용실적 40만원 이상 시 월 할인한도 1만원.', '프리미엄': '- 최초 발급 시 웰컴 레고랜드 포인트리 7만점 적립, 연간 결제실적 1천만원 이상 시 8만점 추가 적립.', '해외': '해외 가맹점 이용 시 10% 캐시백 제공, 전월 이용실적 40만원 이상 시 적용.', '기타 혜택(유의사항 등)': '레고랜드 리조트 30% 청구할인, 레고/완구 10% 청구할인, 배달앱 10% 청구할인, 디지털 구독 서비스 20% 청구할인 제공.'}"
메가쇼핑 신한카드,신한카드,https://d1c5n4ri2guedi.cloudfront.net/card/905/card_img/21639/905card.png,0,"국내전용 [12,000]원 / 해외겸용 [15,000]원",신용,"{'교통': '택시, 버스, 지하철 이용 시 전월 실적에 따라 3~5% 할인, 월 최대 3~5천원까지 적용.', '주유': 'GS칼텍스 주유 시 리터당 60원 할인, 일 2회 10만원, 월 6회 40만원 한도.', '마트/편의점': '메가마트 결제 시 총 1.5% 포인트 적립 (1.0% 기본 + 0.5% 추가).', '기타 혜택(유의사항 등)': '메가마트를 제외한 모든 국내외 가맹점에서 메가포인트 0.5% 적립.'}"
삼프로TV 하나카드,하나카드,https://d1c5n4ri2guedi.cloudfront.net/card/2429/card_img/27228/2429card.png,300000,"국내전용 [15,000]원 / 해외겸용 [15,000]원",신용,"{'간편결제': '간편결제 이용 시 월 할인한도 없이 1% 청구할인 제공.', '기타 혜택(유의사항 등)': '특화서비스 청구할인: 삼프로TV, 백화점, 마트, 주유 및 EV 충전, 교통, 디지털 구독에서 최대 3만원 할인; 국내/외 가맹점 청구할인: 모든 가맹점에서 0.7% 할인.'}"
셀리턴 우리카드,우리카드,https://d1c5n4ri2guedi.cloudfront.net/card/596/card_img/21363/596card.png,0,"국내전용 [15,000]원 / 해외겸용 [20,000]원",신용,"{'공과금/렌탈': '셀리턴 렌탈 요금 자동이체 시, 전월 실적에 따라 30만원 이상 100만원 미만은 10,000원, 100만원 이상은 15,000원 할인.', '기타 혜택(유의사항 등)': '전월 실적에 따라 다양한 할인 및 포인트 혜택을 제공하며, 신규 카드 수령 후 30만원 실적 구간 서비스가 제공됩니다.'}"
스타벅스 현대카드,현대카드,https://d1c5n4ri2guedi.cloudfront.net/card/673/card_img/36499/673card_6.png,300000,"국내전용 [30,000]원 / 해외겸용 [30,000]원",신용,"{'프리미엄': 'VISA와 MasterCard 브랜드의 플래티넘서비스의 기본제공서비스를 이용할 수 있으나 선택제공서비스는 제공되지 않음.', '기타 혜택(유의사항 등)': '당월 이용 금액 3만원마다 1개 스타벅스 별 적립, 전월 이용금액 30만원 이상 시 혜택 제공.'}"
신세계 BC 바로 클리어 플러스,BC 바로카드,https://d1c5n4ri2guedi.cloudfront.net/card/2384/card_img/25486/2384card.png,200000,"국내전용 [5,000]원 / 해외겸용 [5,000]원",신용,"{'쇼핑': '신세계, 온라인쇼핑, 뷰티, 통신 등에서 7% 할인 제공.', '프리미엄': 'VISA Platinum 서비스 제공, 해외겸용 카드의 경우 기본 서비스만 제공.', '기타 혜택(유의사항 등)': '점심식사·배달앱·대중교통에서 5% 할인 제공.'}"
신한카드 플리(산리오캐릭터즈),신한카드,https://d1c5n4ri2guedi.cloudfront.net/card/2491/card_img/28473/2491card.png,0,"국내전용 [15,000원] / 해외겸용 [18,000원]",신용,"{'기타 혜택(유의사항 등)': '신한플레이를 통한 결제 시 국내 최대 0.9% 할인, 해외 결제 시 0.5% 할인, 매주 할인 쿠폰 제공, My Pick 가맹점 이용 시 포인트 적립.'}"
신세계사이먼 프리미엄 아울렛 신한카드,신한카드,https://d1c5n4ri2guedi.cloudfront.net/card/2496/card_img/28549/2496card.png,400000,"국내전용 [20,000원] / 해외겸용 [23,000원]",신용,"{'주유': 'GS칼텍스 및 S-OIL 주유 시 리터당 40원 할인, 전월 실적에 따라 월 최대 1만원 할인 한도 적용.', '쇼핑': '신세계 계열사에서 결제 시 최대 7% 할인(전월 실적에 따라 한도 적용).', '기타 혜택(유의사항 등)': '신세계사이먼 프리미엄 아울렛에서 전월 실적에 따라 최대 10% 할인(한도 2만원~5만원) 제공, 월 6회 적용.'}"
신세계 신백리워드 삼성카드,삼성카드,https://d1c5n4ri2guedi.cloudfront.net/card/2914/card_img/44990/2914card.png,0,"국내전용 [20,000]원 / 해외겸용 [20,000]원",신용,"{'마트/편의점': '이마트 등에서 10만원 이상 결제 시 6,000원 결제일 할인, 월 1회 제공.', '자동차/하이패스': '자동차 정비 시 엔진오일 교환 20,000원 할인, 차량 안전점검 및 타이어 서비스 무료 제공.', 'OTT/영화/문화': 'CGV 영화 티켓 5,000원 이상 결제 시 3,000원 할인, 월 1회 제공, 전월 이용금액 30만원 이상 시 적용.', '기타 혜택(유의사항 등)': '신세계백화점에서 전월 이용금액에 관계없이 국내외 가맹점에서 0.5% ~ 3% 신백리워드 포인트 적립 가능.'}"
신한카드 주거래 신용,신한카드,https://d1c5n4ri2guedi.cloudfront.net/card/895/card_img/21647/895card.png,300000,"해외겸용 [15,000]원",신용,"{'쇼핑': '쇼핑 가맹점에서 2% 포인트 적립(1.3% 추가적립)되며, 특정 조건을 충족해야 함.', '해외': '해외 이용금액 1.3% 추가적립으로 총 2% 적립 가능, 신한은행 결제계좌 연결 시 제공.', '기타 혜택(유의사항 등)': '신한카드 주거래 신용카드로 모든 가맹점 0.7% 포인트 적립, 생활 가맹점 3.3% 추가적립(총 4%) 제공.'}"
신한카드 The PREMIER GOLD EDITION (아시아나클럽),신한카드,https://d1c5n4ri2guedi.cloudfront.net/card/2097/card_img/21903/2097card.png,0,"해외겸용 [1,900,000]원",신용,"{'공항라운지/PP': '공항 VIP라운지 무료 이용을 위한 Priority Pass 카드가 제공됩니다.', '기타 혜택(유의사항 등)': '- 아시아나클럽 카드로 국내 1,000원당 1마일, 해외는 VISA 3마일, UPI 1마일 적립 가능.\n- 연 1회 특급 호텔 1박 패키지 이용 가능.\n- 비즈니스 항공권 구매 시 좌석 업그레이드 또는 동반자 무료 항공권 제공.\n- 프리미엄 라이프스타일 맞춤 서비스 및 공항 의전 서비스 제공.\n- 국내 공항 또는 골프장 리무진 서비스 연 1회 이용 가능.\n- 홀인원 시 300만원 축하금 지급.\n- 면세점 이용 시 10% 할인 서비스 제공.'}"
에너지 더블 카드,하나카드,https://d1c5n4ri2guedi.cloudfront.net/card/2533/card_img/29209/2533card.png,400000,"국내전용 [20,000원] / 해외겸용 [20,000원]",신용,"{'공과금/렌탈': '에너지 공과금 자동이체 시, 지난달 실적에 따라 최대 2만원 할인 제공.', '기타 혜택(유의사항 등)': '일상생활 청구할인 서비스로 대형마트, SK주유소, 파리바게뜨, 버스/지하철, EV충전에서 할인 혜택 제공.'}"
신세계 THE S VIP,삼성카드,https://d1c5n4ri2guedi.cloudfront.net/card/2543/card_img/29519/2543card.png,500000,"국내전용 [47,000]원 / 해외겸용 [49,000]원",신용,"{'카페/디저트': '커피전문점에서 20% 결제일할인 제공, 통합 월 10,000원 한도.', 'OTT/영화/문화': '모든 영화관에서 1만원 이상 결제 시 10,000원 청구할인 제공.', '프리미엄': 'Mastercard PLATINUM 등급 회원에게 제공되는 프리미엄 서비스.', '기타 혜택(유의사항 등)': '- 신세계백화점 1% 청구할인 제공.\n- 모든 가맹점 0.5% 청구할인 제공.\n- 교육, 할인점, 이동통신, 병원, 약국 1.5% 청구할인 제공.\n- VIPS, 더플레이스 4만원 이상 결제 시 20,000원 청구할인 제공.\n- 놀이공원 50%, 워터파크 30% 현장할인 제공.\n- 엔진오일 교환 시 20,000원 현장할인 제공.\n- 프로스포츠 경기 입장료 할인 프로모션 제공.'}"
어디로든 그린카드,BNK경남은행,https://d1c5n4ri2guedi.cloudfront.net/card/2622/card_img/31492/2622card.png,0,"국내전용 [15,000]원 / 해외겸용 [17,000]원",신용,"{'교통': '전국 버스/지하철 후불교통 이용 시 전월 실적 30만원 이상 시 10% 적립, 월 최대 5천 포인트.', '카페/디저트': '커피전문점에서 전월실적 30만원 이상 시 10% 적립, 월 최대 5천 포인트.', '기타 혜택(유의사항 등)': '전기차/수소차 충전 최대 40% 적립, 공유 모빌리티 10% 적립, 고속버스 10% 적립, 국내 전가맹점 0.2% 적립.'}"
에버랜드 판다카드,KB국민카드,https://d1c5n4ri2guedi.cloudfront.net/card/1443/card_img/20631/1443card.png,300000,"해외겸용 [12,000]원 / 해외겸용 [17,000]원",신용,"{'레저/스포츠': '스타포유㈜와 제휴된 전통고택, 글램핑, 카라반에서 성수기 10% 및 비수기 15-20% 할인 혜택 제공.', '기타 혜택(유의사항 등)': '- 에버랜드 자유이용권 50% 할인, 캐리비안베이 입장권 30% 할인, 에버랜드 기념품 20% 할인, VIPS/아웃백/TGIF 20% 청구할인 제공.'}"
올리브영 현대카드,현대카드,https://d1c5n4ri2guedi.cloudfront.net/card/2764/card_img/37948/2764card_1.png,400000,"국내전용 [30,000]원 / 해외겸용 [30,000]원",신용,"{'기타 혜택(유의사항 등)': '올리브영 및 국내외 가맹점 이용 시 최대 5% 리워드 발행, 전월 이용 금액 40만원 이상 시 적용.'}"
올바른 BAZIC+ 카드,NH농협카드,https://d1c5n4ri2guedi.cloudfront.net/card/516/card_img/21201/516card.png,400000,"해외겸용 [23,000]원",신용,"{'해외': '해외이용가맹점에서 1.0% 청구할인 제공.', '기타 혜택(유의사항 등)': '국내이용가맹점 0.7% 청구할인, 주말 1.2%~1.4% 청구할인 제공.'}"
신협-신한카드 Love Platinum#,신협,https://d1c5n4ri2guedi.cloudfront.net/card/1595/card_img/22621/1595card.png,0,"해외겸용 [50,000]원",신용,"{'주유': 'GS칼텍스에서 리터당 60원 할인, 일 2회, 월 30만원 한도.', '쇼핑': '전국 유명 백화점, 할인점, 온라인 쇼핑몰에서 5% 할인 및 2~3개월 무이자 할부 혜택 제공.', '푸드': '유명 패밀리 레스토랑과 커피숍에서 최대 30% 할인 제공.', 'OTT/영화/문화': '전국 Multiplex 및 On-line 영화 예매 시 7천원 할인.', '프리미엄': '신한카드 플래티늄# 소지 시 1일 무료주차, 공항 무료 커피 및 레스토랑 할인, 발렛파킹 무료(월 3회), 특급호텔 할인, 주요 패션/요식 거리 이용금액 2% 적립 혜택 제공.', '기타 혜택(유의사항 등)': 'LG전자 5% 할인, 뷰티플렉스 10% 할인 및 포인트 10% 적립, 에버랜드 등 테마파크 50% 할인, 스포츠 경기 할인 혜택 제공.'}"
에버랜드 판다카드(푸바오 에디션),KB국민카드,https://d1c5n4ri2guedi.cloudfront.net/card/2630/card_img/31750/2630card.png,300000,"해외겸용 [12,000]원",신용,"{'주유': 'SK주유소에서 리터당 60원 청구할인, 월 20만원 이용 시 적용.', '레저/스포츠': '스타포유㈜와 제휴된 전통고택, 글램핑, 카라반에서 성수기와 비수기에 따라 각각 10%~20% 할인 혜택 제공.', '기타 혜택(유의사항 등)': '- 에버랜드 종일권 50% 할인(대인 동반 소인 1매), 캐리비안베이 30% 할인; 직영 기념품 매장 20% 할인, 정기권 10% 할인; VIPS, 아웃백, TGIF 20% 청구할인.'}"
올바른 Edu 카드,NH농협카드,https://d1c5n4ri2guedi.cloudfront.net/card/508/card_img/21197/508card.png,400000,"해외겸용[25,000원]",신용,"{'교육/육아': '- 유치원, 학원, 학습지 5% 청구할인 (전월실적 40만원 이상 시, 할인한도 최대 2만원).\n- 초/중/고교 교육비 자동납부 시 월 2천원 청구할인 (전월실적 40만원 이상 시).', '기타 혜택(유의사항 등)': '10대 업종에서 0.5~1.0% 청구할인 제공, 전월 실적에 따라 할인율 달라짐.'}"
올바른SAFE Platinum카드,NH농협카드,https://d1c5n4ri2guedi.cloudfront.net/card/1763/card_img/22350/1763card.png,0,"국내전용 [100,000]원 / 해외겸용 [100,000]원",신용,"{'프리미엄': '국내전용 카드와 MASTERCARD PLATINUM을 통한 프리미엄 브랜드 서비스 제공.', '기타 혜택(유의사항 등)': '국내/해외 이용 시 기본 0.7% 적립, 온라인/오프라인 쇼핑 시 추가 0.5% 적립(전월실적 40만원 이상 시 월 3만 포인트 한도), 대출 보유 시 최대 6,000 포인트 적립 가능.'}"
오케이몰 우리카드,우리카드,https://d1c5n4ri2guedi.cloudfront.net/card/2251/card_img/21001/2251card.png,300000,"국내전용 [15,000]원 / 해외겸용 [15,000]원",신용,"{'마트/편의점': 'GS25, CU, 세븐일레븐, 이마트24에서 5% 할인, 월 최대 3천원 한도.', '쇼핑': '오케이몰에서 24/36개월 장기할부 구매 시, 전월 국내가맹점 이용실적에 따라 최대 20,000원 청구할인 제공.', '카페/디저트': '스타벅스, 투썸플레이스, 이디야, 폴바셋 이용 시 5% 할인, 월 최대 3천원 한도.', '기타 혜택(유의사항 등)': '카드 수령 후 첫 달에는 이용실적 조건 없이 30만원 실적구간 서비스 제공.'}"
올바른HOMETOWN카드,NH농협카드,https://d1c5n4ri2guedi.cloudfront.net/card/2408/card_img/26508/2408card.png,400000,"국내전용 [12,000]원 / 해외겸용 [12,000]원",신용,"{'교통': '대중교통(버스/지하철) 이용 시 10% 청구할인 제공.', '마트/편의점': '하나로마트/하나로클럽에서 오프라인 결제 시 5% 청구할인.', '쇼핑': '홈쇼핑에서 TV/전화 이용 시 10% 청구할인 제공.', '병원/약국': '병의원과 약국에서 5% 청구할인 제공.', '기타 혜택(유의사항 등)': '- 슈퍼마켓 5% 청구할인, 건강식품 10% 청구할인, 보이스피싱 보상보험 무료 가입 혜택 제공.'}"
적립조아카드,NH농협카드,https://d1c5n4ri2guedi.cloudfront.net/card/505/card_img/21194/505card.png,0,"국내전용 [10,000]원 / 해외겸용[12,000]원",신용,"{'해외': '해외이용 시 1~1.5% TOP포인트 적립.', '기타 혜택(유의사항 등)': '국내 이용 시 0.5~1.2% TOP포인트 적립, 해외 이용 시 연 1회 5천 TOP포인트 적립.'}"
요기요 신한카드,신한카드,https://d1c5n4ri2guedi.cloudfront.net/card/692/card_img/22165/692card.png,500000,"국내전용 [24,000]원 / 해외겸용 [27,000]원",신용,"{'쇼핑': '온라인 쇼핑몰에서 건당 5만원 이상 결제 시 2천원 할인(월 최대 1만원).', '카페/디저트': '스타벅스 사이렌오더와 와인앤모어에서 월 최대 1만원까지 10% 결제일 할인 제공, 통합 월 3회 가능.', '기타 혜택(유의사항 등)': '요기요에서 결제 시 20% 할인(월 최대 2만원)과 추가 10% 캐시백(월 최대 5천원) 제공, OTT 서비스 이용 시 적용.'}"
오늘은e 신용카드,BNK부산은행,https://d1c5n4ri2guedi.cloudfront.net/card/2505/card_img/28651/2505card.png,300000,"국내전용 [7,000원] / 해외겸용 [10,000원]",신용,"{'교통': '대중교통 요금 5% 청구할인, 월 최대 5천원, 전월실적 30만원 이상 시 제공.', '통신': '휴대폰 요금 5% 청구할인, 월 최대 5천원, 전월 실적 30만원 이상 시 제공.', '카페/디저트': '스타벅스에서 5% 청구할인, 월 최대 5천원 할인, 전월실적 30만원 이상 시 제공.', 'OTT/영화/문화': '롯데시네마에서 월 최대 5천원 청구할인(연 12회), 전월실적 30만원 이상 시 제공.', '간편결제': '간편 결제 시 5% 청구할인, 월 최대 1만원, 전월 실적 30만원 이상 시 제공.', '기타 혜택(유의사항 등)': '전국 모든 학원업종에서 5만원 이상 결제 시 5% 청구할인, 월 최대 5천원 제공.'}"
제주항공 Refresh Point KB국민카드,KB국민카드,https://d1c5n4ri2guedi.cloudfront.net/card/1468/card_img/20546/1468card.png,0,"해외겸용 [20,000]원",신용,"{'공항라운지/PP': '공항라운지 연 2회 무료 이용(전월 이용실적 30만원 이상 시, 본인회원 한정).', '기타 혜택(유의사항 등)': '제주항공 Refresh Point KB국민카드는 일시불 및 할부 이용금액 1,200원당 10포인트 적립, 제주항공 이용 시 추가로 1,200원당 10포인트 적립됩니다.'}"
올바른TRAVEL카드(중국특화),NH농협카드,https://d1c5n4ri2guedi.cloudfront.net/card/190/card_img/20410/190card.png,300000,"해외겸용 [20,000]원",신용,"{'교통': 'NH농협카드 올바른 TRAVEL카드는 전월 이용실적 30만원 이상 시 인천공항 리무진버스, 공항철도 직통열차, 고속도로를 일 1회/연 2회 무료 이용할 수 있다.', '프리미엄': '국제브랜드 프리미엄서비스와 해외이용 시 수수료가 적용되는 혜택 제공.', '여행/숙박': '중국 비자 발급센터에서 비자 수수료 결제 시 연 1회 50% 청구 할인(최대 3만원).', '해외': '해외 가맹점 이용 시 7% 청구할인 제공.', '기타 혜택(유의사항 등)': '국내면세점, 온라인쇼핑, 대형마트, 백화점, 농협몰, 편의점, 커피, 베이커리, 영화에서 각각 5%~10% 청구할인 제공.'}"
올바른TRAVEL카드(일본특화),NH농협카드,https://d1c5n4ri2guedi.cloudfront.net/card/189/card_img/20407/189card.png,300000,"해외겸용 [20,000]원",신용,"{'교통': 'NH농협카드 올바른 TRAVEL카드는 전월 이용실적 30만원 이상 시 인천공항 리무진버스, 공항철도 직통열차, 고속도로를 일 1회/연 2회 무료 이용할 수 있다.', '프리미엄': '국제 브랜드사의 프리미엄 서비스가 제공되는 프리미엄 TRAVEL 카드 발급 시, JCB 브랜드의 Platinum 등급 서비스 이용 가능.', '여행/숙박': '유니버셜스튜디오재팬TM 및 도쿄타워 입장권 각각 연 1회 1만원 청구할인 제공.', '해외': '해외 가맹점 이용 시 7% 청구할인 제공.', '기타 혜택(유의사항 등)': '국내면세점, 온라인쇼핑, 대형마트, 백화점, 농협몰, 편의점, 커피, 베이커리, 영화에서 각각 5%~10% 청구할인 제공.'}"
카드의정석 APT Platinum,우리카드,https://d1c5n4ri2guedi.cloudfront.net/card/544/card_img/21249/544card.png,400000,"국내전용 [29,000]원 / 해외겸용 [29,000]원",신용,"{'공과금/렌탈': '아파트 관리비 자동납부 시 전월 실적에 따라 최대 15,000원 할인, 도시가스 자동납부 시 3,000원 할인 제공.', '프리미엄': '전 세계 1,000여개 공항라운지 무료 입장 서비스와 국내 카라반/글램핑 2박 시 1박 무료, 제주도 렌터카 24H 무료 제공.', '기타 혜택(유의사항 등)': '학원 10% 청구할인, 전월 실적에 따라 최대 1만원 할인 제공.'}"
원더카드 2.0 T,하나카드,https://d1c5n4ri2guedi.cloudfront.net/card/2449/card_img/44283/2449card.png,400000,"국내전용 [19,900]원 / 해외겸용 [19,900]원",신용,"{'교통': '대중교통(버스, 지하철) 10% 할인, 실적에 따라 최대 12,000원 한도.', '주유': 'SK주유소와 11번가에서 주유 시 최대 12,000원까지 10% 할인 혜택 제공.', '마트/편의점': '대형마트에서 이마트, 트레이더스, 홈플러스, 롯데마트에서 10% 할인, 실적에 따라 최대 12,000원까지 할인 한도 적용.', '간편결제': 'T멤버십 바코드 결제로 20% 할인, 실적에 따라 최대 15,000원까지 할인.', '기타 혜택(유의사항 등)': '- SKT 통신요금 20% 할인, 택시 10% 할인, 국내 5만원 이상 결제 시 2~3개월 무이자할부 제공.'}"
코오롱몰 우리카드,우리카드,https://d1c5n4ri2guedi.cloudfront.net/card/2404/card_img/26275/2404card.png,300000,"국내전용 [15,000]원 / 해외겸용 [15,000]원",신용,"{'마트/편의점': '편의점에서 5% 청구할인, 월 최대 3천원 한도 (오프라인 1만원 이상 결제 시).', '쇼핑': '코오롱 FnC 온/오프라인 매장에서 상품 구매 시 청구할인과 장기할부 혜택 제공.', '공항라운지/PP': '국내외 공항 라운지 무료 이용 서비스(월 1회, 연 2회) 제공.', '기타 혜택(유의사항 등)': '선택한 카드의 혜택을 요약해 주세요.'}"
펫블리(PETvely) 카드,NH농협카드,https://d1c5n4ri2guedi.cloudfront.net/card/612/card_img/21379/612card.png,300000,"해외겸용 [23,000]원 / 해외겸용 [25,000]원",신용,"{'카페/디저트': '커피전문점 업종 5% 청구할인, 전월실적에 따라 최대 2만원까지 제공.', '애완동물': '반려동물 배상책임보험 무료 제공, 사고 시 1000만원 한도, 자기부담금 10만원.', '프리미엄': 'UNIONPAY 및 MASTERCARD의 프리미엄 서비스 제공.', '기타 혜택(유의사항 등)': '반려동물병원 및 관련 업종에서 7%, 대형 온라인 오픈마켓에서 5% NH포인트 적립 (전월실적 30만원 이상 시).'}"
현대카드 X,현대카드,https://d1c5n4ri2guedi.cloudfront.net/card/2679/card_img/39637/2679card.png,500000,"국내전용 [50,000]원 / 해외겸용 [50,000]원",신용,"{'기타 혜택(유의사항 등)': '- 할인, 캐시백, 적립, 공항 라운지 및 발레파킹 서비스 제공, 전월 이용 금액 50만원 이상 시 혜택 가능.'}"
현대백화점 현대오일뱅크카드,현대백화점,https://d1c5n4ri2guedi.cloudfront.net/card/2368/card_img/39672/2368card.png,0,국내전용 [없음],신용,"{'주유': '현대오일뱅크 주유 시 보너스 포인트 X2배 적립(신규가입 후 1년간).', '기타 혜택(유의사항 등)': '현대백화점에서 5% 할인 쿠폰과 2시간 무료주차 혜택, 3개월 무이자 할부 제공.'}"
힐튼 아너스 아멕스,롯데카드,https://d1c5n4ri2guedi.cloudfront.net/card/2785/card_img/38998/2785card.png,0,"국내전용 [247,000]원 / 해외겸용 [250,000]원",신용,"{'공항라운지/PP': 'AMEX 브랜드 카드 소지자는 연 2회 전세계 공항라운지를 무료로 이용할 수 있으며, 이용 조건은 지난달 이용금액 50만원 이상입니다.', '기타 혜택(유의사항 등)': '힐튼 아너스 포인트 적립 및 전세계 힐튼 호텔 주말 무료 숙박권 제공, 실버 및 골드 등급 멤버십 혜택.'}"
프레딧 하나카드,하나카드,https://d1c5n4ri2guedi.cloudfront.net/card/2325/card_img/23879/2325card.png,300000,"국내전용 [12,000]원 / 해외겸용 [12,000]원",신용,"{'통신': 'SKT, KT, LG U+ 통신요금 자동이체 시 5% 청구 할인 (월 한도 5,000원, 전월 실적 300,000원).', '쇼핑': '프레딧 10% 청구할인, 월 할인한도 15,000원, 전월 실적 300,000원.', '카페/디저트': '스타벅스, 파리바게뜨, 뚜레쥬르에서 10% 청구 할인 (월 한도 10,000원, 전월 실적 300,000원).', '간편결제': '네이버페이와 카카오페이에 카드 등록 후 결제 시 3% 할인, 월 할인한도 5,000원, 전월 실적 300,000원 필요.', '기타 혜택(유의사항 등)': '국내외 전 가맹점에서 0.5% 청구 할인 제공, 전월 실적 30만원 이상 필요.'}"
하나로마트 하나카드,하나카드,https://d1c5n4ri2guedi.cloudfront.net/card/1172/card_img/21136/1172card.png,300000,"해외겸용 [15,000]원",신용,"{'통신': '통신 자동이체 이용 시, 이용금액의 5% 청구 할인(월 5,000원 한도, 실적 60만원 이상).', '마트/편의점': '하나로마트 이용 시 이용금액 10% 청구 할인, 실적에 따라 월 할인한도 최대 15,000원.', '카페/디저트': 'KEB 하나은행 결제계좌 이용고객은 월 1회 스타벅스 또는 커피빈에서 4천원 이상 결제 시 4천원 청구할인 제공.', '기타 혜택(유의사항 등)': '- 베이커리 이용 시 5% 청구 할인(월 한도 5,000원, 실적 30만원 이상 시 제공).\n- 학원 이용 시 5% 청구 할인(월 한도 10,000원, 실적 60만원 이상 시 제공).'}"
현대카드 Boutique - Satin,현대카드,https://d1c5n4ri2guedi.cloudfront.net/card/2792/card_img/40425/2792card_2.png,500000,"국내전용 [80,000]원 / 해외겸용 [80,000]원",신용,"{'프리미엄': '- M 긴급적립으로 최대 50만 M포인트를 선지급받아 사용하고, 매달 적립되는 M포인트로 24개월 동안 상환 가능하며, 인천국제공항 라운지와 발레파킹 서비스를 연간 2회 무료 이용할 수 있음.', '기타 혜택(유의사항 등)': '연간 5만원 크레딧 제공(호텔, 여행, 다이닝 사용 가능) 및 국내외 가맹점 1.5% M포인트 적립, 온라인몰 등에서 5% 추가 적립 혜택.'}"
#ing(샵핑)카드,NH농협카드,https://d1c5n4ri2guedi.cloudfront.net/card/162/card_img/20382/162card.png,300000,"국내전용 [8,000]원 / 해외겸용 [10,000]원",신용,"{'쇼핑': '전국 주요 쇼핑업종 및 모든 해외가맹점에서 전월 이용 실적에 따라 최대 5% 할인 제공.', '기타 혜택(유의사항 등)': '전국 주요 놀이공원 할인 혜택 제공, 전월실적 30만원 이상 시 본인 자유이용권 50% 할인 및 입장료 30% 할인.'}"
참! 좋은 다이소카드(신용),IBK기업은행,https://d1c5n4ri2guedi.cloudfront.net/card/273/card_img/20495/273card.png,300000,"해외겸용 [10,000]원",신용,"{'주유': '전 주유소에서 리터당 40원 할인, 월 2회, 1회 10만원 한도.', '마트/편의점': '편의점 및 드럭스토어에서 10% 할인(월 2회, 1만원 한도)과 대형마트에서 5% 할인(월 1회, 10만원 한도) 제공.', '쇼핑': '다이소에서 결제 시 30% 청구할인(월 최대 1만원)과 멤버십 포인트 자동적립 혜택 제공.', '카페/디저트': '주요 커피전문점에서 20% 할인, 월 3회, 1회 2만원 한도.', 'OTT/영화/문화': 'CGV, 롯데시네마에서 월 1회, 연 12회 4천원 할인 제공, 전월 이용실적에 따라 월간 통합할인한도 적용.', '기타 혜택(유의사항 등)': '- 소셜커머스: 쿠팡, 티켓몬스터, 위메프 20% 할인 (월 2회, 1회 1만원 한도).\n- 헤어: 미용실 20% 할인 (월 1회, 1회 5만원 한도).\n- 테마파크: 주요 놀이공원 무료입장 또는 할인 (월 1회, 연 2회).'}"
현대카드Z play,현대카드,https://d1c5n4ri2guedi.cloudfront.net/card/2684/card_img/39652/2680card.png,500000,"국내전용 [20,000]원 / 해외겸용 [20,000]원",신용,"{'쇼핑': '온라인 쇼핑몰에서 전월 이용 금액에 따라 최대 1만원 청구 할인 제공.', 'OTT/영화/문화': 'CGV, 메가박스, 롯데시네마에서 전월 이용 금액에 따라 최대 월 1만원 영화 청구 할인 제공.', '해외': '해외 가맹점에서 전월 이용 금액에 따라 최대 1만원 청구 할인 제공.', '기타 혜택(유의사항 등)': '일반음식점에서 전월 이용 금액에 따라 최대 1만원 청구 할인 제공, 디지털 콘텐츠 서비스에서도 동일 조건으로 최대 1만원 할인 가능.'}"
1st Link On 카드,전북은행,https://d1c5n4ri2guedi.cloudfront.net/card/2177/card_img/21791/2177card.png,500000,"국내전용 [19,000]원/ 해외겸용 [20,000]원",신용,"{'기타 혜택(유의사항 등)': '디지털 스트리밍 서비스 결제 시 최대 월 1만원 할인, 온라인 결제 시 5% 청구할인 제공.'}"
[DGB대구] 그린카드v2,iM뱅크,https://d1c5n4ri2guedi.cloudfront.net/card/632/card_img/21398/632card.png,400000,"국내전용 [10,000]원 / 해외겸용 [12,000]원",신용,"{'교통': '버스, 지하철 이용 시 전월 실적에 따라 10%~20% 에코머니 포인트 적립, 철도 및 고속버스 이용 시 5% 적립.', '쇼핑': '온라인 쇼핑에서 월 2회, 전월 실적 40만원 이상 시 5% 에코머니 포인트 적립.', 'OTT/영화/문화': '온라인 영화예매(CGV, 롯데시네마) 시 2,000원 청구할인 제공.', '기타 혜택(유의사항 등)': '국내 전 가맹점에서 전월 실적에 따라 0.1%~1.0% 에코머니 포인트 적립, 생활요금 자동이체 시 5% 적립, 에코머니 제휴가맹점에서 최대 5% 적립 가능.'}"
&POP 카드,BC 바로카드,https://d1c5n4ri2guedi.cloudfront.net/card/2352/card_img/24716/2352card.png,0,"국내전용 [5,000원] / 해외겸용 [5,000원]",신용,"{'마트/편의점': 'GS가맹점에서 최대 3% GS&POINT 적립.', '기타 혜택(유의사항 등)': '국내 전 가맹점에서 0.7% GS&POINT 적립, GS25 및 GS수퍼 등 일부 가맹점은 적립 제외.'}"
#ing+(샵핑플러스)카드,NH농협카드,https://d1c5n4ri2guedi.cloudfront.net/card/163/card_img/20383/163card.png,300000,"국내전용 [23,000]원 / 해외겸용 [25,000]원",신용,"{'쇼핑': '전국 주요 쇼핑업종 및 모든 해외가맹점에서 전월 이용실적에 따라 최대 7% 할인 제공.', '카페/디저트': '전월실적 100만원 이상 고객에게 커피전문점 월 1회 4천원 청구할인 제공.', '기타 혜택(유의사항 등)': '전월실적 30만원 이상 시 주요 놀이공원 및 동물원 입장료 할인 혜택 제공.'}"
1st TRIPLE 카드,전북은행,https://d1c5n4ri2guedi.cloudfront.net/card/2178/card_img/21792/2178card.png,0,"국내전용 [11,000]원/해외겸용 [12.000]원",신용,"{'기타 혜택(유의사항 등)': '디지털 스트리밍 서비스 결제 시 최대 월 1만원 할인, 국내외 가맹점 이용액의 0.5% J머니 적립, 선택한 서비스 업종에서 1.0% 적립, 후불교통 및 주요 카페/베이커리/영화관 이용 시 추가 적립 혜택 제공.'}"
1st TRIPLE Platinum 카드,전북은행,https://d1c5n4ri2guedi.cloudfront.net/card/2180/card_img/21794/2180card.png,0,"국내전용 [30,000]원/해외겸용 [33.000]원",신용,"{'프리미엄': '마스터카드 플래티늄 등급 서비스 제공.', '기타 혜택(유의사항 등)': '전월실적에 따라 선택한 업종에서 최대 1.5% J머니 적립, 기본 0.5% 적립.'}"
[광주] K-그린카드v2,광주은행,https://d1c5n4ri2guedi.cloudfront.net/card/2564/card_img/29689/2564card.png,300000,"국내전용 [10,000원] / 해외겸용 [12,000원]",신용,"{'교통': '대중교통과 KTX, 고속버스 이용 시 각각 10%와 5% 에코머니 포인트 적립, 월 최대 3,000점.', '통신': '통신요금 자동이체 시 5% 에코머니 포인트 적립 (월 1회, 최대 3,000점, 전월실적 30만원 이상).', '쇼핑': '온라인 쇼핑 시 5% 에코머니 포인트 적립, 월 2회, 최대 3,000점, 전월 실적 30만원 이상 필요.', '카페/디저트': '스타벅스 등 카페에서 5% 에코머니 포인트 적립, 전월실적 30만원 이상 시 제공.', 'OTT/영화/문화': 'CGV, 롯데시네마, 메가박스에서 월 1회 1만원 이상 결제 시 2,000점 에코머니 포인트 적립.', '기타 혜택(유의사항 등)': '국내 전 가맹점에서 0.3% 에코머니 포인트 적립.'}"
BNK카드,BNK부산은행,https://d1c5n4ri2guedi.cloudfront.net/card/1236/card_img/21072/1236card.png,0,"해외겸용 [10,000]원",신용,"{'기타 혜택(유의사항 등)': '모든 가맹점에서 기본 0.2%, 연속 0.3%, 최고 사용 가맹점 0.5%, 최다 이용 가맹점 3.5% 청구할인 제공.'}"
BNK 프렌즈 신용카드,BNK부산은행,https://d1c5n4ri2guedi.cloudfront.net/card/1209/card_img/21099/1209card.png,0,"해외겸용 [10,000]원",신용,"{'기타 혜택(유의사항 등)': '주중 0.3%, 주말 0.6% 할인 및 연간 최대 20만원 캐시백 제공, 이동통신 요금 5% 할인.'}"
1st 플래티늄+ 카드,전북은행,https://d1c5n4ri2guedi.cloudfront.net/card/2183/card_img/21797/2183card.png,500000,"국내전용 [118,000]원 / 해외겸용 [120,000]원",신용,"{'OTT/영화/문화': '전월 실적 10만원 이상 시 영화관 별 할인 및 적립 혜택 제공.', '프리미엄': '프리미엄 서비스에 대한 자세한 내용은 MASTER카드 및 BC카드 홈페이지에서 확인 가능합니다.', '기타 혜택(유의사항 등)': '모든 가맹점 이용액 0.7% 적립/캐시백, 골프장 이용 시 10만원당 5천원 적립, 바우처 서비스 선택 가능.'}"
1st 플래티늄 카드,전북은행,https://d1c5n4ri2guedi.cloudfront.net/card/2181/card_img/21795/2181card.png,100000,"국내 [28,000]원 / 해외겸용 [30,000]원",신용,"{'OTT/영화/문화': '영화관에서 일 1회, 월 2회, 연 8회 이내로 할인 및 적립 혜택 제공.', '프리미엄': '프리미엄 서비스에 대한 자세한 내용은 MASTER카드 및 BC카드 홈페이지에서 확인 가능합니다.', '기타 혜택(유의사항 등)': '모든 가맹점 이용액 0.7% 적립/캐시백, 10만원 이상 결제 시 추가 0.5% 적립/캐시백, 골프장 이용 시 10만원당 5천원 적립/캐시백, 당행 ATM 출금 수수료 면제(월 5회 이내).'}"
1st카드 (캐시백형),광주은행,https://d1c5n4ri2guedi.cloudfront.net/card/949/card_img/21594/949card.png,0,"국내전용 [8,000]원  해외겸용 [10,000]원",신용,"{'OTT/영화/문화': '전국 영화관에서 8천원 이상 이용 시 3천원 캐시백 (일 1회, 월 2회, 연 8회 한정).', '기타 혜택(유의사항 등)': '전 가맹점 이용액 0.5% 캐시백, 당행 자동화기기 출금 수수료 면제(월 5회, 전월 실적 10만원 이상 시), 선택형 업종 2가지 선택 가능.'}"
AK KB국민카드,KB국민카드,https://d1c5n4ri2guedi.cloudfront.net/card/942/card_img/21601/942card.png,300000,"해외겸용 [12,000]원",신용,"{'OTT/영화/문화': '인터파크 영화예매 시 1매당 3,500원 청구 할인 (일 2매, 월 4매, 연간 10매 한정).', '기타 혜택(유의사항 등)': '- AK PLAZA 청구할인: 전월 실적에 따라 최대 10% 할인 제공.\n- 생활영역 청구 할인: 학원, 패밀리레스토랑, 커피, 미용실 5% 할인, 월 한도 1만 5천원.\n- 해피포인트 10% 할인: 월 한도 5천원, 특정 가맹점에서 제공.\n- 제주항공 10% 할인: 월 한도 1만원, 외화 결제 제외.\n- 롯데월드, 에버랜드, 케리비안베이 할인: 최대 50% 할인, 이용 횟수 제한.'}"
DGB어디로든그린카드,iM뱅크,https://d1c5n4ri2guedi.cloudfront.net/card/2619/card_img/31467/2619card.png,300000,"국내전용 [15,000]원 / 해외겸용 [15,000]원",신용,"{'기타 혜택(유의사항 등)': '전기차/수소차 충전 시 최대 40%, 공유 모빌리티 및 커피 전문점 이용 시 10% 적립, 국내 가맹점은 0.2% 적립.'}"
All For Me카드,우리카드,https://d1c5n4ri2guedi.cloudfront.net/card/74/card_img/20156/74card.png,300000,"해외겸용 [10,000]원",신용,"{'푸드': '치킨 및 피자 가맹점에서 10% 청구할인(월 1회, 연 10회, 건당 5천원 한도).', '카페/디저트': '스타벅스, 이디야, 폴바셋 20% 할인 (월 1회, 연 10회, 건당 5천원 한도, 전월 30만원 이상 이용 시 제공).', 'OTT/영화/문화': '전국 영화관 12,000원 이상 결제 시 3,000원 청구할인, 월 1회, 연 10회 제공.', '기타 혜택(유의사항 등)': '주요 7대 업종에서 매월 가장 많이 이용한 업종 순서에 따라 10~5% 청구할인 제공.'}"
CJ ONE 프리즘 신한카드,신한카드,https://d1c5n4ri2guedi.cloudfront.net/card/2598/card_img/31074/2598card.png,400000,"국내전용 [20,000]원 / 해외겸용 [23,000]원",신용,"{'푸드': '빕스, 뚜레쥬르, CGV 이용 시 30% CJ ONE 포인트 적립 (전월 40만원 이상 이용 시, 회당 1만 포인트 한도, 일 1회, 월 2회 적립).', '기타 혜택(유의사항 등)': '올리브영에서 10% CJ ONE 포인트 적립, 7대 CJ브랜드에서 최대 3% 적립, 국내외 가맹점에서 최대 0.3% 적립 혜택 제공.'}"
Flex카드 몽블랑 에디션,롯데카드,https://d1c5n4ri2guedi.cloudfront.net/card/2385/card_img/25501/2385card.png,500000,"국내전용 [100,000]원 / 해외겸용 [100,000]원",신용,"{'프리미엄': '몽블랑 카드 발급 시 카드지갑과 픽스 볼펜 제공, 커스터마이징 서비스 가능.', '기타 혜택(유의사항 등)': '국내외 가맹점에서 L.POINT 0.5% 적립, 스트리밍 서비스 30% 할인, 커피 50% 할인, 롯데면세점 5~15% 현장할인 제공.'}"
E1 우리카드,우리카드,https://d1c5n4ri2guedi.cloudfront.net/card/2869/card_img/43912/2869card.png,400000,"국내전용 [20,000]원 / 해외겸용 [20,000]원",신용,"{'마트/편의점': '편의점 업종 10% 청구할인, 월 할인한도 5,000원, 전월 이용실적 40만원 이상 필요.', '카페/디저트': '커피 업종 10% 청구할인, 전월 이용실적 40만원 이상 시 월 할인한도 5,000원.', '기타 혜택(유의사항 등)': 'E1 충전소에서 10% 청구할인 제공, 전월 국내외 가맹점 이용실적 40만원 이상 시 혜택 적용.'}"
Green Wave 1.5℃카드,KB국민카드,https://d1c5n4ri2guedi.cloudfront.net/card/768/card_img/22242/768card.png,400000,"국내전용 [15,000]원 / 해외겸용 [15,000]원",신용,"{'쇼핑': 'Green Shopping 서비스는 전월 이용실적에 따라 친환경 마켓에서 최대 20% 포인트리 적립이 가능합니다.', '자동차/하이패스': '전기차/수소차 충전 10%, 공유 모빌리티 20%, 버스/지하철 10% 포인트리 적립.', '기타 혜택(유의사항 등)': 'KB국민 Green Plus 카드로 모바일 단독카드 이용 시 다양한 디지털 구독 서비스와 굿윌스토어에서 포인트리 적립 혜택을 제공합니다.'}"
GS&POINT 롯데카드,롯데카드,https://d1c5n4ri2guedi.cloudfront.net/card/2005/card_img/21993/2005card.gif,400000,"국내전용 [15,000원] / 해외겸용 [15,000원]",신용,"{'쇼핑': 'GS계열사 이용 시 결제일 청구 할인 제공, 통합할인 한도는 15,000원(40만원 미만) 또는 30,000원(70만원 이상).', '기타 혜택(유의사항 등)': 'L.POINT와 GS&POINT를 통해 제휴사 이용 시 포인트 적립 및 사용이 가능합니다.'}"
CJ 삼성 iD 카드,삼성카드,https://d1c5n4ri2guedi.cloudfront.net/card/2392/card_img/28098/2392card.png,300000,"국내전용 [10,000]원 / 해외겸용 [10,000]원",신용,"{'통신': '이동통신요금 정기결제 시 5% 할인(월 최대 5,000원, 전월 이용금액 30만원 이상 시 제공).', '마트/편의점': '편의점에서 5% 결제일 할인 제공, 통합 월 할인한도 5,000원.', '쇼핑': 'CJ온스타일에서 7% 결제일 할인 제공, 월 할인한도 50,000원, 전월 이용금액 30만원 이상 시 적용.', 'OTT/영화/문화': 'CGV 영화 티켓 할인: 1만원 이상 결제 시 4,000원, 2만원 이상 결제 시 8,000원 할인, 월 1회, 연 12회 제공.', '기타 혜택(유의사항 등)': '- 올리브영 10% 할인 (월 한도 10,000원, 전월 30만원 이상 이용 시 제공)\n- 뚜레쥬르 10% 할인 (월 한도 10,000원, 전월 30만원 이상 이용 시 제공)\n- VIPS 20% 할인 (월 한도 40,000원, 전월 30만원 이상 이용 시 제공)\n- 티빙 30% 할인 (월 한도 5,000원, 전월 30만원 이상 이용 시 제공)\n- 배달앱 5% 할인 (통합 월 한도 5,000원, 전월 30만원 이상 이용 시 제공)\n- CJ ONE 포인트 기본 적립 (적립 기준은 CJ ONE 홈페이지 참조)'}"
H.Point KB국민카드,KB국민카드,https://d1c5n4ri2guedi.cloudfront.net/card/1171/card_img/21137/1171card.png,0,"해외겸용 [12,000]원",신용,"{'OTT/영화/문화': '인터파크 영화 예매 시 1매당 3,500원 청구할인, 카드별 일 2매, 월 4매, 연 10매 한도.', '기타 혜택(유의사항 등)': '모든 가맹점에서 0.5% 적립, 현대백화점 그룹 내 1% 추가 적립, 특정 업종에서 5% 청구 할인, 놀이공원 30~50% 현장 할인 제공.'}"
Happy 디지털카드,롯데카드,https://d1c5n4ri2guedi.cloudfront.net/card/2369/card_img/25141/2369card.png,300000,"국내전용 [15,000원] /  해외겸용 [15,000원]",신용,"{'프리미엄': 'Platinum 등급의 국제브랜드사 서비스 제공.', '기타 혜택(유의사항 등)': '해피포인트 가맹점에서 10% 적립, 생활 가맹점에서 5% 적립, 모든 가맹점에서 최대 0.5% 적립, 멤버십포인트 가맹점에서 5% 현장적립.'}"
CLUB Primus Skypass 카드,하나카드,https://d1c5n4ri2guedi.cloudfront.net/card/452/card_img/20966/452card.png,0,"해외겸용 [100,000]원",신용,"{'주유': 'SK 주유소 이용 시 리터당 3마일 적립, 일 1회, 회당 10만원, 월 30만원 한도.', '레저/스포츠': '골프장/골프연습장 이용 시 1,500원당 3마일, 레저 업종 이용 시 1,500원당 5마일 특별적립 (월 한도 1만마일).', '프리미엄': '프리머스카드 이용 시 호텔 식음매장 10% 할인, 택시 10% 청구할인, H패션몰 20% 할인쿠폰, Smarⓣ 여행서비스, 엔진오일교환 2만5천원 할인, 비자/마스터카드 플래티늄 서비스 제공.', '해외': '해외 이용금액 1,500원당 대한항공 2마일리지 특별적립, 월 최대 1만 마일 적립 가능.', '기타 혜택(유의사항 등)': '대한항공 마일리지 기본적립은 1,500원당 1마일리지 적립, 면세점 및 백화점 이용 시 1,500원당 2마일리지 특별적립 제공.'}"
IBK-Syrup카드[신용],IBK기업은행,https://d1c5n4ri2guedi.cloudfront.net/card/881/card_img/33921/881card.png,300000,"해외겸용 [5,000]원 / 해외겸용 [7,000]원",신용,"{'기타 혜택(유의사항 등)': 'IBK-Syrup카드는 전월 이용실적에 따라 매월 할인쿠폰을 제공하며, 통합 포인트 멤버십 서비스도 지원합니다.'}"
Easy auto 티타늄카드,KB국민카드,https://d1c5n4ri2guedi.cloudfront.net/card/488/card_img/21178/488card.png,500000,"국내전용 [30,000]원 / 해외겸용 [30,000]원",신용,"{'주유': '주유소에서 리터당 150점 포인트리 적립, 전월 이용실적에 따라 월 적립 한도는 최대 3만점.', '마트/편의점': '편의점 및 올리브영에서 1천점 포인트리 적립, 전월 이용실적 50만원 이상 시 월 3회 제공.', '카페/디저트': '제과/아이스크림 업종에서 전월 50만원 이상 이용 시 월 2회 2천점 포인트 적립.', '자동차/하이패스': '자동차 관련 서비스 이용 시 5% 포인트리 적립, 월 최대 1만점.', 'OTT/영화/문화': '영화관(CGV, 롯데시네마, 메가박스)에서 1만원 이상 결제 시 월 1회 3천점 포인트 적립 (전월 이용실적 50만원 이상).', '프리미엄': 'Easy auto 티타늄 서비스는 공항/호텔 발레파킹과 공항 라운지를 제공하며, 전월 이용실적 30만원 이상 시 이용 가능합니다.', '기타 혜택(유의사항 등)': 'KB국민 Easy auto 티타늄카드는 자동차보험 이용 시 연 1회 1만점 포인트리 적립과 국내·외 가맹점에서 0.2% 포인트리 적립 혜택을 제공합니다.'}"
Kakaopage 롯데카드,롯데카드,https://d1c5n4ri2guedi.cloudfront.net/card/2241/card_img/20990/2241card.png,0,"국내전용 [15,000]원 / 해외겸용 [15,000]원",신용,"{'기타 혜택(유의사항 등)': '카카오페이지 결제 시 5% 캐시백, 일반 결제 시 최대 0.5% 캐시백 제공.'}"
I-나눔,IBK기업은행,https://d1c5n4ri2guedi.cloudfront.net/card/2658/card_img/32301/2658card.png,500000,"국내전용 [14,000]원 / 해외겸용 [14,000]원",신용,"{'기타 혜택(유의사항 등)': '국내외 가맹점 이용 시 0.5% 기부 적립, LIVING 및 MEMBERSHIP 할인은 전월 50만원 이상 이용 시 각각 1%~1.5% 및 5%~7% 제공.'}"
Hyundai Mobilty카드(상용차),현대카드,https://d1c5n4ri2guedi.cloudfront.net/card/2359/card_img/24780/2359card.png,300000,"국내전용 [30,000원] / 해외겸용[30,000원]",신용,"{'주유': '전월 이용금액에 따라 현대오일뱅크/SK에너지에서 경유 주유 시 블루멤버스 포인트 적립.', '기타 혜택(유의사항 등)': '모든 가맹점 이용 시 전월 30만원 이상 시 0.2% 블루멤버스 포인트 적립.'}"
E1 LPG KB국민카드,KB국민카드,https://d1c5n4ri2guedi.cloudfront.net/card/125/card_img/20355/125card.png,500000,"해외겸용 [20,000]원",신용,"{'교통': '대중교통 이용금액 10% 청구할인, 전월 이용실적에 따라 최대 5만원 할인.', '주유': 'E1 LPG 충전소 리터당 100원 청구할인 및 전월 이용실적에 따른 청구할인 제공.', '쇼핑': '인터넷 쇼핑몰 및 소셜커머스 이용 시 각각 10% 청구할인 제공, 전월 이용실적에 따라 추가 청구할인 가능.', '푸드': 'VIPS, 아웃백, TGIF 이용 시 10% 청구할인, 전월 이용실적에 따라 최대 5만원 청구할인 제공.', '레저/스포츠': '골프장 및 골프연습장 이용 시 10% 청구할인, 전월 이용실적에 따라 최대 5만원 청구할인 제공.', 'OTT/영화/문화': 'CGV 영화관 이용금액 10% 청구할인 및 전월 이용실적에 따른 최대 5만원 청구할인 제공.', '기타 혜택(유의사항 등)': 'E1 LPG KB국민카드는 월간 할인한도를 제공하며, 특정 가맹점에서 할인 혜택을 받을 수 있습니다.'}"
IKEA for Business with 신한카드,신한카드,https://d1c5n4ri2guedi.cloudfront.net/card/1198/card_img/21110/1198card.png,500000,"국내전용 [27,000]원 / 해외겸용 [30,000]원",신용,"{'쇼핑': 'IKEA 매장에서 10만원 이상 결제 시 10% 할인, 월 할인한도 5만원.', '기타 혜택(유의사항 등)': 'IKEA 점외 가맹점 통합 할인, 사업성 경비 5% 할인, 이동통신 및 전기요금 자동이체 할인, 주유 할인 등 다양한 결제일 할인 혜택 제공.'}"
KB 전통시장온누리카드,KB국민카드,https://d1c5n4ri2guedi.cloudfront.net/card/2859/card_img/43776/%EC%A0%84%ED%86%B5%EC%8B%9C%EC%9E%A5%EC%98%A8%EB%88%84%EB%A6%AC%EC%B9%B4%EB%93%9C.png,400000,"국내전용 [20,000]원 / 해외겸용 [20,000]원",신용,"{'쇼핑': 'KB Pay 쇼핑 이용 시 5~10% 청구할인 제공, 전월 이용실적에 따라 할인율과 한도 다름.', '기타 혜택(유의사항 등)': '전통시장가맹점 이용 시 5~10% 청구할인 제공, 온누리상품권 차감 이용 시 5~10% 환급할인 가능.'}"
GS SHOP KB국민카드,KB국민카드,https://d1c5n4ri2guedi.cloudfront.net/card/778/card_img/22252/778card.png,400000,"국내전용 [25,000]원 / 해외겸용 [25,000]원",신용,"{'통신': '이동통신 자동납부 시 5% 청구 할인(월 한도 5천원, 전월 실적 40만원 이상).', '마트/편의점': '대형마트 5% 청구 할인(월 한도 5천원, 전월 실적 40만원 이상, 건당 3만원 이상 결제 시 적용) 및 편의점 10% 청구 할인(월 한도 5천원, 전월 실적 40만원 이상).', '쇼핑': 'GS SHOP에서 전월 이용실적에 따라 최대 5만원까지 12% 청구 할인 제공.', '카페/디저트': '커피 10% 청구 할인, 월 할인한도 5천원, 전월 이용실적 40만원 이상 시 제공.', '레저/스포츠': '레저/스포츠 업종에서 5% 청구 할인, 월 한도 1만원, 전월 이용실적 40만원 이상 시 제공.', '기타 혜택(유의사항 등)': '택시 이용 시 10% 청구 할인 제공, 월 할인한도 5천원, 전월 이용실적 40만원 이상 시 적용.'}"
KB Pay 챌린지+카드,KB국민카드,https://d1c5n4ri2guedi.cloudfront.net/card/2256/card_img/21006/2256card.png,0,"국내전용 [30,000]원 / 해외겸용 [30,000]원",신용,"{'기타 혜택(유의사항 등)': 'KB Pay 3회 이용 시 포인트리 1천점 적립, 매주 이용 시 1천점 적립, 당월 80만원 이용 시 4천점 적립.'}"
KB Pay 챌린지카드,KB국민카드,https://d1c5n4ri2guedi.cloudfront.net/card/2255/card_img/21005/2255card.png,0,"국내전용 [15,000]원 / 해외겸용 [15,000]원",신용,"{'기타 혜택(유의사항 등)': 'KB Pay 3회 이용 시 포인트리 1천점 적립, 매주 1회 이상 이용 시 추가 1천점 적립.'}"
KB라이프 딱좋은 요즘 건강 KB카드,KB국민카드,https://d1c5n4ri2guedi.cloudfront.net/card/2896/card_img/44251/2896card.png,400000,"국내전용 [20,000]원 / 해외겸용 [20,000]원",신용,"{'병원/약국': '병원/약국에서 전월 이용실적 40만원 이상 시 월 5천원까지 5% 할인.', '기타 혜택(유의사항 등)': 'KB라이프 건강보험상품 보험료 자동납부 시 전월 이용실적에 따라 최대 8천원 할인 제공.'}"
LG BEST SHOP 486 신한카드,신한카드,https://d1c5n4ri2guedi.cloudfront.net/card/2497/card_img/28551/2497card.png,500000,"국내전용 [22,000원] / 해외겸용 [25,000원]",신용,"{'기타 혜택(유의사항 등)': 'LG전자 베스트샵에서 48개월/60개월 할부 이용 시 연 6.5% 수수료와 전월 이용금액 50만원 이상 시 11,000원 캐시백 제공.'}"
KB국민 펫코노미 카드,KB국민카드,https://d1c5n4ri2guedi.cloudfront.net/card/141/card_img/20369/141card.png,300000,"국내전용 [30,000]원 / 해외겸용 [30,000]원",신용,"{'마트/편의점': '대형마트에서 전월 이용실적에 따라 최대 5% 할인, 1구간은 5천원 한도.', '애완동물': '애완동물 관련 카드 혜택으로 동물병원 및 애완동물 업종 30% 청구할인과 인터파크PET 10% 청구할인이 제공되며, 반려견 상해 치료비에 대한 보상 서비스도 포함된다.', '기타 혜택(유의사항 등)': 'KB국민 펫코노미 카드는 월간 할인한도가 제공되며, 할인한도는 이월되지 않고, 기본 포인트리는 적립되지 않습니다.'}"
L.PAY 신한카드,신한카드,https://d1c5n4ri2guedi.cloudfront.net/card/2267/card_img/20699/2267card.png,0,"국내전용 [17,000]원 / 해외겸용 [20,000]원",신용,"{'기타 혜택(유의사항 등)': '국내/해외 이용금액 0.1% 포인트 적립, 후불교통 및 택시, 롯데 더드림영역 이용금액 1% 적립, L.PAY 결제 시 최대 6% 추가 적립.'}"
LFmall 신용카드,KB국민카드,https://d1c5n4ri2guedi.cloudfront.net/card/2486/card_img/28401/2486card.png,0,"국내전용 [15,000]원 / 해외겸용 [15,000]원",신용,"{'쇼핑': 'LFmall 이용 시 5% 청구할인, 전월 이용실적에 따라 할인한도 차등 적용.', '기타 혜택(유의사항 등)': '국내외 가맹점 이용 시 0.5% 포인트리 적립, LFmall 이용금액은 적립 제외.'}"
LOCA 100 Life,롯데카드,https://d1c5n4ri2guedi.cloudfront.net/card/2230/card_img/21351/2230card.png,750000,"국내전용 [20,000]원 / 해외겸용 [20,000]원",신용,"{'기타 혜택(유의사항 등)': '생활업종 5% 할인(주유, 보험료, 이동통신, 병원·약국) 및 자동차보험료 3만원 할인, 국내 가맹점 2~3개월 무이자 할부 혜택 제공.'}"
LOCA CLASSIC 롯데마트,롯데카드,https://d1c5n4ri2guedi.cloudfront.net/card/2538/card_img/29446/2538card.png,0,"국내전용 [20,000]원 / 해외겸용 [20,000]원",신용,"{'기타 혜택(유의사항 등)': '국내외 가맹점에서 최대 1% 할인, 100만원 미만 0.5%, 100만원 이상 1.0% 제공.'}"
KT수퍼할부카드(비씨),NH농협카드,https://d1c5n4ri2guedi.cloudfront.net/card/192/card_img/20412/192card.png,300000,"해외겸용 [15,000]원",신용,"{'기타 혜택(유의사항 등)': '- KT라이트할부 서비스: 24개월 5.9%, 36개월 7%의 원금균등 상환 방식 할부 서비스.\n- KT통신요금 할인: 라이트할부 이용 시 전월 실적에 따라 최대 1만 7천원 할인.\n- 생활 할인: 커피, 베이커리, 아이스크림 10% 청구할인 및 CGV 1,000원 할인, 월 통합 한도 적용.\n- 테마파크 할인: 주요 놀이공원 본인 무료입장 또는 50% 현장할인, 월 1회, 연 6회 제공.'}"
LCC UniMile카드,NH농협카드,https://d1c5n4ri2guedi.cloudfront.net/card/530/card_img/21219/530card.png,300000,"해외겸용 [25,000]원",신용,"{'공항라운지/PP': '국내·외 공항라운지 월 1회, 연 2회 무료 이용 가능(본인 한정).', '프리미엄': 'UnionPay 위탁수하물 서비스로 연 2회, 총 12회 무료 제공, 초과 위탁수하물 5kg까지 무료.', '기타 혜택(유의사항 등)': '저비용항공사 이용 시 3% UniMile 적립, 국내 가맹점 0.7%, 해외 가맹점 1.4% 적립, 이동통신 및 택시 요금 3% 청구 할인 제공.'}"
KCTV알뜰카드,제주은행,https://d1c5n4ri2guedi.cloudfront.net/card/2148/card_img/21830/2148card.gif,300000,"국내전용 [5,000]원",신용,"{'쇼핑': '온라인쇼핑몰에서 3만원 이상 결제 시 월 2회 5% 청구 할인 제공.', '카페/디저트': '스타벅스, 투썸플레이스, 카페베네에서 월 4회, 1만원 이상 결제 시 혜택 제공.', 'OTT/영화/문화': '영화관에서 월 1회, 연 6회 최대 3천원 청구 할인 제공.', '기타 혜택(유의사항 등)': 'KCTV 방송요금 자동이체 시 최대 7천원 청구 할인, 이동통신요금 자동이체 시 1천원 할인, 자동화기기 및 전자금융 이용수수료 면제, 외환 수수료 감면 혜택 제공.'}"
LOCA for Edu,롯데카드,https://d1c5n4ri2guedi.cloudfront.net/card/623/card_img/21389/623card.png,1500000,"국내전용 [20,000]원 / 해외겸용 [20,000]원",신용,"{'교육/육아': '학원, 학습지, 유치원에서 10만원 이상 결제 시 5% 할인 (월 한도 2만 5천원).', '기타 혜택(유의사항 등)': '서점 및 문구점에서 오프라인 결제 시 10% 할인 (월 할인한도 5천원).'}"
New Happy 하나카드,하나카드,https://d1c5n4ri2guedi.cloudfront.net/card/1340/card_img/20835/1340card.png,0,"국내전용 [10,000]원 / 해외겸용 [10,000]원",신용,"{'기타 혜택(유의사항 등)': '해피포인트는 해피오더, 해피마켓, 해피페이 결제 시 5천원당 1,000포인트 적립과 가맹점 이용 시 2%~0.5% 포인트 적립 혜택을 제공합니다.'}"
LOCA for Auto,롯데카드,https://d1c5n4ri2guedi.cloudfront.net/card/621/card_img/21387/621card.png,1500000,"국내전용 [20,000]원 / 해외겸용 [20,000]원",신용,"{'주유': 'SK 에너지, S-OIL, GS칼텍스, 현대오일뱅크에서 월 30만원까지 100원/L 할인.', '마트/편의점': 'GS25, CU, 세븐일레븐에서 오프라인 결제 시 5% 할인 (월 5천원 한도, 1만원 이상 결제 시 적용).', '기타 혜택(유의사항 등)': '- 자동차 보험 10,000원 할인(연 1회, 30만원 이상 결제 시) 및 배달의민족ㆍ요기요 5% 할인(월 5천원 한도, 1만원 이상 결제 시) 제공.'}"
LOCA for 롯데마트,롯데카드,https://d1c5n4ri2guedi.cloudfront.net/card/2537/card_img/29445/2537card.png,0,"국내전용 [20,000]원 / 해외겸용 [20,000]원",신용,"{'마트/편의점': '롯데마트 및 MAXX에서 결제 시, 이용 실적에 따라 최대 월 30,000원 할인 혜택 제공.', '기타 혜택(유의사항 등)': 'LOCA for 롯데마트 카드는 가족카드 실적 합산, 해외 이용 시 수수료 부과, L.POINT 적립 서비스 제공 등 다양한 혜택을 제공합니다.'}"
New PAYCO 롯데카드,롯데카드,https://d1c5n4ri2guedi.cloudfront.net/card/664/card_img/21429/664card.png,0,"국내전용 [15,000]원 / 해외겸용 [15,000]원",신용,"{'기타 혜택(유의사항 등)': 'New PAYCO 롯데카드 이용 시 PAYCO 포인트를 최대 월 10만 포인트까지 적립할 수 있으며, PAYCO 가맹점에서 결제 시 3%, 일반 가맹점에서는 0.7% 적립됩니다.'}"
NH1961카드,NH농협카드,https://d1c5n4ri2guedi.cloudfront.net/card/2252/card_img/21002/2252card.png,0,"국내전용 [12,000]원 / 해외겸용 [14,000]원",신용,"{'공항라운지/PP': '국제공항 라운지 무료 이용 연 2회 제공.', '기타 혜택(유의사항 등)': '국내/해외 가맹점에서 0.7~0.9% NH포인트 적립, 언택트 라이프영역에서 10~50% 적립.'}"
LG U+ Bora 신한카드 Big Plus,신한카드,https://d1c5n4ri2guedi.cloudfront.net/card/1390/card_img/20752/1390card.png,400000,"국내전용 [22,000]원 / 해외겸용 [25,000]원",신용,"{'주유': '현대오일뱅크 주유 시 리터당 40원 적립, 월 최대 30만원 주유금액 적용.', '통신': 'LG U+ 통신요금 자동납부 시 전월 이용금액에 따라 최대 1만 5천원 할인 제공.', 'OTT/영화/문화': '인터파크 및 YES24 영화 예매 시 본인 및 동반자 각 1,500원 할인, 월 3회, 연 15회까지 가능.', '기타 혜택(유의사항 등)': 'LG U+ 매장에서 [LG U+ Bora 신한카드 Big Plus]로 통신기기를 24개월 또는 36개월 할부 결제 시 각각 연 5.9% 및 연 7.0%의 확정이자로 청구되는 스마트할부 서비스 제공.'}"
LOCA for Coffee,롯데카드,https://d1c5n4ri2guedi.cloudfront.net/card/622/card_img/21388/622card.png,1500000,"국내전용 [20,000]원 / 해외겸용 [20,000]원",신용,"{'교통': '버스, 지하철, 택시 10% 할인 (월 한도 5천원, 150만원 이상 이용 시 제공).', '쇼핑': '쿠팡, SSG닷컴, 마켓컬리에서 5% 할인 (월 할인한도 5천원, 150만원 이상 이용 시 제공).', '카페/디저트': '스타벅스, 폴바셋, 빽다방, 투썸플레이스 50% 할인 (월 한도 1만원, 150만원 이상 이용 시 제공).', '기타 혜택(유의사항 등)': '넷플릭스, 유투브, 왓챠, 멜론, 지니뮤직 20% 할인(월 한도 1만원) 및 배달의민족, 요기요 10% 할인(월 한도 5천원) 제공.'}"
NEW AUTO+,전북은행,https://d1c5n4ri2guedi.cloudfront.net/card/2185/card_img/21799/2185card.png,300000,"국내전용 [9,000]원/해외겸용 [10,000]원",신용,"{'주유': '주유소에서 전월 실적에 따라 리터당 80~100원 청구할인 제공, 월 20만원까지 할인.', '기타 혜택(유의사항 등)': '- 손해보험업종 2% 청구할인, 최대 2만원, 연 1회, 전월실적 30만원 이상 시 제공. \n- 이마트, 홈플러스, 롯데마트 5% 청구할인, 월 최대 1만원, 3만원 이상 사용 시 제공. \n- G마켓, 옥션, 11번가, 쿠팡, 위메프 5% 청구할인, 월 최대 1만원, 3만원 이상 사용 시 제공. \n- 아웃백, VIPS, TGIF 10% 청구할인, 월 최대 1만원, 3만원 이상 사용 시 제공. \n- 스타벅스 등 10% 청구할인, 건당 최대 2천원, 1만원 이상 사용 시 제공.'}"
NH올원 Rental&넥센타이어카드,NH농협카드,https://d1c5n4ri2guedi.cloudfront.net/card/2019/card_img/21979/2019card.png,300000,"국내전용 [10,000]원 / 해외겸용 [12,000]원",신용,"{'공과금/렌탈': '넥센타이어 렌탈료에 대해 전월실적에 따라 최대 3만원 청구할인 제공.', '기타 혜택(유의사항 등)': '전국 주요 놀이공원에서 본인 자유이용권 50% 할인 및 입장료 30% 할인 혜택 제공, 전월 실적 30만원 이상 시 이용 가능.'}"
NH올원 Shopping&AMOREPACIFIC카드,NH농협카드,https://d1c5n4ri2guedi.cloudfront.net/card/2036/card_img/21962/2036card.png,300000,"국내전용 [10,000]원 / 해외겸용 [12,000]원",신용,{'기타 혜택(유의사항 등)': '아모레퍼시픽 가맹점에서 전월 실적에 따라 5~10% 청구할인 제공.'}
NH올원 Rental&바디프랜드카드,NH농협카드,https://d1c5n4ri2guedi.cloudfront.net/card/2021/card_img/21977/2021card.png,300000,"국내전용 [12,000]원 / 해외겸용 [14,000]원",신용,"{'공과금/렌탈': '바디프랜드 렌탈료에 대해 전월실적에 따라 최대 3만원 청구할인 제공.', '기타 혜택(유의사항 등)': '전국 주요 놀이공원 및 동물원 할인 혜택 제공, 전월 실적 30만원 이상 시 이용 가능.'}"
NH올원 Direct&DB손해보험카드,NH농협카드,https://d1c5n4ri2guedi.cloudfront.net/card/1648/card_img/22517/1648card.png,300000,"국내전용 [8,000]원 / 해외겸용 [10,000]원",신용,"{'주유': 'Sk에너지, 농협주유소에서 5% 청구할인(전월실적 30만원 이상, 건당 3만원 이상, 월 1만원 한도).', '푸드': '국내 음식점, 커피전문점, 제과점 등에서 3% 청구할인 제공, 전월실적 30만원 이상 및 이용건당 3만원 이상 시 월 5천원 한도 내에서 적용.', '기타 혜택(유의사항 등)': 'DB손해보험 다이렉트 자동차보험료 결제 시 30만원 이상 할인 제공, 50만원 이상 시 추가 할인.'}"
NH농협 부자되세요 아파트카드(비씨),NH농협카드,https://d1c5n4ri2guedi.cloudfront.net/card/185/card_img/20402/185card.png,400000,"해외겸용 [10,000]원",신용,"{'쇼핑': '하나로마트, 이마트, 홈플러스, 롯데마트에서 5% 청구할인(월 2회, 3만원 이상 결제 시, 전월 실적 40만원 이상)과 다이소 5% 할인(전월 실적 40만원 이상) 제공.', '카페/디저트': '스타벅스, 이디야, 공차, 뚜레쥬르, 던킨도너츠에서 전월 실적 40만원 이상 시 5% 청구할인 제공.', '기타 혜택(유의사항 등)': '아파트관리비 자동이체 시 전월 실적에 따라 최대 1만원 청구할인 제공, 학원 업종 결제 시 5% 청구할인 제공.'}"
NH올원 LG전자BEST카드,NH농협카드,https://d1c5n4ri2guedi.cloudfront.net/card/1996/card_img/22002/1996card.png,300000,"해외겸용 [15,000]원",신용,"{'공과금/렌탈': 'LG Best Shop에서 전자제품 구매 시 라이트할부 및 렌탈료 자동이체 할인서비스 제공.', 'OTT/영화/문화': 'OTT/영화/문화 관련 생활할인 서비스로 커피, 베이커리, 아이스크림 10% 청구할인과 CGV 영화 1천원 청구할인이 제공되며, 전월 실적에 따라 최대 3만원 할인 가능.', '기타 혜택(유의사항 등)': '전국 주요 놀이공원 및 동물원 할인 혜택 제공, 전월 실적 30만원 이상 시 이용 가능.'}"
NH농협 콕카드,NH농협카드,https://d1c5n4ri2guedi.cloudfront.net/card/186/card_img/20403/186card.png,400000,"해외겸용 [10,000]원",신용,"{'통신': '신용카드 서비스 선택 가능하며, 통신요금 자동이체 시 10% 청구할인 제공 (농촌형 및 도시형 카드).', '마트/편의점': '농협 신용카드는 농촌형, 도시형, 일반형 중 선택 가능하며, 농협 판매장 이용 시 최대 10% 청구할인과 일반형은 승인금액에 따라 0.5~1.0% 청구할인을 제공합니다.', '쇼핑': '농협몰 10% 청구할인 제공, 전월실적에 따라 최대 1만 5천원 할인.', '기타 혜택(유의사항 등)': '농촌형 카드: 농업밀착업종 및 주유소 10% 청구할인, 도시형 카드: 백화점, 대형마트, 대중교통 10% 청구할인, 전월 실적에 따라 최대 할인 제공.'}"
NH올원+(플러스)카드,NH농협카드,https://d1c5n4ri2guedi.cloudfront.net/card/173/card_img/20385/173card.png,0,"국내전용 [23,000]원 / 해외겸용 [25,000]원",신용,"{'해외': '해외이용액에 대해 전월실적 관계없이 1.2% NH포인트 적립.', '기타 혜택(유의사항 등)': 'NH포인트를 전월실적에 관계없이 2만원 이상 이용 시 0.7%, 10만원 이상 이용 시 0.9% 적립.'}"
NS홈쇼핑 삼성카드,삼성카드,https://d1c5n4ri2guedi.cloudfront.net/card/2278/card_img/28093/2278card.png,400000,"국내전용 [10,000]원 / 해외겸용 [10,000]원",신용,"{'쇼핑': 'NS홈쇼핑에서 결제 시 전월 이용금액에 따라 최대 25,000원까지 10% 할인 제공.', '기타 혜택(유의사항 등)': '생활비 관련 카드 혜택으로, 주유·커피·제과·편의점·생활잡화에서 5% 결제일 할인 제공, 생활요금 정기결제 10,000원 이상 시 1,000원 할인.'}"
NH농협 올바른LIFE카드(할인형),NH농협카드,https://d1c5n4ri2guedi.cloudfront.net/card/526/card_img/21212/526card.png,300000,"해외겸용 [10,000]원",신용,"{'통신': '이동통신요금 자동납부 시 2천원 청구할인 (SKT/KT/LGU+ 대상, 전월실적 30만원 이상 시 월 1회 제공).', '마트/편의점': '대형마트 3% 청구할인, 편의점 5% 청구할인 (전월실적 30만원 이상 시 제공).', '쇼핑': '온라인쇼핑 3% 청구할인 (전월실적 30만원 이상 시 제공).', '카페/디저트': '커피전문점과 제과점에서 5% 청구할인 제공 (전월실적 30만원 이상 시).', '병원/약국': '병원과 약국에서 3% 청구할인 제공 (전월실적 30만원 이상 시).', 'OTT/영화/문화': '영화관(CGV, 메가박스, 롯데시네마)에서 5% 청구할인 제공, 전월실적 30만원 이상 시 적용.', '기타 혜택(유의사항 등)': '서점 3% 청구할인 및 주요 놀이공원 50% 현장할인 제공, 전월실적 30만원 이상 시 이용 가능.'}"
ON PLATINUM카드(포인트),NH농협카드,https://d1c5n4ri2guedi.cloudfront.net/card/2131/card_img/21866/2131card.png,0,"국내전용 [118,000]원 / 해외겸용 [120,000]원",신용,"{'공항라운지/PP': '전 세계 공항 라운지 무료 이용(더 라운지 멤버스 앱 통해 발급).', '프리미엄': 'Mastercard 및 JCB Platinum 프리미엄 서비스는 카드 회원 본인을 위한 다양한 제휴 서비스(공항 발레파킹, 라운지 이용 등)를 제공하며, 서비스 이용 시 해당 카드 제시가 필요합니다.', '기타 혜택(유의사항 등)': '국내·외 0.8% 기본 적립, 전월실적 50만원 이상 시 더블적립 1.6%, 분기별 실적에 따라 보너스 포인트 제공.'}"
PAYCO 36 우리카드,우리카드,https://d1c5n4ri2guedi.cloudfront.net/card/2583/card_img/30703/2583card.png,400000,"국내전용 [15,000원] / 해외겸용 [15,000원]",신용,"{'마트/편의점': '편의점에서 5% 청구할인을 제공하며, 오프라인 매장에서 1만원 이상 결제 시 월 최대 3천원 한도로 적용된다.', '카페/디저트': '커피전문점에서 5% 청구할인, 월 최대 3천원 한도.', '기타 혜택(유의사항 등)': 'PAYCO 결제 시 1% 포인트 적립(40만원 이상), 일반 결제 시 0.5% 적립(월 최대 10만 포인트).'}"
RROUND PAY X 디지로카,롯데카드,https://d1c5n4ri2guedi.cloudfront.net/card/2936/card_img/46472/2936card.png,0,"국내전용 [30,000]원 / 해외겸용 [30,000]원",신용,"{'기타 혜택(유의사항 등)': 'RROUND PAY X 디지로카 카드로 결제 시 RR PAY 포인트를 최대 2% 적립하며, 미리적립 서비스로 최대 30만 포인트를 신청할 수 있습니다.'}"
SILVER FOR LOTTE DEPARTMENT STORE,현대카드,https://d1c5n4ri2guedi.cloudfront.net/card/2738/card_img/36659/2738card_1.png,500000,"국내전용 [30,000]원 / 해외겸용 [30,000]원",신용,"{'기타 혜택(유의사항 등)': '국내외 가맹점 1% M포인트 적립, 롯데백화점 등에서 5% 적립(월 2만 한도), M 긴급적립 서비스 제공.'}"
RAUME O,삼성카드,https://d1c5n4ri2guedi.cloudfront.net/card/1860/card_img/28078/1860card.png,0,"해외겸용 [2,000,000]원",신용,"{'프리미엄': '삼성프리미엄카드는 국내 특급 호텔 할인, 유명 레스토랑 10% 할인, 명품 패션 브랜드 최대 20% 할인, 뷰티 클리닉 할인 혜택과 생일 고급 와인 제공 이벤트를 제공합니다.', '여행/숙박': '국내 특급 호텔 및 인천공항에서 발렛파킹 무료 제공, 공항 라운지 무료 이용, 다양한 할인 혜택 제공.', '기타 혜택(유의사항 등)': 'RAUME O 카드는 프리미엄 라이프 케어 서비스와 다양한 바우처 혜택을 제공하며, 두랄루민 소재로 제작되어 품격을 갖춘 카드입니다.'}"
PAYCO taptap,삼성카드,https://d1c5n4ri2guedi.cloudfront.net/card/1883/card_img/28082/1883card.png,400000,"국내전용 [9,900]원 / 해외겸용 [9,900]원",신용,"{'마트/편의점': '편의점 및 배달앱에서 5% PAYCO 포인트 적립, 통합 월 5,000 포인트 한도.', '카페/디저트': '커피전문점 및 헬스&뷰티에서 5% PAYCO 포인트 적립, 전월 이용금액 40만원 이상 시 제공.', '간편결제': '국내 가맹점에서 PAYCO 간편결제 시 5% PAYCO 포인트 적립, 월 최대 10,000 포인트.', '기타 혜택(유의사항 등)': '벅스 음원사이트에서 PAYCO taptap 전용상품 결제 시 50% PAYCO 포인트 적립 (월 1회, 전월 이용금액 40만원 이상 시 제공).'}"
RAUME O (스카이패스),삼성카드,https://d1c5n4ri2guedi.cloudfront.net/card/1865/card_img/28079/1865card.png,0,"해외겸용 [2,000,000]원",신용,"{'프리미엄': '삼성프리미엄카드는 국내 특급 호텔 할인, 유명 레스토랑 및 명품 브랜드 할인, 뷰티 클리닉 할인, RAUME Experience 이벤트 초대, 생일 고급 와인 제공, 여행 및 문화 행사 안내, 프리미엄 레스토랑 예약 대행 등의 혜택을 제공합니다.', '여행/숙박': '국내 특급 호텔 및 인천공항에서 발렛파킹 무료 제공, 전월 이용금액에 관계없이 연 12회 공항 라운지 무료 이용 가능.', '기타 혜택(유의사항 등)': 'RAUME O 카드로 대한항공 마일리지 적립, 연 1회 기프트 바우처 제공, 항공권 할인 및 골프 관련 서비스 이용 가능.'}"
SK LPG SAVE KB국민카드,KB국민카드,https://d1c5n4ri2guedi.cloudfront.net/card/107/card_img/20265/107card.png,300000,"국내전용 [3,000]원 / 해외겸용 [5,000]원",신용,"{'기타 혜택(유의사항 등)': '- SK 충전소에서 3만원 이상 충전 시 월 6회 1,500원 청구할인 제공.\n- 연 1회 엔진오일 무료 교환 및 안전 점검, 타이어 서비스 제공.\n- 3대 패밀리레스토랑 이용 시 10% 청구할인, 월 2회 한도.\n- 백화점, 할인점, 정비업소, 손해보험업종에서 5만원 이상 이용 시 2~3개월 무이자 할부 제공.'}"
S-OIL LPG KB국민카드,KB국민카드,https://d1c5n4ri2guedi.cloudfront.net/card/140/card_img/20368/140card.png,300000,"국내전용 [5,000]원 / 해외겸용 [10,000]원",신용,"{'OTT/영화/문화': '맥스무비 영화 1매당 3,500원 할인(본인회원 한정), 1일 2매, 월 4매, 연간 10매 한도.', '기타 혜택(유의사항 등)': 'S-OIL 충전소에서 3만원 이상 충전 시 1,800원 청구할인(월 5회 한도), 엔진오일 무료 교환 및 차량 정비 서비스 제공, 3대 패밀리레스토랑 10% 청구할인, 5만원 이상 이용 시 2~3개월 무이자 할부.'}"
SK OIL&LPG 카드,전북은행,https://d1c5n4ri2guedi.cloudfront.net/card/2175/card_img/21789/2175card.png,300000,"국내전용 [10,000]원 /해외겸용 [15,000]원",신용,"{'주유': 'SK주유소 및 충전소에서 리터당 최대 120원 청구할인 제공, 전월실적 30만원 이상 시 월 3회까지 이용 가능.', '기타 혜택(유의사항 등)': '주차장 10%, 세차장/자동차정비 5%, 약국 5%, 대형마트 5%, 커피 5% 청구할인 제공.'}"
U＋ 알뜰모바일카드,KB국민카드,https://d1c5n4ri2guedi.cloudfront.net/card/1243/card_img/21065/1243card.png,300000,"해외겸용 [15,000]원",신용,{'기타 혜택(유의사항 등)': 'U+ 알뜰모바일 통신료 자동이체 시 전월 실적에 따라 최대 1만 7천원 청구 할인 제공.'}
Shopping Save카드,NH농협카드,https://d1c5n4ri2guedi.cloudfront.net/card/156/card_img/20380/156card.png,100000,"국내전용 [6,000]원 / 해외겸용 [8,000]원",신용,"{'교통': '대중교통 이용 시 NH포인트 5% 적립, 월 최대 3천점.', '통신': '이동통신요금 자동이체 시 NH포인트 5% 적립, 월 최대 2천점.', '쇼핑': 'NH포인트를 쇼핑서비스 대상 가맹점에서 전월실적에 따라 5~10% 적립하며, 최초 발급 후 한 달간은 실적 미달 시에도 최대 3천 포인트 적립.', '기타 혜택(유의사항 등)': '농협 인터넷·모바일·스마트·텔레뱅킹 이체 수수료 면제 및 외화 환전 수수료 현장할인(30~50%) 제공.'}"
WE:SH Daily 카드,KB국민카드,https://d1c5n4ri2guedi.cloudfront.net/card/2708/card_img/34915/2708card.png,400000,"국내전용 [15,000]원 / 해외겸용 [15,000]원",신용,"{'기타 혜택(유의사항 등)': '국내 가맹점 0.5% 청구할인 및 선택 할인(쇼핑, 편의, 커피, 생활, 먹빵, 취향) 10% 제공, 전월 실적에 따라 할인한도 달라짐.'}"
skylife Ultra IBK카드,IBK기업은행,https://d1c5n4ri2guedi.cloudfront.net/card/920/card_img/21624/920card.gif,300000,"국내전용 [10,000]원 / 해외겸용 [10,000]원",신용,"{'쇼핑': '마트 및 대형 할인점 5% 할인, 6대 홈쇼핑 6% 할인 제공, 월 5천원 할인한도 적용.', '기타 혜택(유의사항 등)': '- Skylife 서비스 자동이체 시 전월 이용실적에 따라 최대 10,000원 청구 할인 제공.\n- 주요 놀이공원 무료입장 또는 입장료/자유이용권 50% 할인 제공.'}"
SolSol(쏠쏠)카드,NH농협카드,https://d1c5n4ri2guedi.cloudfront.net/card/183/card_img/20400/183card.png,300000,"해외겸용 [10,000]원",신용,"{'기타 혜택(유의사항 등)': '주요 12대 생활업종에서 3~12% 청구할인 제공, 전월 실적에 따라 할인 한도 차등 적용.'}"
Z:IN 인테리어 신한카드,신한카드,https://d1c5n4ri2guedi.cloudfront.net/card/1184/card_img/21124/1184card.png,0,"국내전용 [22,000]원 / 해외겸용 [25,000]원",신용,{'기타 혜택(유의사항 등)': 'Z:IN 가맹 대리점에서 할부 이용 시 연 4.9% 또는 6.5%의 할부 수수료 혜택과 함께 캐시백 제공.'}
ZipL 신용카드,BNK부산은행,https://d1c5n4ri2guedi.cloudfront.net/card/2645/card_img/32105/2645card.png,0,"국내전용 [10,000]원 / 해외겸용 [15,000]원",신용,"{'기타 혜택(유의사항 등)': '생활요금, 교육, 병의원, 교통에서 최대 10% 할인 제공.'}"
zgm point카드,NH농협카드,https://d1c5n4ri2guedi.cloudfront.net/card/2698/card_img/33929/2698card.png,0,"국내전용 [50,000]원 / 해외겸용 [55,000]원",신용,"{'기타 혜택(유의사항 등)': 'NH포인트 0.8%~1.8% 적립, SPC 가맹점에서 해피포인트 적립, 연 1회 기본적립의 5% 추가적립 가능.'}"
TMAP KB국민카드,KB국민카드,https://d1c5n4ri2guedi.cloudfront.net/card/2605/card_img/31230/2605card.png,400000,"국내전용 [15,000원] / 해외겸용 [15,000원]",신용,"{'주유': '주유소 및 LPG 충전소에서 5% 청구 할인, 월 할인한도 5천원.', '푸드': '식음료 5% 청구 할인, 넷플릭스·티빙·웨이브 10% 할인(월 5천원 한도).', '자동차/하이패스': '티맵 유로서비스 이용 시 최대 50% 청구 할인 제공.', '기타 혜택(유의사항 등)': '넷플릭스, 티빙, 웨이브에서 정기결제 시 10% 청구 할인(월 최대 5천원).'}"
SOCAR 제휴 SOCAR 신한카드,신한카드,https://d1c5n4ri2guedi.cloudfront.net/card/42/card_img/20123/42card.png,300000,"해외겸용 [13,000]원",신용,"{'마트/편의점': '- 편의점: GS25, CU, 세븐일레븐에서 5% 할인, 월 10회, 일 1회, 최대 1만원까지.\n- 대형마트: 홈플러스, 이마트, 롯데마트에서 3% 할인, 월 3회, 일 1회, 최대 10만원까지.', '카페/디저트': '커피전문점에서 20% 할인(일 1회, 월 5회, 최대 5천원까지) 제공.', '기타 혜택(유의사항 등)': '- SOCAR 이용 시 결제일 30% 할인(일 1회, 월 최대 3회, 최대 2만원 한도).\n- 철도 이용 시 결제일 10% 할인(일 1회, 월 최대 2회, 최대 5만원 한도).'}"
SOHO 다사로이+카드,NH농협카드,https://d1c5n4ri2guedi.cloudfront.net/card/2254/card_img/21004/2254card.png,0,"국내전용 [23,000]원 / 해외겸용 [25,000]원",신용,"{'공과금/렌탈': '4대사회보험 및 전기요금 자동납부 시 5% 할인 제공, 전월실적 50만원 이상 시 적용.', '프리미엄': 'NH농협카드 Mastercard Titanium/Platinum 소지자는 공항 발레파킹, 공항 라운지, 호텔 발레파킹 무료 이용 등의 프리미엄 서비스를 연간 제공받습니다.', '비즈니스': '주요 사업경비업종 및 해외이용액에 따라 최대 2.5% 할인 제공.', '기타 혜택(유의사항 등)': '스타벅스, 넷플릭스, 멜론에서 30% 할인 제공(전월실적 50만원 이상 시, 할인한도 적용).'}"
W컨셉 삼성카드,삼성카드,https://d1c5n4ri2guedi.cloudfront.net/card/2651/card_img/32190/2651card.png,300000,"국내전용 [10,000]원 / 해외겸용 [10,000]원",신용,"{'카페/디저트': '커피전문점, 헬스&뷰티, 온라인쇼핑몰, 이동통신에서 7% W POINT 적립.', '해외': '해외 가맹점 및 직접구매 시 1.5% W POINT 적립.', '기타 혜택(유의사항 등)': 'W컨셉에서 7% W POINT 적립 및 디지털 콘텐츠에서 20% W POINT 적립 혜택 제공.'}"
가온 워킹업카드,KB국민카드,https://d1c5n4ri2guedi.cloudfront.net/card/136/card_img/20364/136card.png,0,"해외겸용 [15,000]원",신용,"{'해외': '해외 이용금액 3% 할인 캐시백, 월 50만원 한도.', '기타 혜택(유의사항 등)': '국내 전 가맹점 0.7% 포인트리 적립, 건강 관련 업종 2.3% 추가 적립, 전월 걸음수 30만보 이상 시 2% 추가 적립.'}"
zgm.rounding카드,NH농협카드,https://d1c5n4ri2guedi.cloudfront.net/card/2493/card_img/28477/2493card.png,300000,"국내전용 [23,000원] / 해외겸용 [25,000원]",신용,"{'카페/디저트': '커피전문점에서 10% 청구할인, 월 한도 5천원.', '공항라운지/PP': '국내 국제공항 라운지 연 2회 무료 이용 가능.', '프리미엄': 'MASTERCARD TITANIUM/PLATINUM PREMIUM SERVICES 제공.', '기타 혜택(유의사항 등)': '골프장·골프연습장·스크린골프 5% 청구할인, 쇼골프 연습장 일 타석권 50% 청구할인, 홀인원 축하금 100만원 제공.'}"
국민행복카드(신용),NH농협카드,https://d1c5n4ri2guedi.cloudfront.net/card/174/card_img/20386/174card.png,300000,해외겸용 [없음],신용,{'기타 혜택(유의사항 등)': '국민행복카드는 다양한 국가 바우처와 BC카드 혜택을 통합하여 제공하는 카드입니다.'}
가온 플래티늄바우처카드,KB국민카드,https://d1c5n4ri2guedi.cloudfront.net/card/1299/card_img/20985/1299card.png,500000,"국내전용 [100,000]원 / 해외겸용 [100,000]원",신용,"{'프리미엄': '프리미엄 서비스로 인천공항 음료 무료, 렌터카 할인, 문화센터 할인, 금융수수료 감면, 보험 무료가입 등 다양한 혜택 제공.', '해외': '해외이용(직구포함) 시 5% 캐시백(월 20만원 한도).', '기타 혜택(유의사항 등)': '국내가맹점에서 1~1.3% 포인트리 적립 및 연 1회 플래티늄 바우처 쿠폰 서비스 제공.'}"
갤러리아 KB국민카드,KB국민카드,https://d1c5n4ri2guedi.cloudfront.net/card/2434/card_img/27302/2434card.png,500000,"국내전용 [15,000]원 / 해외겸용 [15,000]원",신용,"{'쇼핑': '갤러리아 백화점에서 전월 이용실적에 따라 최대 5% 청구할인 제공.', '기타 혜택(유의사항 등)': '갤러리아 백화점에서 신규 가입 후 3개월간 월 3회 5% 현장 할인 제공, 전년도 구매금액 및 마일리지에 따라 추가 할인 가능.'}"
넥센타이어 신한카드,신한카드,https://d1c5n4ri2guedi.cloudfront.net/card/2870/card_img/43920/2870card.png,300000,"국내전용 [15,000]원 / 해외겸용 [18,000]원",신용,{'기타 혜택(유의사항 등)': '넥센타이어 렌탈 요금 자동납부 시 전월 이용금액에 따라 최대 2만원의 결제일 할인이 제공됩니다.'}
가온글로벌카드,KB국민카드,https://d1c5n4ri2guedi.cloudfront.net/card/1309/card_img/20960/1309card.png,200000,"국내전용 [15,000]원 / 해외겸용 [20,000]원",신용,"{'쇼핑': '쇼핑 특화 영역에서 포인트리 0.7% 추가 적립 (전월 국내 이용실적 20만원 이상 시).', '여행/숙박': '여행 관련 업종에서 전월 20만원 이상 이용 시 포인트리 0.7% 추가 적립.', '해외': '해외 가맹점에서 포인트리 1.0% 기본 적립, 20만원 이상 이용 시 추가 1.0% 적립, 50만원 이상 이용 시 특별 1.0% 적립.', '기타 혜택(유의사항 등)': '국내 가맹점에서 포인트리 0.3% 기본 적립 및 이하넥스와 아이포터 배송료 5% 현장할인 제공.'}"
넥슨 현대카드 Edition2 넥슨팩,현대카드,https://d1c5n4ri2guedi.cloudfront.net/card/2948/card_img/47518/2948card_1.png,300000,"국내전용 [20,000]원 / 해외겸용 [20,000]원",신용,"{'프리미엄': '메탈 플레이트 제공, 발급 수수료 7만원, 신청 후 평균 3주 소요.', '기타 혜택(유의사항 등)': '넥슨 현대카드로 넥슨 게임에서 10% 적립, 월 최대 2만 포인트2 제공.'}"
넥슨 현대카드 Edition2 마비노기 모바일팩,현대카드,https://d1c5n4ri2guedi.cloudfront.net/card/2947/card_img/47516/2947card_1.png,300000,"국내전용 [20,000]원 / 해외겸용 [20,000]원",신용,"{'프리미엄': '메탈 플레이트 제공, 발급 수수료 7만원, 신청 후 평균 3주 소요.', '기타 혜택(유의사항 등)': '마비노기 모바일팩 이용 시 100원당 1 넥슨 현대카드 M캐시 적립, 전월 이용 금액 30만원 이상 시 월 최대 2천 M캐시 적립.'}"
넥센타이어 KB국민카드,KB국민카드,https://d1c5n4ri2guedi.cloudfront.net/card/1380/card_img/20763/1380card.png,300000,"해외겸용 [12,000]원 / 해외겸용 [14,000]원",신용,"{'자동차/하이패스': '넥센타이어 렌탈료 자동이체 시 전월 이용실적에 따라 1만 1천원 ~ 2만원 청구할인 제공.', 'OTT/영화/문화': '인터파크 영화예매 시 1매당 3,500원 청구 할인 (일 2매, 월 4매, 연간 10매 한정).', '기타 혜택(유의사항 등)': '롯데월드, 에버랜드 50% 및 캐리비안베이 30% 현장 할인 제공.'}"
경차 smart 롯데카드,롯데카드,https://d1c5n4ri2guedi.cloudfront.net/card/207/card_img/20431/207card.png,300000,국내전용 [없음] / 해외겸용 [없음],신용,"{'교통': '대중교통 이용 시 지난달 30만원 이상 시 10% 할인 제공.', '주유': '주유소에서 리터당 80원 할인, 지난달 이용금액 30만원 이상 시 제공.', '쇼핑': '- 롯데마트 10% 할인 (30만원 이상 이용 시, 월 2회, 건당 5천원 한도).\n- 롯데백화점 5% 할인 e-쿠폰 (직전 6개월 30만원 이상 이용 시 매월 2매 제공).\n- 매월 롯데백화점 무료 주차권 제공.\n- 롯데백화점 상품 5% 할인 (월 3회), 일반 상품 5% 할인.\n- 일부 품목 최대 12개월 무이자 할부 (체크카드 제외).\n- 롯데면세점 5~10% 할인 (일부 품목 제외).\n- 롯데마트, 롯데슈퍼 2~3개월 무이자 할부 (체크카드 제외, 5만원 이상 구매 시).\n- 토이저러스 2~3개월 무이자 할부 (체크카드 제외, 5만원 이상 구매 시).\n- 소액무서명 결제 서비스 (대상 가맹점에서 3만원 이하 결제 시 서명 없이).', 'OTT/영화/문화': '롯데카드 홈페이지 내 문화공연 할인몰 이용 시 할인 적용.', '기타 혜택(유의사항 등)': '경차 이용 시 유류세 환급 서비스 제공, 카드대금 청구 시 할인.'}"
국민행복카드 신용카드,iM뱅크,https://d1c5n4ri2guedi.cloudfront.net/card/834/card_img/21708/834card.gif,200000,국내전용 [없음],신용,"{'병원/약국': '병원/약국 5% 청구할인(월 2회, 최대 2만원), 온라인 쇼핑 5% 청구할인(월 2회, 3만원 이상), 외식/커피 20% 청구할인(월 4회, 1만원 이상), 패밀리레스토랑 10% 청구할인(월 1회), 이동통신요금 자동이체 1,000원 청구할인(월 1회), 대중교통 5% 청구할인(월 1,500원 한도), 키즈할인 5% 청구할인(일 1회, 1만원 이상).', '교육/육아': '육아/교육 5% 청구할인(월 2회, 최대 2만원), 주요 커피 전문점 20% 청구할인(월 4회, 1만원 이상), 패밀리레스토랑 10% 청구할인(월 1회), 놀이공원 50% 현장할인(월 1회, 연 10회), 이동통신요금 자동이체 1,000원 청구할인(월 1회), 대중교통 5% 청구할인(월 1,500원 한도), 키즈 파크 5% 청구할인(일 1회, 1만원 이상).', '기타 혜택(유의사항 등)': '국민행복카드는 다양한 국가 바우처를 지원받을 수 있는 카드로, 에코머니 포인트 적립 및 대중교통 할인 혜택이 제공됩니다.'}"
넷마블 신한카드,신한카드,https://d1c5n4ri2guedi.cloudfront.net/card/1887/card_img/22109/1887card.png,400000,"국내전용 [10,000]원 / 해외겸용 [13,000]원",신용,"{'마트/편의점': 'GS25, CU에서 통합 일 1회, 월 5회 10% 할인 (1회 최대 1만원까지).', '카페/디저트': '스타벅스와 커피빈에서 10% 할인, 일 1회 및 월 5회 적용, 1회 최대 1만원까지 할인.', 'OTT/영화/문화': 'CGV와 롯데시네마에서 통합 일 1회, 월 2회 20% 할인, 월 최대 5천원까지 적용.', '기타 혜택(유의사항 등)': '- 구글 플레이스토어, 애플 앱스토어, 원스토어 10% 할인 (1회 5만원까지, 월 최대 1만 5천원) 및 파리바게뜨, 뚜레쥬르 10% 할인 (1회 1만원까지, 월 5회).'}"
닥터구디 T&R(티앤알) 카드,하나카드,https://d1c5n4ri2guedi.cloudfront.net/card/2365/card_img/25019/2365card.png,400000,"국내전용 [25,000원] / 해외겸용 [25,000원]",신용,"{'통신': '통신요금 자동이체 시 최대 15,000원 청구할인 제공.', '공과금/렌탈': '렌탈요금 자동이체 시 최대 15,000원 청구할인 제공.', '기타 혜택(유의사항 등)': '손해보험사 및 기타 자동이체 가맹점에서 월 40만원 이상 이용 시 최대 15,000원 청구할인 제공.'}"
기아 챔피언스카드,광주은행,https://d1c5n4ri2guedi.cloudfront.net/card/2838/card_img/41672/2838card_2.png,300000,"국내전용 [14,000]원 / 해외겸용 [15,000]원",신용,"{'주유': '전국 6대 주유소에서 리터당 100원 캐시백, 월 2회, 1회 10만원까지 적용.', '마트/편의점': '편의점 및 F&B 매장 이용 시 10% 캐시백, 조건은 1일 2회, 월 5회, 건별 1만원 이상 구매 시 적용.', '쇼핑': '팀스토어 매장에서 10% 캐시백 제공, 조건은 1일 1회, 월 2회, 전월실적 30만원 이상, 건별 5만원 이상 구매 시 적용.', '카페/디저트': '커피 21개 브랜드에서 월 최대 4천원 캐시백 제공, 1일 1회, 건당 1만원 이상 이용 시.', '레저/스포츠': '놀이공원 및 레저 시설에서 본인 최대 50%, 동반 최대 20% 할인 혜택 제공.', 'OTT/영화/문화': '영화 예매 시 월 최대 3,000원 캐시백 제공.', '기타 혜택(유의사항 등)': '광주-기아챔피언스필드 경기장 입장 시 최대 5천원 할인, KTX&SRT 5% 캐시백(월 최대 1만원), 패밀리 레스토랑 20% 현장할인 제공.'}"
디지로카 Golf,롯데카드,https://d1c5n4ri2guedi.cloudfront.net/card/2716/card_img/35567/2716card.png,500000,"국내전용 [30,000]원 / 해외겸용 [30,000]원",신용,"{'기타 혜택(유의사항 등)': '골프장 및 골프연습장에서 50만원 이상 이용 시 3% 캐시백, 100만원 이상 이용 시 7% 캐시백 제공.'}"
다이소 신한카드,신한카드,https://d1c5n4ri2guedi.cloudfront.net/card/758/card_img/22232/758card.png,300000,"해외겸용 [10,000]원 / 해외겸용 [13,000]원",신용,"{'마트/편의점': 'GS25, CU에서 통합 일 1회, 월 5회 10% 할인, 월 최대 5천원 할인.', '카페/디저트': '스타벅스와 커피빈에서 10% 할인(건당 1만원 이상, 월 최대 7천원).', 'OTT/영화/문화': 'CGV, 롯데시네마 20% 할인 (건당 1만원 이상, 월 최대 7천원).', '기타 혜택(유의사항 등)': '- 다이소 30% 할인(건당 5천원 이상, 일 1회, 월 3회, 최대 1만 5천원) 및 파리바게뜨, 뚜레쥬르 10% 할인(건당 1만원 이상, 일 1회, 월 5회, 최대 7천원) 제공.'}"
대성학원 신한카드,신한카드,https://d1c5n4ri2guedi.cloudfront.net/card/2608/card_img/31237/2608card.png,300000,"국내전용 [30,000]원 / 해외겸용 [33,000]원",신용,"{'주유': 'GS칼텍스 주유 시 리터당 40원 할인, 1일 2회, 월 40만원 한도, 전월 이용금액 30만원 이상 필요.', '기타 혜택(유의사항 등)': '대성학원 이용 시 5% 캐시백, 일반 학원업종 이용 시 3% 캐시백 제공, 월 통합 한도 5만원.'}"
디지로카 Auto,롯데카드,https://d1c5n4ri2guedi.cloudfront.net/card/2717/card_img/35572/2717card.png,500000,"국내전용 [30,000]원 / 해외겸용 [30,000]원",신용,"{'주유': '주유 50만원 이상 시 100원/L 캐시백, 100만원 이상 시 150원/L 캐시백 제공, 월 최대 5만원 한도.', '기타 혜택(유의사항 등)': '디지로카 Auto 카드로 국내 가맹점에서 5만원 이상 결제 시 2~3개월 무이자 할부 혜택 제공.'}"
기후동행카드(신용),NH농협카드,https://d1c5n4ri2guedi.cloudfront.net/card/2772/card_img/38074/2772card.png,300000,"국내전용 [4,000]원",신용,"{'교통': '후불 기후동행카드는 서울시 기후동행 서비스 범위 내에서 대중교통과 따릉이를 무제한 이용할 수 있는 정기권 후불 교통카드입니다.', '통신': '이동통신 자동납부 시 4,000원 청구할인 (SKT, KT, LGU+ 대상, 월 1건, 5만원 이상 결제 시).', '마트/편의점': 'GS25에서 오프라인 결제 시 1만원 이상 이용 시 5% 청구할인(월 최대 3,000원).', '쇼핑': '온라인 쇼핑몰에서 10% 청구할인, 건당 2만원 이상 시 최대 2,500원 할인 (월 최대 8,000원).', '카페/디저트': '스타벅스와 이디야에서 1만원 이상 결제 시 월 1회 3,000원 청구할인.', '교육/육아': '어학시험(영어, 일본어, 한국어) 10% 청구할인, 건당 2만원 이상 시 최대 2,500원 할인 (월 1회, 연 6회).', 'OTT/영화/문화': 'CGV 온라인 예매 시 2,000원 청구할인(월 1회, 건당 1만원 이상 결제 시).', '기타 혜택(유의사항 등)': '- 온라인 서점 10% 청구할인(최대 2,500원, 월 8,000원 한도) 및 배달앱 10% 청구할인(최대 2,000원, 월 6,000원 한도) 제공, 놀이공원 50% 현장할인 서비스(월 1회, 연 6회).'}"
디지로카 Pet,롯데카드,https://d1c5n4ri2guedi.cloudfront.net/card/2713/card_img/35514/2713card.png,500000,"국내전용 [30,000]원 / 해외겸용 [30,000]원",신용,"{'애완동물': '반려동물 센터 및 동물병원 이용 시 50만원 이상 3%, 100만원 이상 7% 캐시백 제공.', '기타 혜택(유의사항 등)': '디지로카 Pet 카드로 국내 가맹점에서 5만원 이상 결제 시 2~3개월 무이자 할부 혜택 제공.'}"
더본 신한카드,신한카드,https://d1c5n4ri2guedi.cloudfront.net/card/1019/card_img/21516/1019card.png,0,"해외겸용 [10,000]원",신용,"{'마트/편의점': '편의점 이용 시 5% 할인(일 1회, 월 10회, 최대 500원).', '푸드': '더본 매장에서 10% 할인(빽다방 제외, 월 2회, 최대 5천원).', '카페/디저트': '빽다방 이용 시 30% 할인(일 1회, 월 10회, 최대 3천원 할인).', 'OTT/영화/문화': 'CGV 예매 시 월 1회 3천원 할인 제공.', '기타 혜택(유의사항 등)': '택시 이용 시 결제일 10% 할인(일 1회, 월 5회, 최대 1천원).'}"
뉴GS칼텍스 롯데카드,롯데카드,https://d1c5n4ri2guedi.cloudfront.net/card/1754/card_img/22360/1754card.jpg,0,"국내전용 [5,000]원 / 해외겸용[10,000]원",신용,"{'주유': 'GS칼텍스 주유 시 리터당 60점의 롯데GS칼텍스주유포인트 적립.', '쇼핑': '롯데백화점 5% 할인 e-쿠폰, 무료 주차권, 롯데ON 5% 할인 및 무이자 할부, 면세점 5~10% 할인, 롯데마트/롯데슈퍼 및 토이저러스 2~3개월 무이자 할부, 소액무서명 결제 서비스 제공.', '푸드': '- T.G.I.F 10% 할인 (20만원 이상 이용 시, 1일 1회, 주류 제외)\n- 미스터피자 15% 할인 (월 3회, 연 12회, 20만원까지)\n- 롯데리아, 엔제리너스커피, 나뚜루 1,000원당 50원 할인 (롯데카드 결제 시)', 'OTT/영화/문화': '롯데시네마에서 영화관람료 1,500원 청구할인 제공, 전월 이용실적 20만원 이상 시 1일 1회, 월 5회, 연 12회 한정.', '기타 혜택(유의사항 등)': '- 박준뷰티랩 20%, 박승철 헤어스투디오 15% 현장 할인 제공. \n- 롯데월드, 경주월드 등 50% 할인, 서울랜드 30% 할인 (이용실적 20만원 이상).'}"
디지로카 Travel,롯데카드,https://d1c5n4ri2guedi.cloudfront.net/card/2863/card_img/43838/2863card.png,0,"국내전용 [20,000]원 / 해외겸용 [20,000]원",신용,"{'여행/숙박': '디지로카 트래블에서 항공권 결제 시 2%, 호텔/렌터카 결제 시 3%의 트래블마일 적립.', '기타 혜택(유의사항 등)': '국내 가맹점 1%, 해외 이용금액 1.2%의 트래블마일 적립, 연 1회 15,000마일 보너스 적립 가능.'}"
디지로카 Travel 프리미엄,롯데카드,https://d1c5n4ri2guedi.cloudfront.net/card/2864/card_img/43839/2864card.png,0,"국내전용 [100,000]원 / 해외겸용 [100,000]원",신용,"{'공항라운지/PP': '디지로카 Travel 프리미엄 카드 소지자는 월 1회, 연 3회 국내·해외 공항라운지를 무료 이용할 수 있습니다.', '여행/숙박': '디지로카 트래블에서 항공권 결제 시 3%, 호텔/렌터카 결제 시 5%의 트래블마일 적립.', '기타 혜택(유의사항 등)': '국내 가맹점 1.2%, 해외 이용금액 1.5%의 트래블마일 적립 혜택 제공.'}"
랭킹닭컴 신용카드,KB국민카드,https://d1c5n4ri2guedi.cloudfront.net/card/2595/card_img/30969/2595card.png,300000,"국내전용 [15,000원] / 해외겸용 [15,000원]",신용,"{'쇼핑': '랭킹닭컴에서 전월 30만원 이상 이용 시 1만5천원, 60만원 이상 이용 시 2만5천원 청구 할인 제공.', '기타 혜택(유의사항 등)': '골프장 청구할인: 전월 30만원 이상 이용 시 5천원 할인, 10% 적용.'}"
롤라카드,롯데카드,https://d1c5n4ri2guedi.cloudfront.net/card/663/card_img/21428/663card.png,400000,"국내전용 [15,000]원 / 해외겸용 [15,000]원",신용,"{'주유': 'SK 주유소에서 롤라머니 1% 적립, 월 40만원 이상 이용 시 최대 1,000 머니 적립.', '기타 혜택(유의사항 등)': '롯데 계열사가 아닌 가맹점에서 이용 시 롤라머니 7% 적립, 적립 한도는 이용 금액에 따라 다름.'}"
롯데마트&MAXX 카드,롯데카드,https://d1c5n4ri2guedi.cloudfront.net/card/2444/card_img/27670/2444card.png,0,"국내전용 [18,000]원 / 해외겸용 [20,000]원",신용,"{'마트/편의점': '롯데마트&MAXX 카드로 월 최대 30,000원 할인, 이용 실적에 따라 할인율과 한도가 달라짐.', '기타 혜택(유의사항 등)': '5대 생활업종에서 월 최대 25,000원 결제일 할인 제공.'}"
롯데카드 KaPick,롯데카드,https://d1c5n4ri2guedi.cloudfront.net/card/2723/card_img/36056/2723card.png,400000,"국내전용 [20,000]원 / 해외겸용 [20,000]원",신용,"{'기타 혜택(유의사항 등)': '카카오톡 선물하기 및 카카오T 결제 시 10% 적립, 생활/요식/교통 결제 시 1~1.5% 적립.'}"
레고랜드카드,KB국민카드,https://d1c5n4ri2guedi.cloudfront.net/card/2355/card_img/24768/2355card.png,400000,"국내전용 [20,000원] / 해외겸용 [20,000원]",신용,"{'푸드': '배달앱, 커피, 제과, 패스트푸드에서 10% 청구할인 제공.', '공항라운지/PP': 'KB Pay 온라인쇼핑 결제 시 5% 청구할인(전월 40만원 이상 이용 시, 월 할인한도 5천원).', '해외': '해외 가맹점 이용 시 5% 캐시백 제공, 전월 이용실적 40만원 이상 시 적용.', '기타 혜택(유의사항 등)': '레고랜드 리조트 10% 청구할인(연간 최대 30만원) 및 대형마트/온라인쇼핑/소셜커머스/교육 5% 청구할인 제공.'}"
라이나생명 라서즐거운카드,우리카드,https://d1c5n4ri2guedi.cloudfront.net/card/1868/card_img/22128/1868card.png,0,"해외겸용 [10,000]원",신용,"{'카페/디저트': '스타벅스, 투썸플레이스 20% 청구할인 (일 1회, 월 2회, 건당 5천원 한도, 전월실적 30만원 이상 시 제공).', '공과금/렌탈': '전월실적에 따라 보험료 매월 최대 3만원 할인 제공.', 'OTT/영화/문화': '전국 영화관 12,000원 이상 결제 시 3,000원 청구할인, 월 1회, 연 10회 한도.', '기타 혜택(유의사항 등)': '- 에버랜드 등 테마파크 자유이용권 50% 현장할인 (월 1회, 연 10회 한도, 전월실적 30만원 이상 시 제공).\n- 아웃백 등 패밀리레스토랑 10% 청구 할인 (일 1회, 월 2회, 건당 1만원 한도, 전월실적 30만원 이상 시 제공).'}"
마이 홈플러스 신한카드,신한카드,https://d1c5n4ri2guedi.cloudfront.net/card/478/card_img/21168/478card.png,0,"국내전용 [12,000]원 / 해외겸용 [15,000]원",신용,"{'마트/편의점': '홈플러스에서 결제 시 1.2% 포인트 적립, 기타 가맹점에서는 0.5% 적립, 이동통신요금 자동이체 시 추가 1.0% 적립.', 'OTT/영화/문화': 'YES24와 인터파크에서 영화 예매 시 1매당 1,500원 할인 (월 2회, 연 6회 한도).', '기타 혜택(유의사항 등)': '생활친화가맹점에서 2만원 이상 10만원 미만 결제 시 잔돈을 할인해주는 서비스(월 10회 제공).'}"
랭킹닭컴 하나카드,하나카드,https://d1c5n4ri2guedi.cloudfront.net/card/1253/card_img/21055/1253card.png,300000,"해외겸용 [15,000원]",신용,"{'푸드': '랭킹닭컴 이용 시 7% 청구할인, 지난달 이용실적에 따라 할인한도 월 1만원 또는 2만원 제공.', '카페/디저트': '스타벅스, 커피빈에서 월 1회 4천원 할인 (4천원 이상 결제 시, KEB 하나은행 계좌 이용).', 'OTT/영화/문화': 'CGV, 메가박스, 롯데시네마에서 3천원 할인 (월 3천원 한도, 1만 2천원 이상 결제 시).', '해외': '해외 전 가맹점에서 5% 할인 (월 5천원 한도).', '기타 혜택(유의사항 등)': '- 요기요, 배달의민족 5% 할인 (월 5천원 한도) 제공; 지난달 이용실적 70만원 이상 시 통신, 대중교통, 온라인에서 각각 7% 할인 (월 통합한도 1만원).'}"
라이프파트너 삼성카드,삼성카드,https://d1c5n4ri2guedi.cloudfront.net/card/1884/card_img/28083/1884card.png,300000,"국내전용 [20,000]원 / 해외겸용 [20,000]원",신용,"{'주유': '주유소에서 30,000원 이상 결제 시 최대 3,000원 청구할인 제공.', '마트/편의점': '대형마트에서 30,000원 이상 결제 시 전월 이용금액에 따라 최대 2,000원 청구할인 제공.', '병원/약국': '의료비 3,000원 이상 결제 시 최대 1,000원 청구할인 제공.', 'OTT/영화/문화': '영화 티켓 12,000원 이상 결제 시 5,000원 청구할인 제공, 전월 이용금액 40만원 이상 시 적용.', '기타 혜택(유의사항 등)': '- 보험료 결제 시 30만원당 연 10,000원 할인(최대 연 20,000원), 전월 이용금액 40만원 이상 시 제공.\n- 보험료 10,000원 이상 결제 시 월 3,000원·5,000원 할인, 전월 이용금액 40만원 이상 시 제공.'}"
마이핏카드(적립형),KB국민카드,https://d1c5n4ri2guedi.cloudfront.net/card/649/card_img/21412/649card.png,500000,"국내전용 [30,000]원 / 해외겸용 [30,000]원",신용,"{'쇼핑': '쇼핑/배달 5% 포인트리 적립 (쿠팡, G마켓, 배달의민족) - 전월 50만원 이상 이용 시 3천점, 100만원 이상 이용 시 5천점 적립.', '간편결제': '간편결제 이용 시 1.5% 포인트리 적립, 월 최대 3만점.', '기타 혜택(유의사항 등)': '편의점 및 택시 이용 시 전월 실적에 따라 최대 5천점 포인트리 적립.'}"
미래에셋 현대카드 Diamond,현대카드,https://d1c5n4ri2guedi.cloudfront.net/card/2516/card_img/28768/2516card.png,500000,"국내전용 [500,000원] / 해외겸용 [500,000원]",신용,"{'프리미엄': '- 연간 20만 스탁마일리지 스페셜 적립, 공항 라운지 무료 이용(연 10회), VISA Infinite 서비스, 국내 호텔 및 공항 무료 발레파킹 서비스 제공.', '기타 혜택(유의사항 등)': '전월 이용 금액 50만원 이상 시 업종별 5% 적립, 100만원 한도 내 초과 시 1% 적립.'}"
번개장터 삼성카드,삼성카드,https://d1c5n4ri2guedi.cloudfront.net/card/2908/card_img/44857/2908card_1.png,0,"국내전용 [20,000]원 / 해외겸용 [20,000]원",신용,"{'기타 혜택(유의사항 등)': '국내외 가맹점 1% 기본 적립, 번개장터 이용 시 2% 추가 적립(한도 있음).'}"
반려愛카드(강아지),KB국민카드,https://d1c5n4ri2guedi.cloudfront.net/card/1383/card_img/20760/1383card.png,300000,"해외겸용 [8,000]원",신용,"{'마트/편의점': '이마트, 롯데마트, 홈플러스에서 5% 청구할인, 전월 이용실적에 따라 할인한도 차등 적용.', '쇼핑': 'G마켓, 옥션, 인터파크, 11번가에서 전월 이용실적에 따라 최대 1만원 청구할인 제공.', '애완동물': '반려동물 업종 이용 시 최대 10% 청구할인 제공.'}"
모두투어 투어마일리지 KB국민카드,KB국민카드,https://d1c5n4ri2guedi.cloudfront.net/card/1381/card_img/20762/1381card.png,0,"해외겸용 [15,000]원",신용,"{'카페/디저트': '스타벅스/커피빈 10% 청구할인, 전월 이용실적 30만원 이상 시 월 20만원 한도.', 'OTT/영화/문화': '롯데월드, 에버랜드, 캐리비안베이에서 30~50% 현장할인 및 인터파크 영화예매 시 3,500원 청구 할인 제공.', '여행/숙박': '모두투어 이용 시 1,000원당 30투어마일리지 적립, 가맹점 이용 시 1,000원당 15투어마일리지 적립.', '기타 혜택(유의사항 등)': '아웃백, 빕스, TGIF에서 외식 시 10% 청구할인 제공, 전월 이용실적 30만원 이상 시 월 20만원 한도(2만원 할인한도).'}"
뱅크샐러드 빨대카드,롯데카드,https://d1c5n4ri2guedi.cloudfront.net/card/2070/card_img/21929/2070card.png,500000,"국내전용 [20,000]원 / 해외겸용 [20,000]원",신용,"{'마트/편의점': 'GS25, CU, 세븐일레븐에서 1만원 이상 결제 시 1천원 할인.', '카페/디저트': '스타벅스, 투썸플레이스, 폴바셋에서 1만원 이상 결제 시 5천원 할인.', '기타 혜택(유의사항 등)': '- 디지털 구독 서비스(넷플릭스, 유튜브, 왓챠, 멜론) 50% 할인, 배달앱(배달의민족, 요기요) 1천원 할인 제공.'}"
바디프랜드 하나카드,하나카드,https://d1c5n4ri2guedi.cloudfront.net/card/1248/card_img/21060/1248card.png,300000,"해외겸용 [12,000원]",신용,"{'마트/편의점': '대형마트 이용 시 3% 청구할인 (월 최대 5천원, 조건: 지난달 이용실적 30만원 이상).', '카페/디저트': '커피빈 이용 시 지난달 30만원 이상 실적 시 10% 청구할인 (월 최대 5천원).', '공과금/렌탈': '바디프랜드 렌탈요금 자동이체 시 월 최대 1만 3천원 청구할인 제공.', '기타 혜택(유의사항 등)': '지난달 30만원 이상 이용 시 서비스 제공, 최초 카드 사용 등록 후 다음달까지는 실적 무관.'}"
산림조합-현대카드M(청구할인형),현대카드,https://d1c5n4ri2guedi.cloudfront.net/card/2199/card_img/21813/2199card.png,0,"국내 [10,000]원 / 해외겸용 [10,000]원",신용,"{'기타 혜택(유의사항 등)': '산림조합상조 납부금액 청구 시 전월 이용금액에 따라 최대 17,000원 할인 제공.'}"
모바일101카드,KB국민카드,https://d1c5n4ri2guedi.cloudfront.net/card/122/card_img/20354/122card.png,200000,"해외겸용 [1,000]원",신용,"{'교통': '티머니 후불교통 이용 시 5% 환급할인, 전월 실적에 따라 월간 할인한도 최대 3,000원.', '통신': 'SKT, KT, LGU+ 이동통신요금 자동이체 시 최대 3,000원 청구할인 제공.', '간편결제': '삼성페이와 Kmotion 오프라인 가맹점에서 5% 청구할인, 전월 실적에 따라 월간 할인한도는 3,000원 또는 5,000원.', '기타 혜택(유의사항 등)': 'KB국민 모바일101카드는 위메프, 쿠팡, 티몬에서 5% 청구할인 제공, 전월 실적에 따라 월간 할인한도는 최대 5,000원.'}"
베베쿡 신한카드,신한카드,https://d1c5n4ri2guedi.cloudfront.net/card/2488/card_img/28422/2488card.png,500000,"국내전용 [15,000]원 / 해외겸용 [15,000]원",신용,"{'쇼핑': '일상생활 쇼핑 시 5% 할인(일 1회, 월 3회, 최대 2,500원) 및 주요 커피점, 잡화, 온라인서점에서 5% 할인(일 1회, 월 10회/5회, 최대 1,000원) 제공.', '기타 혜택(유의사항 등)': '베베쿡에서 이유식 구매 시 월 2회 10% 할인 제공, 전월 이용금액에 따라 할인 한도 차등 적용.'}"
쇼핑조아카드,NH농협카드,https://d1c5n4ri2guedi.cloudfront.net/card/507/card_img/21196/507card.png,400000,"국내전용 [13,000]원 / 해외겸용[15,000]원",신용,"{'쇼핑': '온라인/오프라인 쇼핑 5% 할인 (특정 사이트 및 매장 한정).', '간편결제': '페이 결제 시 5% 할인 (삼성페이, 네이버페이, 카카오페이, 페이코)', '기타 혜택(유의사항 등)': '전 가맹점에서 0.5% 기본할인 제공, 페이 결제 및 온/오프라인 쇼핑 할인 가맹점은 제외.'}"
부자되세요 홈쇼핑카드,BC 바로카드,https://d1c5n4ri2guedi.cloudfront.net/card/2351/card_img/24715/2351card.png,200000,"해외겸용 [5,000원]",신용,"{'쇼핑': '6대 홈쇼핑에서 결제 건당 5만원 이상, 전월 실적 20만원 이상 시 6% 할인, 월 통합 한도 30만원.', '카페/디저트': '스타벅스 등 주요 카페에서 커피 20% 청구할인, 일 1회, 월 4회, 1만원 이상 승인 시 적용.', 'OTT/영화/문화': '영화 3,000원 청구할인(월 1회, 1만원 이상 승인 시, CGV/메가박스/롯데시네마)', '기타 혜택(유의사항 등)': '- 패밀리레스토랑 10% 청구할인 (월 1회, 최대 1만원)\n- 베이커리 20% 청구할인 (일 1회, 월 4회, 1만원 이상)\n- 소셜커머스 20% 청구할인 (일 1회, 월 2회, 3만원 이상)'}"
삼성 모바일플러스카드,삼성카드,https://d1c5n4ri2guedi.cloudfront.net/card/2257/card_img/28092/2257card.png,0,"국내전용 [15,000]원 / 해외겸용 [15,000]원",신용,"{'통신': '이동통신요금 정기결제 시 10% 삼성전자 포인트 적립, 전월 이용금액에 따라 최대 10,000P까지 적립 가능.', '간편결제': '온라인 간편결제 이용 시 삼성전자 포인트 1% 적립 (적립 한도 없음).', '기타 혜택(유의사항 등)': '- 갤럭시 스토어 5% 삼성전자 포인트 적립 (전월 이용금액 30만원 이상 시 제공).\n- 삼성닷컴 10만원 이상 결제 시 10% 삼성전자 포인트 적립 (전월 이용금액 30만원 이상 시 제공).\n- 배달앱·편의점·주유 5% 삼성전자 포인트 적립 (전월 이용금액 30만원 이상 시 제공).\n- 스트리밍 정기결제 시 50% 삼성전자 포인트 적립 (전월 이용금액 30만원 이상 시 제공).'}"
부자되세요 The Oil 카드,BC 바로카드,https://d1c5n4ri2guedi.cloudfront.net/card/2501/card_img/28619/2501card.png,300000,"해외겸용 [5,000원]",신용,"{'교통': '대중교통 이용액 10% 청구할인, 월 최대 3천원 할인(버스/지하철).', '주유': 'GS칼텍스에서 리터당 최대 150원 할인(120원 기본 + 빨간날 30원 추가).', '마트/편의점': '대형마트에서 5% 청구할인(월 최대 1만원, 3만원 이상 이용 시).', '쇼핑': '온라인쇼핑 10% 청구할인, 3만원 이상 결제 시 월 최대 1만원 할인.', '카페/디저트': '커피 전문점에서 10% 청구할인 (최대 2천원, 월 4회, 연 24회).', '기타 혜택(유의사항 등)': '- 백화점 5% 청구할인(월 최대 1만원, 5만원 이상 승인 시) 및 패밀리레스토랑 20% 청구할인(월 최대 1만원, 연 6회) 제공, 삼성화재 Travel Master 보험 서비스 무료 제공.'}"
삼성페이 롯데카드,롯데카드,https://d1c5n4ri2guedi.cloudfront.net/card/2071/card_img/21928/2071card.jpg,300000,"국내전용 [5,000]원",신용,"{'쇼핑': '롯데백화점 5% 할인 e-쿠폰, 무료 주차권, 롯데ON 5% 할인 및 무이자 할부, 면세점 5~10% 할인, 롯데마트 및 롯데슈퍼 2~3개월 무이자 할부, 토이저러스 2~3개월 무이자 할부, 소액무서명 결제 서비스 제공.', '푸드': '삼성페이 롯데카드로 외식업종 제휴사에서 지난달 이용실적에 따라 최대 20% 할인 혜택 제공.', '기타 혜택(유의사항 등)': '삼성페이 롯데카드로 결제 시, 이용실적에 따라 최대 20% 청구할인 제공.'}"
삼성라이온즈카드,삼성카드,https://d1c5n4ri2guedi.cloudfront.net/card/2955/card_img/47579/2955card_1.png,300000,"국내전용 [20,000]원 / 해외겸용 [20,000]원",신용,"{'교통': '대중교통 및 택시 이용 시 10% 결제일 할인, 월 할인한도 5,000원.', '프리미엄': '특수 소재 카드 신청 시 발급수수료 10,000원이 청구되며, 일반 카드와 동시에 이용할 수 없음.', '여행/숙박': '여행 플랫폼에서 결제 시 5% 할인, 전월 이용금액에 따라 최대 10,000원 할인 제공.', '기타 혜택(유의사항 등)': '삼성라이온즈 홈경기 입장권 및 팀스토어 50% 할인, 대구삼성라이온즈파크 식음매장 10% 할인, 커피전문점 및 편의점 10% 할인, 철도 5% 할인, 온라인쇼핑몰 및 배달앱 5% 할인 혜택 제공.'}"
신세계 BC 바로 리워드 플러스,BC 바로카드,https://d1c5n4ri2guedi.cloudfront.net/card/2382/card_img/25484/2382card.png,300000,"국내전용 [10,000]원 / 해외겸용 [10,000]원",신용,"{'프리미엄': 'VISA Platinum 서비스 제공, 해외겸용 카드의 경우 기본 서비스만 제공.', '기타 혜택(유의사항 등)': '페이북머니 최대 1.5% 기본 적립 및 카테고리별 최대 30% 특별 적립 제공.'}"
쇼핑앤조이 카드,IBK기업은행,https://d1c5n4ri2guedi.cloudfront.net/card/274/card_img/20496/274card.png,300000,"해외겸용 [10,000]원",신용,"{'교통': '후불교통(버스, 지하철), 택시 이용 시 5% 청구 할인 제공.', '통신': '이동통신요금 자동이체 시 5% 청구할인 제공.', '쇼핑': '온라인 쇼핑 시 2만원 이상 결제 시 5천원 청구할인, 해외 쇼핑 시 USD 10 이상 결제 시 5% 청구할인(최대 5천원).', '카페/디저트': '스타벅스 사이렌오더로 4천원 이상 주문 시 2천원 청구할인.', '기타 혜택(유의사항 등)': 'IBK기업은행 입출식 통장 이용 시 전자금융 이체수수료, 타행 ATM 출금수수료(월 10회), 당행 ATM/CD기 이체수수료 면제 및 환전 시 환율 70% 우대 혜택 제공.'}"
신세계 The BLOSSOM 신한카드,신한카드,https://d1c5n4ri2guedi.cloudfront.net/card/2495/card_img/28545/2495card.png,500000,"국내전용 [45,000원] / 해외겸용 [48,000원]",신용,"{'쇼핑': '신세계 계열사에서 전월 실적에 따라 최대 5% 할인 제공.', '프리미엄': '국제브랜드사 서비스에 대한 상세 안내는 각 브랜드사 홈페이지를 참조해야 합니다.', '기타 혜택(유의사항 등)': '신세계백화점에서 최대 7% 결제일 할인과 마이신한포인트 1% 적립 혜택 제공.'}"
수소차 충전할인 신한카드,신한카드,https://d1c5n4ri2guedi.cloudfront.net/card/2480/card_img/28407/2480card.png,300000,"국내전용 [20,000]원 / 해외겸용 [23,000]원",신용,"{'마트/편의점': '주요 할인점과 편의점에서 전월 30만원 이상 이용 시 각각 5% 결제일 할인 제공.', '자동차/하이패스': '주차장 및 자동차SVC 업종에서 전월 30만원 이상 이용 시 10% 결제일 할인 제공.', '기타 혜택(유의사항 등)': '수소차 충전요금 10% 할인(전월 이용금액에 따라 최대 3만원 한도) 및 배달앱 5% 할인(월 5천원 한도, 전월 이용금액 30만원 이상 시 적용).'}"
신세계 더 마일리지 삼성카드 (스카이패스),삼성카드,https://d1c5n4ri2guedi.cloudfront.net/card/2398/card_img/28099/2398card.png,500000,"국내전용 [45,000]원 / 해외겸용 [45,000]원",신용,"{'쇼핑': '신세계백화점·신세계면세점에서 1,500원당 스카이패스 1 마일리지 추가 적립, 전월 이용금액 50만원 이상 시 제공.', '프리미엄': 'Mastercard PLATINUM 등급 회원에게 제공되는 제휴사 서비스.', '기타 혜택(유의사항 등)': '국내외 가맹점에서 1,500원당 스카이패스 1마일리지 적립, 전월 이용금액 50만원 이상 시 제공.'}"
신세계면세점 SSG카드,SSGPAY. CARD,https://d1c5n4ri2guedi.cloudfront.net/card/500/card_img/21189/500card.png,0,"국내전용[108,000원] / 해외겸용 [110,000]원",신용,"{'공항라운지/PP': '공항라운지 서비스(연 3회)와 인천공항 및 국내 특급호텔 무료 발레파킹(월 1회) 제공.', '기타 혜택(유의사항 등)': '모든 가맹점에서 해외 결제 1.2%, SSGPAY 결제 1.2%, 기타 결제 0.8% 적립 또는 청구할인 가능.'}"
세븐일레븐 멤버쉽롯데카드,롯데카드,https://d1c5n4ri2guedi.cloudfront.net/card/2139/card_img/21873/2139card.png,0,"국내전용 [5,000]원",신용,"{'주유': 'SK주유소에서 주유 시 리터당 50원 적립, 일 30만원, 월 100만원까지 한도.', '마트/편의점': '세븐일레븐 멤버쉽 롯데카드로 결제 시 10% 할인 (조건: 최근 3개월 30만원 이상 이용 실적).', '쇼핑': '롯데백화점 5% 할인 e-쿠폰, 무료 주차권, 롯데ON 5% 할인 및 무이자 할부, 면세점 5~10% 할인, 롯데마트 및 롯데슈퍼 2~3개월 무이자 할부, 토이저러스 2~3개월 무이자 할부, 소액무서명 결제 서비스 제공.', '푸드': '- 보네스뻬 및 보네스뻬브레드 10% 할인, T.G.I.F 상시 10% 할인 제공.', '여행/숙박': '해외항공권, 여행상품, 호텔에서 1~7% 할인 및 3개월 무이자 할부 혜택 제공.', '기타 혜택(유의사항 등)': '- 2차년도부터 전년도 실적에 따라 기본 연회비 면제, 박준뷰티랩 20% 할인, 박승철 헤어스투디오 15% 할인, 롯데월드 등 테마파크 50% 할인, 공연 10~30% 할인, 0.2% 멤버십 포인트 적립.'}"
신한 햇살론카드,신한카드,https://d1c5n4ri2guedi.cloudfront.net/card/2481/card_img/28406/2481card.png,300000,"국내전용 [5,000]원",신용,"{'쇼핑': '- 생활쇼핑 가맹점에서 7% 결제일 할인, 주말 복합쇼핑몰 및 3대 할인점에서 10% 결제일 할인 제공.', '카페/디저트': '커피전문점/제과점에서 10% 할인, 월 최대 3회 적용.', '기타 혜택(유의사항 등)': '신한 햇살론카드는 전월 이용금액에 따라 최대 2만 원의 통합할인한도를 제공하며, 특정 거래는 할인 서비스에서 제외됩니다.'}"
신한카드 Deep Once,신한카드,https://d1c5n4ri2guedi.cloudfront.net/card/536/card_img/21235/536card.png,400000,"국내전용 [20,000]원 / 해외겸용 [23,000]원",신용,"{'공과금/렌탈': '렌탈 서비스 이용 시 최대 7,000포인트, 공과금 자동이체 이용 시 최대 6,000포인트 적립 가능.', '기타 혜택(유의사항 등)': '디지털 구독 서비스 정기결제 시 건별 최대 6,000포인트, 월 최대 3건 적립 가능.'}"
신한라이프 THE PRIDE 신한카드,신한카드,https://d1c5n4ri2guedi.cloudfront.net/card/2606/card_img/31231/2606card.png,0,"국내전용 [15,000원] / 해외겸용 [18,000원]",신용,"{'뷰티/피트니스': '스포츠 및 헬스 업종 이용 시 월간 통합 할인한도 이내 결제금액 7% 할인.', '병원/약국': 'GC헬스케어 Basic 서비스와 의료 업종 이용 시 7% 할인 혜택 제공.', '기타 혜택(유의사항 등)': ""신한라이프 'The Pride' 전용보험 가입 시 2회차 보험료부터 5% 할인 혜택 제공.""}"
신한카드 Globus,신한카드,https://d1c5n4ri2guedi.cloudfront.net/card/2532/card_img/29208/2532card.png,0,"국내전용 [22,000]원 / 해외겸용 [25,000]원",신용,"{'프리미엄': '국내 브랜드사 서비스에 대한 상세 안내는 각 브랜드사별 홈페이지를 참조해야 하며, 제공 내용이 상이할 수 있습니다.', '기타 혜택(유의사항 등)': '해외 수수료 1% 및 0.18% 할인, 국내 이용금액 0.7%, 해외 이용금액 1.7% 적립.'}"
신한카드 Deep Once Plus,신한카드,https://d1c5n4ri2guedi.cloudfront.net/card/537/card_img/21236/537card.png,400000,"국내전용 [27,000]원 / 해외겸용 [30,000]원",신용,"{'공과금/렌탈': '렌탈 서비스 이용 시 자동이체 건별 최대 7,000포인트, 월 최대 5건 적립; 공과금 자동이체 이용 시 건별 최대 6,000포인트, 월 최대 3건 적립.', '기타 혜택(유의사항 등)': '신한카드 Deep Once Plus로 디지털 구독 서비스 정기결제 시 최대 6,000포인트 적립, 생활 서비스 이용 시 커피와 편의점에서 각각 3,000포인트 적립.'}"
신한카드 YaY,신한카드,https://d1c5n4ri2guedi.cloudfront.net/card/613/card_img/21380/613card.gif,500000,"국내전용 [23,000]원 / 해외겸용 [26,000]원",신용,"{'쇼핑': '온라인쇼핑몰에서 5만원 이상 결제 시 최대 12,500포인트 적립, 월 5회 제공.', '기타 혜택(유의사항 등)': '- OTT 30% 포인트 적립(월 5천 포인트 한도), 밀딜리버리 기본 15% 포인트 적립(월 1만 포인트 한도), 추가 15% 적립 가능.'}"
신세계 아울렛 BENEFIT 삼성카드,삼성카드,https://d1c5n4ri2guedi.cloudfront.net/card/2279/card_img/28094/2279card.png,400000,"국내전용 [20,000]원 / 해외겸용 [20,000]원",신용,"{'마트/편의점': '마트, 편의점에서 결제 시 전월 이용금액에 따라 최대 7% 할인 제공.', '카페/디저트': '커피전문점 및 제과점에서 10% 결제일 할인 제공, 전월 이용금액 40만원 이상 시 월 최대 10,000원 한도.', '간편결제': '온라인 간편결제 이용 시 1% 결제일 할인 제공.', '해외': '해외 가맹점 및 직접구매 시 전월 이용금액 관계없이 1.5% 결제일 할인, 월 할인한도 50만원.', '기타 혜택(유의사항 등)': '- 신세계사이먼 프리미엄 아울렛에서 전월 이용금액에 따라 최대 50,000원까지 10% 결제일할인 제공.\n- 배달앱(배달의민족, 요기요)에서 전월 이용금액 40만원 이상 시 10% 결제일할인, 월 할인한도 10,000원.\n- 신세계백화점 제휴 서비스로 신세계포인트 적립 가능.'}"
신한카드 플리,신한카드,https://d1c5n4ri2guedi.cloudfront.net/card/2371/card_img/31359/2371card_2.png,0,"국내전용 [15,000원] / 해외겸용 [18,000원]",신용,"{'기타 혜택(유의사항 등)': '국내 이용금액 최대 0.9% 할인, 해외 이용금액 0.5% 할인, 매주 할인 쿠폰 제공, My Pick 가맹점 이용 시 포인트 적립.'}"
신한카드 봄,신한카드,https://d1c5n4ri2guedi.cloudfront.net/card/2511/card_img/28736/2511card.png,0,"국내전용 [17,000원] / 해외겸용 [20,000원]",신용,"{'교통': '버스/지하철 후불교통 이용 시, 전월 이용금액에 따라 일 100원 또는 200원 캐시백 제공.', '기타 혜택(유의사항 등)': '신한카드 봄(신용)은 전월 이용금액에 따라 최대 0.5% 캐시백과 분기 및 연 추가 캐시백을 제공하며, 디지털 구독 서비스 이용 시 월 최대 1만원 캐시백이 가능합니다.'}"
신한카드 Lesson Platinum#,신한카드,https://d1c5n4ri2guedi.cloudfront.net/card/38/card_img/20119/38card.jpg,300000,"해외겸용 [27,000]원",신용,"{'OTT/영화/문화': '문화센터에서 수영장, 스포츠센터, 볼링장, 테니스장 결제 시 5% 할인 제공, 전월 이용금액에 따라 통합할인 한도 최대 50,000원.', '프리미엄': '신한카드 플래티늄#은 1일 무료주차, 공항 무료 커피 및 레스토랑 할인, 발렛파킹 서비스, 주요 패션/요식 거리 이용금액 2% 적립 혜택을 제공합니다.', '기타 혜택(유의사항 등)': '전국 학원 및 도서 업종에서 결제 시 5% 할인 제공, 생활친화 가맹점 및 기타 가맹점에서 일정 금액 이상 결제 시 잔돈 할인 서비스 제공.'}"
신한카드 봄(도구리),신한카드,https://d1c5n4ri2guedi.cloudfront.net/card/2596/card_img/31068/2596card.png,0,"국내전용 [17,000원] / 해외겸용 [20,000원]",신용,"{'교통': '버스/지하철 후불교통 이용 시, 전월 이용금액에 따라 일 100원 또는 200원의 캐시백 제공.', '기타 혜택(유의사항 등)': '신한카드 봄(신용)은 국내외 이용금액에 대해 최대 0.5% 캐시백을 제공하며, 디지털 구독 서비스 이용 시 월 최대 1만원 캐시백이 가능합니다.'}"
신한카드 알뜰More(알뜰모아),신한카드,https://d1c5n4ri2guedi.cloudfront.net/card/2467/card_img/28181/2467card.png,400000,"국내전용 [20,000]원 / 해외겸용 [23,000]원",신용,"{'통신': '신한카드 알뜰More로 알뜰폰 통신요금 자동이체 시, 전월 이용금액에 따라 월 최대 1만 5천원 할인.', '기타 혜택(유의사항 등)': '신한카드 알뜰More는 전월 이용금액에 따라 다양한 혜택을 제공하며, 신규 발급 회원은 첫 달에 특별 조건이 적용됩니다.'}"
신한카드 The Premium Pet,신한카드,https://d1c5n4ri2guedi.cloudfront.net/card/2748/card_img/36836/2748card.png,400000,"국내전용 [200,000]원 / 해외겸용 [203,000]원",신용,"{'쇼핑': '펫 온라인몰 30% 할인 및 일반 온라인 쇼핑몰 10% 할인, 전월 이용금액에 따라 할인한도 적용.', '병원/약국': '전국 동물병원에서 30% 할인, 전월 이용금액에 따라 할인한도 적용.', '애완동물': '반려동물 등록, 돌봄, 장례 서비스 이용 시 각각 20% 및 10% 결제일 할인 제공.', '공항라운지/PP': '신한카드 The Premium PET 소지자는 The Lounge 앱을 통해 연 2회 공항 라운지를 무료 이용할 수 있습니다.', '기타 혜택(유의사항 등)': '동물병원 및 펫 전용몰 할인한도를 10% 단위로 연간 2회 변경 가능하며, 다양한 펫 관련 할인 및 무료 서비스 제공.'}"
아모레퍼시픽 신한카드,신한카드,https://d1c5n4ri2guedi.cloudfront.net/card/753/card_img/22227/753card.png,300000,"국내전용 [17,000]원 / 해외겸용 [20,000]원",신용,"{'쇼핑': '특별가맹점 이용 시 뷰티포인트 5% 적립, 전월 이용금액에 따라 적립 한도 차등 적용.', '기타 혜택(유의사항 등)': '아모레퍼시픽 가맹점 이용 시 결제금액의 12%를 뷰티포인트로 적립하며, 월 최대 24,000포인트까지 적립 가능.'}"
알파원카드,KB국민카드,https://d1c5n4ri2guedi.cloudfront.net/card/426/card_img/20924/426card.png,0,국내전용 [없음] / 해외겸용 [없음],신용,"{'간편결제': '알파원카드는 모든 카드 사용이 가능한 All-in-One 카드로, 모바일 단독카드 연결 시 저렴한 연회비로 동일한 혜택을 제공하며, 교통카드 및 해외카드 설정이 가능합니다.', '기타 혜택(유의사항 등)': '알파원카드는 KB국민 신용/체크카드 회원에게 발급되며, 주요 제휴사에서 현장할인 및 멤버십 서비스를 제공합니다.'}"
아이파킹 크레딧 카,우리카드,https://d1c5n4ri2guedi.cloudfront.net/card/595/card_img/21362/595card.png,300000,"국내전용 [15,000]원 / 해외겸용 [18,000]원",신용,"{'주유': '전월실적 30만원 이상 시, 全 주유소 및 LPG 충전소에서 리터당 100원 청구할인 (월 5회, 1회 10만원 한도).', '자동차/하이패스': 'i PARKING 주차비 결제 시, 전월실적 30만원 이상 시 회당 최대 1만원 청구할인 제공.', '기타 혜택(유의사항 등)': '전월 실적에 따라 통합 월 할인한도가 달라지는 카드 혜택.'}"
엘포인트카드(비씨),NH농협카드,https://d1c5n4ri2guedi.cloudfront.net/card/1944/card_img/22054/1944card.png,500000,"해외겸용 [15,000]원",신용,"{'마트/편의점': '농협하나로 클럽·마트에서 3% 청구할인(월 한도 1만원, 전월실적 50만원 이상 시).', '기타 혜택(유의사항 등)': '롯데 쇼핑계열 가맹점에서 3% L.POINT 적립, 생활편의업종에서 1% 적립, 주요 놀이공원 할인 혜택 제공.'}"
엠베스트 엘리하이 삼성카드,삼성카드,https://d1c5n4ri2guedi.cloudfront.net/card/2571/card_img/29953/2571card.png,300000,"국내전용 [15,000원] / 해외겸용 [15,000원]",신용,"{'기타 혜택(유의사항 등)': '- 메가스터디교육 결제 시 최대 12,000원 할인 제공.\n- 생활요금 정기결제 시 월 최대 3,000원 할인 제공.'}"
언택트 L 하나카드,하나카드,https://d1c5n4ri2guedi.cloudfront.net/card/728/card_img/22202/728card.png,300000,"국내전용 [10,000]원 / 해외겸용 [10,000]원",신용,"{'교통': '대중교통 이용 시 최대 10% 할인, 택시 이용 시 5% 할인.', '쇼핑': '온라인쇼핑 및 홈쇼핑에서 5% 할인 제공.', '간편결제': '간편결제 시 최대 10% 할인 제공.', '기타 혜택(유의사항 등)': '배달의 민족과 요기요에서 배달앱 이용 시 5% 할인 혜택 제공.'}"
에듀플러스카드,광주은행,https://d1c5n4ri2guedi.cloudfront.net/card/2841/card_img/41668/2841card.png,300000,"국내전용 [14,000]원 / 해외겸용 [15,000]원",신용,"{'카페/디저트': '커피 20대 브랜드에서 10% 캐시백, 월 최대 5천원, 전월실적 30만원 이상 필요.', 'OTT/영화/문화': '영화 및 OTT 가맹점에서 10% 캐시백, 월 최대 5천원 제공 (전월실적 30만원 이상 시).', '기타 혜택(유의사항 등)': '학원 업종 20% 캐시백, 학습지 12대 브랜드 20% 캐시백, 대형서점·온라인서점·전자북 10% 캐시백, 온라인교육·EBS 교재 10% 캐시백 제공, 전월실적 30만원 이상 시 혜택.'}"
올바른 POINT UP+ 카드,NH농협카드,https://d1c5n4ri2guedi.cloudfront.net/card/513/card_img/21199/513card.png,400000,"해외겸용 [23,000]원",신용,"{'기타 혜택(유의사항 등)': '모든 가맹점에서 기본 0.7% 적립에 하나로가족고객은 최대 1%까지 추가 적립 가능하며, 생활영역에서 0.7%~1.2% 추가 적립, 전자금융 수수료는 월 10회 면제됩니다.'}"
올레 Super DC 대구은행카드,iM뱅크,https://d1c5n4ri2guedi.cloudfront.net/card/838/card_img/21704/838card.png,300000,"해외겸용 [8,000]원",신용,"{'카페/디저트': '슬립리스인시애틀에서 전월 실적 30만원 이상 시 10% 청구할인 제공.', '기타 혜택(유의사항 등)': 'KT 통신료 월 7천원 ~ 1만5천원 청구 할인, 연간 1,500만원 이상 사용 시 3만원 캐시백, 후불교통카드 이용금액 0.5% TOP포인트 적립.'}"
올바른SAFE카드,NH농협카드,https://d1c5n4ri2guedi.cloudfront.net/card/1758/card_img/22355/1758card.png,0,"국내전용 [12,000]원 / 해외겸용 [12,000]원",신용,"{'기타 혜택(유의사항 등)': '국내/해외 이용 시 기본 0.7% 적립, 온라인/오프라인 쇼핑 시 추가 0.5% 적립(전월실적 40만원 이상 시 월 3만 포인트 한도).'}"
신협-신한카드 Shopping,신협,https://d1c5n4ri2guedi.cloudfront.net/card/1586/card_img/22631/1586card.png,500000,"해외겸용 [20,000]원",신용,"{'주유': '주유소 리터당 60원 할인(일 1회, 월 5회) 및 생활 할인 서비스(전월 실적에 따라 최대 2만원).', '쇼핑': '오프라인 쇼핑에서 백화점, 아울렛, 마트, 창고형 할인매장 각각 10% 할인, 온라인 쇼핑에서 홈쇼핑과 소셜커머스 각각 10% 할인 제공.', '푸드': '제휴 음식점에서 10% 할인(일 1회, 월 2회, 최대 5천원 할인).', '카페/디저트': '커피 업종 10% 할인 (일 1회, 월 10회, 최대 1천원 할인 적용).', '해외': '해외 이용금액 5% 캐시백(최대 5만원) 제공, 연간 1천만원 이상 이용 시.', '기타 혜택(유의사항 등)': '다이소와 올리브영 10% 할인(일 1회, 월 5회), 온라인 서점 10% 할인(일 1회, 월 5회) 제공.'}"
오일모아카드,광주은행,https://d1c5n4ri2guedi.cloudfront.net/card/2840/card_img/41667/2840card.png,300000,"국내전용 [14,000]원 / 해외겸용 [15,000]원",신용,"{'주유': '주유소에서 리터당 80원~120원 캐시백 제공, 전월실적에 따라 차등 적용.', '카페/디저트': '커피 20대 브랜드에서 10% 캐시백, 월 최대 5천원, 전월실적 30만원 이상 시 제공.', 'OTT/영화/문화': '영화 가맹점에서 10% 캐시백, 월 최대 5천원 혜택 제공.', '기타 혜택(유의사항 등)': '자동차 정비 가맹점에서 건당 5천원 캐시백, OTT 가맹점에서 10% 캐시백 제공.'}"
올바른OIL카드,NH농협카드,https://d1c5n4ri2guedi.cloudfront.net/card/188/card_img/20406/188card.png,300000,"해외겸용 [15,000]원",신용,"{'주유': 'GS칼텍스 및 농협주유소에서 전월실적에 따라 리터당 100원~150원 청구할인 제공, 카카오드라이버 자동결제 이용 시 NH포인트 적립 가능.', '기타 혜택(유의사항 등)': '오토오아시스에서 차량 경정비 시 다양한 할인 혜택 제공.'}"
올바른 GIVE 카드,NH농협카드,https://d1c5n4ri2guedi.cloudfront.net/card/562/card_img/21267/562card.png,0,"국내전용 [23,000]원 / 해외겸용 [25,000]원",신용,"{'통신': '이동통신요금 자동납부 시 월 1회 2천원 청구할인 (전월실적 40만원 이상 시, 알뜰폰 제외).', '병원/약국': '종합건강검진비 2만원 청구할인(연 1회, 전월실적 40만원 이상 시).', '프리미엄': 'Mastercard 프리미엄 서비스 제공.', '기타 혜택(유의사항 등)': '- 전가맹점에서 0.8% 러브포인트 적립 및 5대 업종 5% 청구할인 제공, 주요 놀이공원 할인 혜택 포함.'}"
요기패스 신용카드,KB국민카드,https://d1c5n4ri2guedi.cloudfront.net/card/2277/card_img/20689/2277card.png,300000,"국내전용 [15,000]원 / 해외겸용 [15,000]원",신용,"{'기타 혜택(유의사항 등)': '요기패스 멤버십 청구할인 9,900원 및 구독서비스 청구할인 10% 제공, 생활업종 청구할인 5% 적용.'}"
웅진씽크빅 카드,KB국민카드,https://d1c5n4ri2guedi.cloudfront.net/card/1446/card_img/20628/1446card.png,300000,"국내전용 [15,000]원 / 해외겸용 [15,000]원",신용,{'기타 혜택(유의사항 등)': '웅진씽크빅 요금 자동납부 시 전월 실적에 따라 월 최대 1만 7천원 할인 제공.'}
아모레퍼시픽 IBK카드,IBK기업은행,https://d1c5n4ri2guedi.cloudfront.net/card/270/card_img/20493/270card.png,500000,"해외겸용 [10,000]원",신용,"{'교통': '버스, 지하철 이용 시 건당 200원 청구 할인 (월 최대 2천원).', '주유': '전 주유소 리터당 60원 청구할인, 월 2회, 회당 10만원 한도.', '마트/편의점': '편의점: GS25, CU, 세븐일레븐 10% 청구할인, 월 2회, 1회 1만원 한도.  \n대형마트: 이마트, 홈플러스, 롯데마트 5% 청구할인, 월 1회, 1회 10만원 한도.', '카페/디저트': '주요 커피전문점에서 20% 청구할인, 월 2회, 1회 2만원 한도.', 'OTT/영화/문화': 'CGV, 롯데시네마, 메가박스에서 월 1회, 연 12회 1만원 청구할인 제공.', '기타 혜택(유의사항 등)': '- 아모레퍼시픽 10% 청구할인 및 뷰티포인트 적립, 올리브영 10% 청구할인, 주요 놀이공원 할인 제공.'}"
요기요 삼성카드,삼성카드,https://d1c5n4ri2guedi.cloudfront.net/card/691/card_img/27717/691card.png,0,"국내전용 [10,000]원 / 해외겸용 [10,000]원",신용,"{'기타 혜택(유의사항 등)': '- 요기요 10% 할인: 전월 30만원 이상 이용 시 최대 20,000원 할인.\n- 요기요 1% 할인: 전월 30만원 미만 이용 시 최대 5,000원 할인.\n- 커피전문점·편의점·생활잡화 5% 할인: 전월 30만원 이상 이용 시 최대 10,000원 할인.\n- 스트리밍 이용료 10% 할인: 전월 30만원 이상 이용 시 최대 3,000원 할인.'}"
위버스 신한카드(BTS),신한카드,https://d1c5n4ri2guedi.cloudfront.net/card/2240/card_img/20944/2240card.png,300000,"국내전용 [35,000]원 / 해외겸용 [35,000]원",신용,"{'기타 혜택(유의사항 등)': 'Weverse Shop 이용 시 4% 캐시 적립, 생활영역 10% 캐시 적립, HYBE INSIGHT 50% 할인 및 연 1회 공식상품 제공.'}"
위버스 신한카드(SEVENTEEN),신한카드,https://d1c5n4ri2guedi.cloudfront.net/card/2249/card_img/20999/2249card.png,300000,"국내전용 [35,000]원 / 해외겸용 [35,000]원",신용,"{'기타 혜택(유의사항 등)': 'Weverse Shop 이용 시 4% 캐시 적립, 생활영역 10% 캐시 적립, HYBE INSIGHT 50% 할인 및 연 1회 공식상품 제공.'}"
원스토어 1 하나카드,하나카드,https://d1c5n4ri2guedi.cloudfront.net/card/2301/card_img/23131/2301card.png,300000,"국내전용 [12,000]원 / 해외겸용 [15,000]원",신용,"{'공항라운지/PP': 'ONEpay로 결제 시 ONEstore에서 2% 할인.', '기타 혜택(유의사항 등)': 'PC게임방과 배달앱에서 각각 5% 할인, 월 할인한도는 10,000원.'}"
위버스 신한카드(TXT),신한카드,https://d1c5n4ri2guedi.cloudfront.net/card/2250/card_img/21000/2250card.png,300000,"국내전용 [35,000]원 / 해외겸용 [35,000]원",신용,"{'기타 혜택(유의사항 등)': 'Weverse Shop 이용 시 4% 캐시 적립, 생활영역 10% 캐시 적립, HYBE INSIGHT 50% 할인 및 연 1회 공식상품 제공.'}"
위 레아카드(스카이패스),NH농협카드,https://d1c5n4ri2guedi.cloudfront.net/card/563/card_img/21270/563card.png,500000,"해외겸용 [330,000]원",신용,"{'공항라운지/PP': '전세계 공항 라운지 무료 이용, 통합 일 2회, 연 10회 제공 (전월 실적 30만원 이상 시).', '프리미엄': '인천 공항 및 국내 호텔 발레파킹 무료, 메가박스 콤보 세트 무료 제공.', '기타 혜택(유의사항 등)': '대한항공 카드로 국내 1마일, 해외 2마일 적립 가능하며, 특별 가맹점 이용 시 추가 적립 혜택이 있습니다.'}"
이마트 e카드 Basic,현대카드,https://d1c5n4ri2guedi.cloudfront.net/card/2777/card_img/38199/2776card.png,500000,"국내전용 [20,000]원 / 해외겸용 [20,000]원",신용,"{'기타 혜택(유의사항 등)': '전월 이용 금액 50만원 이상 시 국내외 가맹점 0.5%, 이마트 7대 가맹점 1.5% 신세계포인트 적립.'}"
올바른지구 카드,NH농협카드,https://d1c5n4ri2guedi.cloudfront.net/card/2336/card_img/24298/2336card.png,400000,"국내전용 [13,000원] / 해외겸용 [15,000원]",신용,"{'교통': '대중교통 이용 시 7% 청구할인, 통합 월 할인한도는 1만원(40~80만원) 또는 2만원(80만원 이상).', '통신': '이동통신요금 5% 청구할인(월 1건, SKT, KT, LGU+ 자동납부) 및 생활서비스 통합 월 할인한도(40만원 이상 80만원 미만: 5천원, 80만원 이상: 1만원).', '쇼핑': '오픈마켓 및 배달앱에서 5% 청구할인 제공, 생활서비스 통합 월 할인한도는 5천원(40-80만원) 또는 1만원(80만원 이상).', '기타 혜택(유의사항 등)': '공유모빌리티와 전기차 충전 시 7% 청구할인, 스포츠/H&B매장 5% 청구할인 제공.'}"
위 테라카드(스카이패스),NH농협카드,https://d1c5n4ri2guedi.cloudfront.net/card/565/card_img/21272/565card.png,500000,"해외겸용 [530,000]원",신용,"{'카페/디저트': '전세계 스타벅스 이용 시 월 1회 4천원 청구할인 제공.', '공항라운지/PP': '전세계 공항 라운지를 연 10회, 일 2회 무료 이용 가능 (전월 실적 30만원 이상 시).', '프리미엄': '인천, 김포, 김해 공항 및 국내 호텔에서 발레파킹 무료 이용 혜택 제공.', '기타 혜택(유의사항 등)': '대한항공 카드로 국내 1마일, 해외 2마일 적립하며, 주말에는 추가 적립 혜택이 있습니다.'}"
일년의 설렘카드(모바일전용),IBK기업은행,https://d1c5n4ri2guedi.cloudfront.net/card/864/card_img/21678/864card.png,0,"국내전용 [5,000]원 / 해외겸용 [5,000]원",신용,{'기타 혜택(유의사항 등)': '연간 이용금액에 따라 최대 70만원 캐시백 제공.'}
일년의 설렘카드,IBK기업은행,https://d1c5n4ri2guedi.cloudfront.net/card/271/card_img/23585/271card.png,500000,"해외겸용 [10,000]원",신용,"{'기타 혜택(유의사항 등)': '연간 이용금액에 따라 최대 70만원의 정액캐시백 지급, 주요 놀이공원 무료입장 및 할인 혜택 제공.'}"
이마트 e카드 Edition2,현대카드,https://d1c5n4ri2guedi.cloudfront.net/card/789/card_img/21753/789card.png,0,"국내전용 [20,000]원 / 해외겸용 [20,000]원",신용,"{'마트/편의점': '이마트 7대 가맹점 및 생활편의영역 결제 시 이용금액에 따라 0.1~5% 적립.', '기타 혜택(유의사항 등)': '이마트 7대 가맹점 및 생활편의영역 결제 시 0.1~5% 적립, 기타 가맹점 결제 시 0.1~0.5% 적립.'}"
이마트에브리데이 SSG카드,SSGPAY. CARD,https://d1c5n4ri2guedi.cloudfront.net/card/501/card_img/21190/501card.png,0,"국내전용[9,000원] / 해외겸용 [10,000]원",신용,"{'기타 혜택(유의사항 등)': 'SSGPAY 결제 시 1.5%, 그 외 결제 시 1.0%의 SSG MONEY 적립 혜택 제공.'}"
위비 알뜰주유소 할인카드,우리카드,https://d1c5n4ri2guedi.cloudfront.net/card/916/card_img/21628/916card.png,300000,"국내전용 [12,000원] / 해외겸용 [12,000원]",신용,"{'주유': '전월 실적에 따라 알뜰주유소에서 리터당 80원~100원 청구할인 제공.', '푸드': '치킨·피자 10% 청구할인(월 1회, 연 6회, 건당 2천원 한도).', '카페/디저트': '커피전문점에서 월 1회, 연 12회 10% 청구할인 제공.', 'OTT/영화/문화': '전국 영화관 12,000원 이상 결제 시 3,000원 청구할인.', '기타 혜택(유의사항 등)': '카드 이용 시 포인트, 마일리지 및 할인 혜택 제공, 전월 실적 기준으로 서비스 적용.'}"
이디야 하나카드,하나카드,https://d1c5n4ri2guedi.cloudfront.net/card/2466/card_img/28184/2466card.png,300000,"해외겸용 [15,000]원",신용,"{'교통': '교통 5% 청구할인(버스, 지하철, 택시) 제공, 지난달 이용금액 30만원 이상 시 최대 5천원 할인.', '카페/디저트': '- 이디야 멤버스 음료쿠폰은 1차년도에 매월 제공되며, 2차년도부터는 원큐페이로 120만원 이상 이용 시 매월 제공된다.\n- 이디야커피에서 원큐페이 결제 시 10만원 미만 이용 시 5천원, 10만원 이상 이용 시 1만원 할인된다.', '기타 혜택(유의사항 등)': '디지털 구독 서비스에서 30만원 이상 이용 시 넷플릭스, 유튜브 프리미엄 등에서 30% 청구할인 제공.'}"
제주항공 Refresh Point 카드,IBK기업은행,https://d1c5n4ri2guedi.cloudfront.net/card/275/card_img/20497/275card.png,0,"해외겸용 [20,000]원 / 해외겸용 [22,000]원",신용,"{'공항라운지/PP': 'UnionPay 및 Mastercard 플래티늄 카드로 국내 공항라운지 무료 이용(연 2회) 및 인천/김포공항 발렛파킹 서비스 제공(연 2회), 전월 실적 30만원 이상 충족 시 이용 가능.', '기타 혜택(유의사항 등)': '제주항공 포인트 적립 제도로 항공권 구매 및 다양한 서비스에 사용 가능하며, 국내외 가맹점 이용 시 적립률이 다름.'}"
용인시민카드(신용),IBK기업은행,https://d1c5n4ri2guedi.cloudfront.net/card/931/card_img/33922/931card.png,300000,"국내전용 [5,000]원 / 해외겸용 [7,000]원",신용,"{'교통': '용인시 대중교통(버스, 지하철) 3% 할인, 월 1,500원 한도.', '주유': '전 주유소 리터당 60원 할인, 1일 1회, 월 2회, 1회 주유금액 10만원 한도.', '쇼핑': '이마트, 홈플러스, 롯데마트, 농협하나로클럽 5% 할인(월 1회, 10만원 한도) 및 쿠팡, 티몬, 위메프 20% 할인(월 2회, 2만원 한도).', '푸드': '아웃백, 빕스 등에서 20% 할인(월 1회, 10만원 한도), 전월 150만원 이상 시 2회 제공; 불고기브라더스 20% 현장할인(월 1회, 10만원 한도, 최대 2만원 추가할인).', '카페/디저트': '주요 커피전문점 20% 할인 (1일 1회, 월 2회, 1회 2만원 한도).', 'OTT/영화/문화': 'CGV와 롯데시네마에서 월 1회, 연 6회 4천원 할인 제공.', '기타 혜택(유의사항 등)': '용인시 주요 놀이공원 할인: 에버랜드 50% 현장할인, 캐리비안베이 50% 현장할인, 한국민속촌 60% 현장할인.'}"
제주그린카드,제주은행,https://d1c5n4ri2guedi.cloudfront.net/card/2151/card_img/21833/2151card.gif,300000,면제,신용,"{'카페/디저트': '커피전문점에서 10% 청구할인(월 한도 10,000원, 전월실적 30만원 이상 시 적용).', 'OTT/영화/문화': '영화관 2,000원 청구 할인 (월 한도 10,000원, 전월 실적 30만원 이상 시 적용).', '기타 혜택(유의사항 등)': '국내 가맹점 이용금액의 0.2∼0.8% 에코머니 포인트 적립, 대중교통 이용 시 5∼20% 적립, KTX/고속버스 이용 시 5% 적립.'}"
제주신화월드 신한카드,신한카드,https://d1c5n4ri2guedi.cloudfront.net/card/2479/card_img/28408/2479card.png,500000,"국내전용 [15,000]원 / 해외겸용 [18,000]원",신용,"{'쇼핑': '쇼핑 할인 서비스는 전월 이용금액에 따라 최대 6만원 할인, 신세계사이먼 아울렛 10만원 이상 결제 시 최대 1만 5천원 할인(연간 10회), 백화점 및 마트에서 10% 할인(일 1회, 월 2회) 제공.', '기타 혜택(유의사항 등)': '제주신화월드에서 객실 15% 할인, 직영 식음업장 20% 할인, 매년 스페셜 바우처 6매 제공.'}"
자연드림 IBK카드,IBK기업은행,https://d1c5n4ri2guedi.cloudfront.net/card/879/card_img/21663/879card.gif,0,"해외겸용 [2,000]원 / 해외겸용 [5,000]원",신용,"{'주유': '전 주유소에서 리터당 60원 할인, 월 2회, 회당 10만원 한도.', '카페/디저트': '스타벅스 등 카페에서 1일 1회, 월 3회, 1회 2만원 한도로 할인 제공.', 'OTT/영화/문화': '영화관 8천원 청구할인 제공.', '기타 혜택(유의사항 등)': 'BC TOP 카드 혜택: 최대 0.4% TOP포인트 적립, 소셜커머스 20% 할인, 패밀리레스토랑 20% 할인, 당행 전자금융 이체 및 ATM 수수료 면제, 환전 시 70% 우대, 주요 놀이공원 무료입장 또는 할인.'}"
컬리카드,BC 바로카드,https://d1c5n4ri2guedi.cloudfront.net/card/2518/card_img/28798/2518card.png,0,"국내전용 [12,000원] / 해외겸용 [12,000원]",신용,"{'기타 혜택(유의사항 등)': '컬리에서 물품 구매 시 5% 적립(전월 실적에 따라 월 한도 있음), 해외 가맹점 2% 적립, 국내 가맹점 1% 적립.'}"
커피빈 신용카드,KB국민카드,https://d1c5n4ri2guedi.cloudfront.net/card/735/card_img/22209/735card.png,500000,"국내전용 [20,000]원 / 해외겸용 [20,000]원",신용,"{'카페/디저트': '커피빈 이용 시 전월 실적에 따라 청구 할인과 모바일 쿠폰 제공 혜택이 있음.', '기타 혜택(유의사항 등)': '주요 생활 영역에서 전월 실적에 따라 최대 2만원 청구 할인 제공.'}"
트래블월렛 하이브리드 롯데카드,롯데카드,https://d1c5n4ri2guedi.cloudfront.net/card/2861/card_img/43814/2861card.png,0,"국내전용 [20,000]원 / 해외겸용 [20,000]원",신용,"{'기타 혜택(유의사항 등)': '트래블 포인트 적립 서비스로 국내외 이용 시 1.0% 적립되며, 트래블월렛 하이브리드 롯데카드로 사용 가능합니다.'}"
카카오 T 하나카드,하나카드,https://d1c5n4ri2guedi.cloudfront.net/card/480/card_img/21170/480card.png,300000,"국내전용 [20,000]원 / 해외겸용 [22,000]원",신용,"{'주유': 'SK에너지, GS 칼텍스, S-Oil, 현대오일뱅크에서 30만원 이상 주유 시 리터당 60원 할인, 월 최대 1만원 한도.', 'OTT/영화/문화': 'CGV, 메가박스, 롯데시네마에서 1만원 이상 결제 시 월 2회 3천원 할인 (월 6천원 한도).', '공항라운지/PP': '카카오 T App 자동 결제 시 5천원 이상 결제 시 2천원 할인, 월 최대 6회까지 가능.', '기타 혜택(유의사항 등)': 'KTX/SRT 2천원 이상 결제 시 5% 할인, 월 최대 1만원 한도.'}"
케이뱅크 ALPHA카드,케이뱅크,https://d1c5n4ri2guedi.cloudfront.net/card/2849/card_img/42487/2439card_1.png,0,국내전용 [없음],신용,"{'교통': '교통카드 기능으로 케이뱅크앱에서 잔액 확인 및 충전 가능.', '간편결제': '카드 신청 즉시 Pay 서비스 등록으로 카드 미도착 시에도 카카오페이, 토스페이로 결제 가능.', '기타 혜택(유의사항 등)': '매달 5개 혜택 선택 시 최대 5천원 캐시백, 국내 전 가맹점에서 3번 결제 시 별 지급.'}"
풀무원 하나카드,하나카드,https://d1c5n4ri2guedi.cloudfront.net/card/1180/card_img/21128/1180card.png,500000,"국내전용 [20,000]원 / 해외겸용 [23,000]원",신용,"{'푸드': '풀무원 가맹점에서 이용금액에 따라 월 최대 2만원 청구할인 제공.', '기타 혜택(유의사항 등)': '온라인 쇼핑과 아파트 관리비 자동이체 시, 각각 10만원 이상 이용 시 월 최대 5천 하나머니 적립.'}"
카드의정석 시니어플러스,우리카드,https://d1c5n4ri2guedi.cloudfront.net/card/1816/card_img/22290/1816card.png,300000,"국내전용 [10,000]원 / 해외겸용 [12,000]원",신용,"{'카페/디저트': '커피전문점에서 월 1회, 연 12회 10% 청구할인 제공.', 'OTT/영화/문화': '전국 영화관 12,000원 이상 결제 시 3,000원 청구할인, 월 1회, 연 6회 제공.', '공항라운지/PP': '인천 공항 라운지 무료 이용 서비스는 월 1회, 연 2회 제공되며, 전월 국내 가맹점 이용금액 30만원 이상 시 이용 가능.', '여행/숙박': '프리미엄 투어 서비스로 국내호텔 2박 시 1박 무료, 제주도 렌터카 24H 무료, KTX/SRT 승차권 10% 할인 제공.', '기타 혜택(유의사항 등)': '모아포인트 1.0~3.0% 적립, 해외 3% 적립은 월 50만원 한도, 6개월마다 10,000원 보너스 캐쉬백 제공.'}"
카드의정석 삼성디지털프라자,우리카드,https://d1c5n4ri2guedi.cloudfront.net/card/594/card_img/21361/594card.png,300000,"국내전용 [20,000]원 / 해외겸용 [20,000]원",신용,"{'쇼핑': '삼성디지털프라자에서 24/36개월 장기할부 이용 시 청구할인과 원금균등상환 혜택 제공.', '카페/디저트': '스타벅스, 투썸플레이스에서 5,000원 이상 결제 시 1,000원 청구할인 (월 5회 한정).', 'OTT/영화/문화': '전국 영화관에서 월 1회, 연 6회 3,000원 청구 할인 (건당 12,000원 이상 결제 시).', '프리미엄': 'VISA Platinum 서비스로 공항라운지 무료 및 발렛파킹 무료 제공, 전월 국내가맹점 이용실적 30만원 이상 시 이용 가능.', '기타 혜택(유의사항 등)': '카드 이용 시 제공되는 포인트 및 할인혜택은 카드 신규출시 이후 3년 이상 유지되며, 특정 사유 발생 시 변경될 수 있습니다.'}"
톡톡 with카드,KB국민카드,https://d1c5n4ri2guedi.cloudfront.net/card/699/card_img/22173/699card.png,400000,"국내전용 [12,000]원 / 해외겸용 [12,000]원",신용,"{'교통': '대중교통 5% 할인은 전월 이용실적 40만원 이상 시 월 최대 3천원까지 제공됩니다.', '카페/디저트': '스타벅스 50% 할인은 전월 이용실적 40만원 이상 시 월 할인한도 1만원 제공.', '간편결제': '온라인 간편결제 10% 할인(전월 이용실적 40만원 이상 시, 월 할인한도 3천원).', '기타 혜택(유의사항 등)': '디지털 구독 서비스 20% 할인 및 배달 앱 5% 할인 제공, 전월 이용실적 40만원 이상 시 월 할인한도 적용.'}"
펫(PET)카드,BNK부산은행,https://d1c5n4ri2guedi.cloudfront.net/card/1213/card_img/21095/1213card.png,400000,"국내전용 [10,000]원 / 해외겸용 [12,000]원",신용,"{'주유': '전국 모든 주유소에서 리터당 60원 청구할인, 월 최대 1만원 할인.', '마트/편의점': '대형마트와 편의점에서 각각 5% 청구 할인, 월 최대 1만원 한도.', '애완동물': '반려동물 관련 업종에서 10% 청구할인, 월 최대 1만원 한도.', '기타 혜택(유의사항 등)': '소셜커머스에서 쿠팡, 티몬, 위메프에서 5% 청구 할인, 월 최대 1만원 할인 제공.'}"
현대백화점 해피포인트카드,현대백화점,https://d1c5n4ri2guedi.cloudfront.net/card/2367/card_img/39671/2367card.png,0,국내전용 [없음],신용,"{'기타 혜택(유의사항 등)': '현대백화점에서 5% 할인 쿠폰 제공, 해피포인트 가맹점에서 5% 적립 및 사용 가능, 매월 2시간 무료주차 제공, 3개월 무이자 할부 가능.'}"
한화이글스 신한카드,신한카드,https://d1c5n4ri2guedi.cloudfront.net/card/2957/card_img/47588/2957card_1.png,300000,"국내전용 [20,000]원 / 해외겸용 [23,000]원",신용,"{'OTT/영화/문화': 'CGV, 메가박스 영화 예매 시 최대 3,000원 할인 (전월 실적 30만원 이상 시, 월 4회 제공).', '기타 혜택(유의사항 등)': '한화이글스 정규시즌 홈경기 티켓 결제 시 최대 5천원 할인 제공.'}"
후불 하이패스카드,BNK부산은행,https://d1c5n4ri2guedi.cloudfront.net/card/1433/card_img/20641/1433card.png,0,"국내전용 [2,000]원",신용,"{'자동차/하이패스': '하이패스 이용 시 출퇴근 시간대 통행료 자동 할인(50% 및 20%) 제공, 경차는 50% 할인.', '기타 혜택(유의사항 등)': '연회비는 신용카드와 별도로 매년 징구되며 면제가 불가능합니다.'}"
KB Youth Club 체크카드,KB국민카드,https://d1c5n4ri2guedi.cloudfront.net/card/2929/card_img/45849/2929card_1.png,200000,국내전용 [없음] / 해외겸용 [없음],체크,{'기타 혜택(유의사항 등)': 'Youth Club 체크카드는 A팩 또는 B팩 중 하나를 선택하여 다양한 할인 혜택을 제공합니다.'}
ONE 체크카드,케이뱅크,https://d1c5n4ri2guedi.cloudfront.net/card/2749/card_img/47326/2749card_1.png,0,해외겸용 [없음],체크,"{'교통': 'K-패스 카드로 대중교통 이용 시, 이용금액의 20~53%를 마일리지로 적립하고, 5만원 이상 이용 시 매월 3천원의 추가 캐시백을 받을 수 있습니다.', '기타 혜택(유의사항 등)': '케이뱅크 ONE 체크카드는 선택 가능한 3가지 캐시백 프로모션을 제공하며, 국내 모든 ATM 수수료가 무료입니다.'}"
하나투어 삼성카드,삼성카드,https://d1c5n4ri2guedi.cloudfront.net/card/2701/card_img/34110/2701card_1.png,500000,"국내전용 [20,000]원 / 해외겸용 [20,000]원",신용,"{'공항라운지/PP': '국내외 공항 라운지 본인 이용 무료, 통합 월 1회 및 연 2회 제공, 전월 이용금액 50만원 이상 시 이용 가능.', '프리미엄': 'VISA PLATINUM 회원에게 인천공항 무료 발렛파킹 서비스 제공.', '여행/숙박': '하나투어 삼성카드로 12/24개월 라이트할부 이용 시 연 6.5%의 수수료율 적용, 전월 이용금액에 따라 7,000~14,000원 결제대금 차감 혜택 제공.', '해외': '해외 가맹점 및 직접구매 시 결제일에 1.5% 할인 제공.', '기타 혜택(유의사항 등)': '생활요금 정기결제 시 라이트할부 이용 여부에 따라 5% 또는 10% 결제일 할인 제공.'}"
홈플러스 삼성카드,삼성카드,https://d1c5n4ri2guedi.cloudfront.net/card/776/card_img/28069/776card.png,0,"국내전용 [15,000]원 / 해외겸용 [15,000]원",신용,"{'주유': 'GS칼텍스에서 주유 시 리터당 80원 청구할인, 전월 이용금액 40만원 이상 시 제공, 월 할인한도 5,000원.', '마트/편의점': '홈플러스에서 결제 시 전월 이용금액에 따라 1%~5% 청구할인 제공.', '병원/약국': '병원 및 약국에서 의료비 5% 결제일 할인 제공, 전월 이용금액에 따라 최대 10,000원 할인.', '기타 혜택(유의사항 등)': '마이 홈플러스 멤버십카드와 겸용 가능하며, 멤버십 혜택은 홈플러스 홈페이지에서 확인할 수 있습니다.'}"
할인조아카드,NH농협카드,https://d1c5n4ri2guedi.cloudfront.net/card/506/card_img/21195/506card.png,400000,"국내전용 [13,000]원 / 해외겸용[15,000]원",신용,"{'교통': '버스/지하철 이용 시 건당 100원 청구할인, 월 2천원 할인한도.', '주유': '전 주유소에서 리터당 60원 청구할인, 월 2회, 회당 10만원 한도.', '마트/편의점': '- 편의점: GS25/CU/세븐일레븐에서 월 2회, 건당 1만원 이상 시 1천원 청구할인.\n- 대형마트: 하나로마트/이마트/홈플러스/롯데마트에서 월 1회, 건당 5만원 이상 시 5% 청구할인.', '쇼핑': '쿠팡/티몬/위메프에서 월 2회, 건당 1만원 이상 구매 시 2천원 청구할인.', '카페/디저트': '스타벅스/이디야에서 월 2회, 건당 1만원 이상 이용 시 2천원 청구할인.', 'OTT/영화/문화': 'CGV/롯데시네마/메가박스에서 월 1회 1만원 이상 결제 시 2천원 청구할인.', '기타 혜택(유의사항 등)': '전국 주요 놀이공원 할인 혜택 제공 (무료입장 및 최대 50% 할인).'}"
하나 나라사랑카드,하나카드,https://d1c5n4ri2guedi.cloudfront.net/card/2934/card_img/46852/2934card_2.png,0,국내전용 [없음] / 해외겸용 [없음],체크,"{'무실적': '군마트(PX)에서 10만원 미만 결제 시 30% 캐시백, 10만원 이상 결제 시 20% 캐시백 제공; 쿠팡/네이버플러스 스토어 20% 할인; CU 편의점 행사품목 10% 할인, 특정 행사일 30% 할인.', '기타 혜택(유의사항 등)': '하나 나라사랑카드는 군 급여이체 시 택시, 딜리버리, 디지털 콘텐츠 할인과 CGV 영화관 팝콘 무료 제공 혜택을 제공하며, Basic 서비스로 대중교통, 국군콘도, 커피, 레스토랑, 패스트푸드, 온라인 쇼핑, 어학시험, 서점, 놀이공원 할인 혜택이 있다.'}"
한화생명 Family 카드 (문화형),우리카드,https://d1c5n4ri2guedi.cloudfront.net/card/1695/card_img/22429/1695card.png,300000,"해외겸용 [5,000]원 / 해외겸용 [10,000]원",신용,"{'교통': '전국 대중교통비, 택시, KTX 승차권 할인 혜택 제공.', '주유': 'SK주유소에서 리터당 60원 청구할인, 일 1회, 월 4회, 1회 주유금액 10만원 이내, 전월 국내 가맹점 이용액 30만원 이상 시 제공.', '통신': 'KT, SKT, LGU+에서 매월 청구금액의 3%를 청구할인(최대 2천원) 제공, 단 전월 국내 가맹점 이용액 30만원 이상 시.', 'OTT/영화/문화': '전국 롯데시네마, CGV에서 1만원 이상 결제 시 월 2천원 청구할인 (전월 이용액 30만원 이상 시).', '여행/숙박': '- 항공권 국내선 5%, 국제선 7% 할인, 롯데렌터카 35% 할인, 해외 호텔 최대 10%, 국내 호텔 3~7%, 펜션 10~50% 할인, 공연 10~50% 할인 제공 (전월 국내 가맹점 이용액 30만원 이상 시).', '기타 혜택(유의사항 등)': '- 커피전문점, 베이커리, 대형마트, 편의점에서 각각 10% 및 5% 청구할인 제공, 놀이공원 자유이용권 50% 현장할인 제공.'}"
네이버페이 머니카드,네이버페이,https://d1c5n4ri2guedi.cloudfront.net/card/2626/card_img/31677/2625card_1.png,0,국내전용 [없음] / 해외겸용 [없음],체크,"{'여행/숙박': '네이버 여행 멤버십으로 항공 및 호텔 할인과 적립, 3개월 스마트 등급 업그레이드 제공.', '해외': '해외 온/오프라인 결제 시 3% 적립 및 3개월 간 결제 수수료 면제.', '기타 혜택(유의사항 등)': '네이버페이 머니카드는 네이버 쇼핑 간편결제 시 최대 1.5% 적립, 플러스 멤버십 스튜던트 정기결제 시 10% 적립 등의 혜택을 제공합니다.'}"
한화생명 Family카드 (골프형),우리카드,https://d1c5n4ri2guedi.cloudfront.net/card/1630/card_img/22552/1630card.png,300000,"해외겸용 [5,000]원 / 해외겸용 [10,000]원",신용,"{'교통': '전국 대중교통비, 택시, KTX 승차권 할인 혜택 제공.', '주유': 'SK주유소에서 리터당 60원 청구할인, 일 1회, 월 4회, 1회 주유금액 10만원 이내, 전월 국내 가맹점 이용액 30만원 이상 시 제공.', '통신': 'KT, SKT, LGU+에서 매월 청구금액의 3%를 청구할인(최대 2천원) 제공, 단 전월 국내 가맹점 이용액 30만원 이상 시.', 'OTT/영화/문화': '전국 롯데시네마, CGV에서 1만원 이상 결제 시 월 2천원 청구할인 (전월 이용액 30만원 이상 시).', '여행/숙박': '- 국내선 5%, 국제선 7% 항공권 발권 수수료 할인, 롯데렌터카 35% 할인, 해외 호텔 최대 10%, 국내 호텔 3~7%, 펜션 10~50% 할인, 골프장 무제한 부킹 및 무료 파3/드라이빙레인지 제공.', '기타 혜택(유의사항 등)': '- 커피전문점, 베이커리, 대형마트, 편의점에서 각각 10% 및 5% 청구할인 제공, 놀이공원 자유이용권 50% 현장할인 제공.'}"
네이버페이 머니 하나 체크카드,하나카드,https://d1c5n4ri2guedi.cloudfront.net/card/2432/card_img/27295/2432card.png,250000,국내전용 [없음] / 해외겸용 [없음],체크,"{'기타 혜택(유의사항 등)': '국내/외 전가맹점에서 1.2% 네이버페이포인트 적립, 전월 25만원 이상 사용 시 서비스 제공.'}"
신한카드 SOL트래블 체크,신한카드,https://d1c5n4ri2guedi.cloudfront.net/card/2667/card_img/32473/2660card.png,0,국내전용 [없음] / 해외겸용 [없음],체크,"{'공항라운지/PP': '신한카드 SOL트래블 체크로 전월 30만원 이상 사용 시 반기별 1회, 연 2회 본인 무료 공항라운지 입장 가능.', '해외': '신한카드 SOL트래블 체크는 해외 이용 시 현지 통화로 결제 가능하며, 해외 대중교통 이용 시 1% 할인과 마스터 트래블 리워드로 최대 10% 캐시백 혜택을 제공합니다.', '기타 혜택(유의사항 등)': '국제 브랜드 수수료와 해외 ATM 이용 인출 수수료 면제, 국내 4대 편의점 5% 할인 및 대중교통 1% 할인 제공.'}"
토스뱅크 체크카드,토스뱅크,https://d1c5n4ri2guedi.cloudfront.net/card/2269/card_img/40299/2269card_1.png,0,국내전용 [없음] / 해외겸용 [없음],체크,"{'해외': '토스뱅크 외화통장과 연결 시 해외 결제 및 ATM 인출 수수료 면제 혜택 제공.', '기타 혜택(유의사항 등)': '토스뱅크 체크카드 스위치 캐시백 시즌 5는 오프라인에서 최대 35,000원, 온라인에서 최대 14,000원, 어디서나 0.3%, 기부 캐시백 0.3%를 제공하는 혜택입니다.'}"
트래블러스 체크카드(토심이),KB국민카드,https://d1c5n4ri2guedi.cloudfront.net/card/2691/card_img/33455/2691card_2.png,200000,국내전용 [없음] / 해외겸용 [없음],체크,"{'푸드': '전국맛집에서 2만원 이상 이용 시 5,000원 환급할인 제공.', '카페/디저트': '카페에서 5천원 이상 이용 시 1,000원 할인 (전월 이용실적 20만원 이상 시 월 1회 제공).', '자동차/하이패스': '주차장 업종에서 1천원 이상 이용 시 500원 환급할인 (전월 이용실적 20만원 이상 시, 월 6회 한정).', '해외': '해외 가맹점 및 ATM 이용 시 수수료 면제.', '기타 혜택(유의사항 등)': '- KB Pay 1만원 이상 이용 시 200원 할인, 빵집 1만원 이상 이용 시 2,000원 할인, 철도 2만원 이상 이용 시 5,000원 할인, 고속버스 1만원 이상 이용 시 2,000원 할인 제공.'}"
신한카드 Deep Dream 체크,신한카드,https://d1c5n4ri2guedi.cloudfront.net/card/281/card_img/20503/281card.png,0,해외겸용 [없음],체크,"{'주유': '주말 주유소에서 전월 20만원 이상 이용 시 리터당 40원 적립.', '기타 혜택(유의사항 등)': '신한카드 Deep Dream 체크는 국내외 일시불 및 할부 이용 시 기본 0.2% 포인트 적립, DREAM 영역에서 0.6% 적립, 가장 많이 이용한 DREAM 영역은 1.0% 자동적립, 택시 이용 시 3, 6, 9번째 1천원 할인, 신규 발급 시 3천 포인트 적립, 신한은행 수수료 우대 혜택이 제공됩니다.'}"
노리2 체크카드(KB Pay),KB국민카드,https://d1c5n4ri2guedi.cloudfront.net/card/2422/card_img/27141/2422card.png,200000,국내전용 [없음] / 해외겸용 [없음],체크,"{'통신': 'SKT, KT, LG U+, Liiv M에서 통신요금 5만원 이상 이용 시 2,500원 할인 제공.', '마트/편의점': 'GS25, CU에서 전월 이용실적 20만원 이상 시 5% 할인, 월 할인한도 2천원.', '카페/디저트': '스타벅스와 커피빈에서 10% 할인, 월 최대 3천원까지 적용.', 'OTT/영화/문화': 'CGV에서 4,000원 할인 혜택 제공 (월 2회, 전월 이용실적 20만원 이상 시).', '간편결제': 'KB Pay로 오프라인 가맹점에서 2% 추가 할인(월 3천원 한도), 온라인 가맹점에서도 2% 추가 할인(월 2천원 한도) 제공.', '기타 혜택(유의사항 등)': '- 구글플레이스토어, 앱스토어 10% 할인 (월 5천원 한도)\n- 인터파크 티켓 10% 할인 (월 7천원 한도)\n- 올리브영, 미용실 5% 할인 (월 2천원 한도)\n- 넷플릭스, 유튜브 프리미엄 1,000원 할인 (월 2천원 한도)\n- 배달의 민족, 요기요 1,000원 할인 (월 1천원 한도)\n- 에버랜드, 롯데월드 15,000원 할인 (월 1만5천원 한도)'}"
더나은 체크카드,MG새마을금고,https://d1c5n4ri2guedi.cloudfront.net/card/2601/card_img/31113/2601card.png,300000,해외겸용 [없음],체크,"{'쇼핑': '온라인쇼핑 시 쿠팡, 무신사 등에서 20% 할인 캐시백 제공, 월 최대 6천원.', '카페/디저트': '스타벅스 등 커피전문점 결제 시 20% 할인 캐시백, 월 최대 6천원 제공.', '간편결제': '네이버페이, 카카오페이, 페이코 결제 시 20% 캐시백(월 최대 6천원, 건당 1만원 이상, 전월 30만원 이상 이용 시).', '해외': '해외 서비스수수료, 현금인출수수료, 예금잔액조회수수료 면제.', '기타 혜택(유의사항 등)': '전월 이용실적에 따라 할인캐시백이 제공되며, 신규 발급월 포함 2개월은 예외 적용됩니다.'}"
개이득 체크카드,우체국,https://d1c5n4ri2guedi.cloudfront.net/card/2519/card_img/28824/2519card.png,0,해외겸용 [없음],체크,"{'쇼핑': '패션 온라인쇼핑 시 30% 캐시백 제공, 건당 3만원 이상 결제 시 적용.', '기타 혜택(유의사항 등)': '국내 전 가맹점 0.3% 캐시백과 OTT 및 멤버십 30% 캐시백 제공, 단 중복적용 불가.'}"
모빌리언스카드,KG모빌리언스,https://d1c5n4ri2guedi.cloudfront.net/card/2321/card_img/23849/2321card.png,0,국내전용 [없음],체크,"{'통신': 'KG모바일 알뜰폰 결합 시 최대 4.5% 혜택 제공.', '마트/편의점': '모빌리언스카드 APP 내 바코드 결제로 CU, GS25 최대 2%, 이마트24 1.5% 적립.', '쇼핑': '모빌마켓 이용 시 2% 무제한 적립.', '푸드': '푸드 브랜드 최대 4.5% 적립 및 KFC 10% 즉시 할인 제공.', '카페/디저트': '카페/베이커리 브랜드에서 최대 7.5% 적립 가능, 적립 조건은 모빌리언스카드 APP 내 바코드 결제 시.', '기타 혜택(유의사항 등)': '모빌리언스카드는 온라인 1% 및 오프라인 0.5% 무제한 적립과 대형마트/쇼핑/여가 브랜드 최대 8% 적립 혜택을 제공합니다.'}"
신한카드 On 체크(잔망루피),신한카드,https://d1c5n4ri2guedi.cloudfront.net/card/2379/card_img/25379/2379card.png,200000,국내전용 [없음] / 해외겸용 [없음],체크,"{'간편결제': '간편결제 이용 시 최대 2% 적립, 월간 한도 8천원.', '해외': '해외 이용금액에 대해 1.3% 마이신한포인트 적립.', '기타 혜택(유의사항 등)': '생활편의영역 이용 시 최대 2% 적립, 월간 적립한도 8천원.'}"
신한카드 나라사랑카드 체크,신한카드,https://d1c5n4ri2guedi.cloudfront.net/card/2933/card_img/46578/2933card.png,100000,국내전용 [없음] / 해외겸용 [없음],체크,"{'기타 혜택(유의사항 등)': '신한카드 나라사랑카드는 군마트 및 GS25에서 20% 캐시백, 대중교통 및 광역교통에서 캐시백, CGV 영화 할인, 다양한 멤버십 포인트 혜택을 제공합니다.'}"
트래블로그 체크카드,하나카드,https://d1c5n4ri2guedi.cloudfront.net/card/2394/card_img/25975/2394card.png,0,해외겸용 [없음],체크,"{'해외': '해외 가맹점 이용 시 수수료 면제.', '기타 혜택(유의사항 등)': '해외 ATM 인출 수수료 면제 및 국내 가맹점 이용 시 0.3% 하나머니 적립 서비스 제공.'}"
IBK나라사랑카드,IBK기업은행,https://d1c5n4ri2guedi.cloudfront.net/card/2941/card_img/46628/2941card.png,0,국내전용 [없음] / 해외겸용 [없음],체크,"{'기타 혜택(유의사항 등)': 'IBK나라사랑카드는 다양한 할인 혜택과 Npay 포인트 적립, PX 할인, 멤버십 서비스, 수수료 우대 등을 제공하며, 전월 이용실적에 따라 할인 한도가 달라집니다.'}"
카카오뱅크 프렌즈 체크카드,카카오뱅크,https://d1c5n4ri2guedi.cloudfront.net/card/435/card_img/46143/435card_2.png,0,해외겸용 [없음],체크,"{'교통': 'K-패스 카드는 회원당 1장만 신청 가능하며, 모바일 앱 2.44.0 이상에서 이용할 수 있습니다.', '기타 혜택(유의사항 등)': '모든 가맹점에서 조건 없이 평일 0.2%, 주말/공휴일 0.4% 캐시백 제공.'}"
KB 틴업 체크카드,KB국민카드,https://d1c5n4ri2guedi.cloudfront.net/card/2852/card_img/46803/2852card_1.png,0,국내전용 [없음] / 해외겸용 [없음],체크,"{'마트/편의점': 'CU와 세븐일레븐에서 오프라인 결제 시 5% 할인, 월 할인한도 1천원.', '쇼핑': '다이소, 올리브영, KB Pay 쇼핑에서 5% 할인, 월 할인한도 1천원.', '공항라운지/PP': 'KB Pay로 오프라인 결제 시 2% 할인, 월 할인한도 5천원.', '기타 혜택(유의사항 등)': 'KB 틴업 체크카드는 독서실, 서점, 문구점, PC방, 구글 플레이스토어, 애플 앱스토어에서 각각 5% 할인, 패밀리레스토랑에서 10% 할인 제공하며, 월 할인한도는 1천원(패밀리레스토랑 3천원)입니다.'}"
NH20해봄체크카드,NH농협카드,https://d1c5n4ri2guedi.cloudfront.net/card/362/card_img/45717/362card.png,200000,국내전용 [없음] / 해외겸용 [없음],체크,"{'쇼핑': '온라인 쇼핑몰, 서점, 어학시험 5% 할인, CGV 예매 2,000원 할인, 배달앱 5% 할인, 앱 구매 1,000원 할인 제공.', '기타 혜택(유의사항 등)': '해봄 선택 서비스에서 여행해봄 또는 놀이해봄 중 선택 가능하며, 각각 인천 공항라운지 무료 이용 또는 전국 놀이공원 할인 혜택 제공.'}"
노리체크카드,KB국민카드,https://d1c5n4ri2guedi.cloudfront.net/card/348/card_img/20581/348card.png,200000,국내전용 [없음] / 해외겸용 [없음],체크,"{'교통': '대중교통(버스·지하철) 이용 시 월 2만원까지 10% 청구할인(최대 2,000원).', '통신': '이동통신요금 자동납부 시 5만원 이상 건당 2,500원 정액 할인 (월 1회).', '마트/편의점': 'GS25에서 1만원 이상 결제 시 5% 환급할인(최대 1,000원).', '푸드': '아웃백, VIPS 20% 환급할인(최대 10,000원), 스타벅스 20% 환급할인(최대 4,000원) 제공.', 'OTT/영화/문화': 'CGV에서 1만원 이상 결제 시 최대 35% 환급할인(최대 7,000원) 제공.', '기타 혜택(유의사항 등)': '- 에버랜드·롯데월드 50% 환급할인 (최대 25,000원), 교보문고 5% 환급할인 (최대 2,500원) 제공.'}"
토심이 첵첵 체크카드,KB국민카드,https://d1c5n4ri2guedi.cloudfront.net/card/2604/card_img/31223/2604card.png,300000,국내전용 [없음] / 해외겸용 [없음],체크,"{'교통': '버스·지하철 이용 시 1구간 1천원, 2구간 2천원 청구할인 제공.', '마트/편의점': 'CU편의점에서 1만원 이상 이용 시, KB국민 토심이 첵첵 체크카드로 2~4천원 환급할인 제공.', '쇼핑': 'KB국민 토심이 첵첵 체크카드로 30만원 이상 이용 시 텐바이텐에서 1구간 1천원, 2구간 2천원 할인 제공.', '카페/디저트': '스타벅스에서 1만원 이상 이용 시 1구간 1천원, 2구간 2천원 환급 할인 제공.', '뷰티/피트니스': '올리브영 및 안경점에서 2~4천원 환급할인 제공, 2만원 이상 이용 시 적용.', 'OTT/영화/문화': 'CGV 영화 할인: 1구간(30만원 이상 60만원 미만) 1천원, 2구간(60만원 이상) 2천원 환급, 전월 30만원 이상 이용 시 제공.', '간편결제': '네이버페이·카카오페이·SSG페이 이용 시 2~4천원 환급할인 제공 (온라인 한정).', '기타 혜택(유의사항 등)': 'KB국민 토심이 첵첵 체크카드로 YES24 및 교보문고에서 2만원 이상 이용 시 1천~2천원 환급할인 제공.'}"
달달 하나 체크카드,하나카드,https://d1c5n4ri2guedi.cloudfront.net/card/2750/card_img/36851/2750card_1.png,0,국내전용 [없음] / 해외겸용 [없음],체크,"{'기타 혜택(유의사항 등)': '하나머니 적립 서비스로 다양한 가맹점에서 최대 10% 적립 가능하며, 월 통합 적립한도는 3만원입니다.'}"
카드의정석 오하CHECK,우리카드,https://d1c5n4ri2guedi.cloudfront.net/card/2570/card_img/46005/2570_card.png,200000,국내전용 [없음] / 해외겸용 [없음],체크,"{'교통': '대중교통 이용 시 5% 캐시백(매출 건당 최대 1천원) 제공.', '통신': '이동통신 요금 자동납부 시 5% 캐시백(매출 건당 최대 1천원).', '쇼핑': '온라인 쇼핑 시 쿠팡, 무신사, 지그재그에서 매출 건당 최대 1천원까지 5% 캐시백 제공.', '카페/디저트': '스타벅스 사이렌오더 결제 시 커피 5% 캐시백, 매출 건당 최대 1천원.', '간편결제': '간편결제 이용 시 5% 캐시백 제공, 매출 건당 최대 1천원.', '해외': '해외 온/오프라인 가맹점에서 5% 캐시백(건당 최대 1천원) 제공.', '기타 혜택(유의사항 등)': '각 분야별로 매출 건당 최대 1천원까지 5% 캐시백 제공.'}"
노리2 체크카드(Global),KB국민카드,https://d1c5n4ri2guedi.cloudfront.net/card/2423/card_img/27142/2423card.png,200000,국내전용 [없음] / 해외겸용 [없음],체크,"{'통신': 'SKT, KT, LG U+, Liiv M에서 통신요금 5만원 이상 이용 시 2,500원 할인 제공.', '마트/편의점': 'GS25, CU에서 전월 이용실적 20만원 이상 시 5% 할인, 월 할인한도 2천원.', '카페/디저트': '스타벅스와 커피빈에서 10% 할인, 월 최대 3천원까지 적용.', 'OTT/영화/문화': 'CGV에서 4,000원 할인 혜택 제공 (월 2회, 전월 이용실적 20만원 이상 시).', '공항라운지/PP': '전 세계 공항라운지 이용권을 연 1회 제공, 전월 이용실적 30만원 이상 시 가능.', '해외': '해외 가맹점에서 결제 시 2% 추가 할인 제공.', '기타 혜택(유의사항 등)': '- 구글플레이스토어, 앱스토어 10% 할인 (월 5천원 한도)\n- 인터파크 티켓 10% 할인 (월 7천원 한도)\n- 올리브영, 미용실 5% 할인 (월 2천원 한도)\n- 넷플릭스, 유튜브 프리미엄 1,000원 할인 (월 2천원 한도)\n- 배달의 민족, 요기요 1,000원 할인 (월 1천원 한도)\n- 에버랜드, 롯데월드 15,000원 할인 (월 1만5천원 한도)'}"
올바른POINT체크카드,NH농협카드,https://d1c5n4ri2guedi.cloudfront.net/card/360/card_img/25852/360card.png,0,해외겸용 [없음],체크,"{'공항라운지/PP': '국제공항 라운지 무료 이용(연 1회, 전월 이용실적 50만원 이상 시 제공).', '기타 혜택(유의사항 등)': 'NH포인트 0.2% ~ 0.7% 적립, 농협 이체수수료 월 5회 면제.'}"
NH 무럭이 체크카드,NH농협카드,https://d1c5n4ri2guedi.cloudfront.net/card/2620/card_img/31489/2620card.png,0,국내전용 [없음],체크,"{'공항라운지/PP': '국제공항 라운지 무료 이용(연 1회, 전월 실적 50만원 이상 시).', '기타 혜택(유의사항 등)': '국내외 가맹점에서 0.2% NH포인트 적립, 특정 영역 이용 시 3배/2배 추가적립 가능.'}"
트래블러스 체크카드,KB국민카드,https://d1c5n4ri2guedi.cloudfront.net/card/2905/card_img/44879/2905card_3.png,200000,국내전용 [없음] / 해외겸용 [없음],체크,"{'푸드': '전국맛집에서 2만원 이상 이용 시 5,000원 환급할인 제공.', '카페/디저트': '카페에서 5천원 이상 이용 시 1,000원 할인 (전월 이용실적 20만원 이상 시 월 1회 제공).', '자동차/하이패스': '주차장 업종에서 1천원 이상 이용 시 500원 환급할인 (전월 이용실적 20만원 이상 시, 월 6회 한정).', '해외': '해외 가맹점 및 ATM 이용 시 수수료 면제.', '기타 혜택(유의사항 등)': '- KB Pay 1만원 이상 이용 시 200원 할인, 빵집 1만원 이상 이용 시 2,000원 할인, 철도 2만원 이상 이용 시 5,000원 할인, 고속버스 1만원 이상 이용 시 2,000원 할인 제공.'}"
K-패스카드(체크),NH농협카드,https://d1c5n4ri2guedi.cloudfront.net/card/2561/card_img/33460/2561card.png,200000,국내전용 [없음] / 해외겸용 [없음],체크,"{'교통': '버스/지하철 10% 캐시백, 렌터카/카쉐어링 5% 캐시백, 전기차 충전 5% 캐시백, 모빌리티 서비스 월 통합 청구할인 최대 5천원.', '통신': '이동통신요금 5% 캐시백(월 3천원, 1회 한), 커피전문점 5% 캐시백(월 2천원, 2회 한), 편의점 5% 캐시백(월 1천원, 2회 한) 제공.', '기타 혜택(유의사항 등)': '전월 실적에 따라 다양한 할인 및 적립 혜택을 제공하는 카드입니다.'}"
카드의정석 EVERY CHECK,우리카드,https://d1c5n4ri2guedi.cloudfront.net/card/2552/card_img/29589/2552card.png,0,국내전용 [없음] / 해외겸용 [없음],체크,"{'무실적': '국내외 가맹점 이용금액 0.2% 적립, 전월실적 및 적립 한도 없음.', '기타 혜택(유의사항 등)': '전월실적에 따라 최대 3천원 추가 적립 및 4대 일상영역에서 1만원 특별 적립 제공.'}"
신한카드 Deep Dream 체크(미니언즈),신한카드,https://d1c5n4ri2guedi.cloudfront.net/card/646/card_img/21410/646card.png,0,해외겸용 [없음],체크,"{'주유': '주말 주유소에서 전월 20만원 이상 이용 시 리터당 40원 적립.', '기타 혜택(유의사항 등)': '신한카드 Deep Dream 체크는 국내외 일시불 및 할부 이용 시 기본 0.2% 포인트 적립, DREAM 영역에서는 최대 1.0% 적립, 택시 이용 시 3, 6, 9번째 할인 혜택을 제공합니다.'}"
신한카드 S-Line 체크(마이펫),신한카드,https://d1c5n4ri2guedi.cloudfront.net/card/647/card_img/21411/647card.png,300000,국내전용 [없음] / 해외겸용 [없음],체크,"{'교통': '버스, 지하철 5% 할인(월 최대 5,000원) 또는 SK주유소 리터당 40원 할인(일 1회, 월 최대 30만원).', '쇼핑': '홈쇼핑과 해외 이용금액 각각 5% 할인, 월 2회, 건당 최대 2,500원 할인.', '푸드': '요식업종 이용금액의 5% 할인(오전 11시 ~ 오후 2시, 1만원 이상 시 일 1회, 월 5회, 건당 최대 1,000원).', '기타 혜택(유의사항 등)': '신한카드 이용 시 전 가맹점에서 기본 0.2%, 특별 0.3%의 마이신한포인트 적립 혜택 제공.'}"
신한카드 SOL트립앤샵 체크,신한카드,https://d1c5n4ri2guedi.cloudfront.net/card/2935/card_img/46830/2935card_1.png,0,국내전용 [없음] / 해외겸용 [없음],체크,"{'해외': '신한카드 SOL트립앤샵 체크는 해외 이용 시 현지 통화로 결제 가능하며, 해외직구 시 전월 실적에 따라 최대 2.5% 마이신한포인트 적립 혜택을 제공합니다.', '기타 혜택(유의사항 등)': '신한카드 SOL트립앤샵 체크는 해외 거래 수수료 면제, 국내 편의점 및 대중교통 할인, 마이셀렉트샵 캐시백 혜택을 제공합니다.'}"
올바른 NEW HAVE체크카드,NH농협카드,https://d1c5n4ri2guedi.cloudfront.net/card/1765/card_img/22348/1765card.png,0,국내전용 [없음] / 해외겸용 [없음],체크,"{'공항라운지/PP': '국제공항 라운지 무료 이용(연 1회, 전월 실적 50만원 이상 시).', '기타 혜택(유의사항 등)': '국내외 가맹점에서 0.2% NH포인트 적립, 특정 영역 1위/2위 시 최대 0.6%/0.4% 추가적립, 금융 이체수수료 월 5회 면제.'}"
위비트래블 체크카드,우리카드,https://d1c5n4ri2guedi.cloudfront.net/card/2700/card_img/34201/2700card.png,0,국내전용 [없음] / 해외겸용 [없음],체크,"{'쇼핑': '쇼핑 5% 캐시백은 전월 국내 가맹점 이용금액 20만원 이상 시 제공되며, 매출 건당 최대 1천원까지 캐시백이 가능하다.', '푸드': '푸드 5% 캐시백 제공, 단 특정 결제 방식 및 매출 건은 제외.', '해외': '해외 이용 시 5% 캐시백 제공, 단 전월 국내 가맹점 이용금액 20만원 이상 시 적용.', '기타 혜택(유의사항 등)': '해외 수수료 면제 및 일상 5% 캐시백 제공.'}"
K-패스 신한카드 체크,신한카드,https://d1c5n4ri2guedi.cloudfront.net/card/2693/card_img/33495/2692card.png,200000,국내전용 [없음] / 해외겸용 [없음],체크,"{'교통': '대중교통 이용 시 10% 할인, 할인한도는 이용금액에 따라 최대 5천원.', '간편결제': '간편결제로 결제 시 2% 할인, 월 할인한도는 이용금액에 따라 최대 5천원.', '기타 혜택(유의사항 등)': '생활서비스, 배달앱, 편의점, 커피전문점, 올리브영, 병원/약국, OTT에서 각각 2% 결제일 할인이 제공됩니다.'}"
신한카드 Hey Young 체크,신한카드,https://d1c5n4ri2guedi.cloudfront.net/card/618/card_img/21385/618card.png,200000,국내전용 [없음] / 해외겸용 [없음],체크,"{'교통': '대중교통 이용금액 5% 캐시백, 월 최대 3천원 제공.', '통신': '이동통신요금 자동납부 시 월 1회 2천원 캐시백 제공.', '마트/편의점': '편의점에서 1만원 이상 결제 시 1천원 캐시백(일 1회, 월 5회).', '쇼핑': '온라인 쇼핑에서 건당 2만원 이상 결제 시 1천원 캐시백(일 1회/월 5회 제공).', '푸드': '패스트푸드에서 건당 1만원 이상 결제 시 1천원 캐시백(일 1회/월 5회 제공).', '카페/디저트': '카페에서 1만원 이상 결제 시 1천원 캐시백(일 1회/월 5회).', 'OTT/영화/문화': 'CGV 영화 예매 시 2만원 이상 결제하면 월 1회 5천원 캐시백.', '간편결제': '간편결제(Pay) 이용 시 1% 캐시백, 월 최대 5천원까지 제공.', '해외': '해외 가맹점 이용 시 1.2% 캐시백, 해외 인출 시 건당 US $3 캐시백 제공.', '기타 혜택(유의사항 등)': '- 배달앱 땡겨요, 생활 가맹점 올리브영/다이소, OTT 서비스(넷플릭스, 디즈니플러스, 티빙)에서 건당 1만원 이상 결제 시 1천원 캐시백 제공(일 1회, 월 5회 한정).'}"
I-Travel(체크),IBK기업은행,https://d1c5n4ri2guedi.cloudfront.net/card/2866/card_img/43877/2866card.png,0,국내전용 [없음] / 해외겸용 [없음],체크,"{'해외': '해외 결제 시 우대 환율 적용 및 국제브랜드수수료와 해외이용 수수료 면제.', '기타 혜택(유의사항 등)': '해외 ATM 이용 시 국제브랜드수수료와 해외ATM 수수료 월 3회 면제, 대한항공 결제 시 3만원 이상 건당 3천원당 1마일리지 적립.'}"
신한카드 처음 체크(냐한남자),신한카드,https://d1c5n4ri2guedi.cloudfront.net/card/2889/card_img/44184/2889card.png,100000,국내전용 [없음] / 해외겸용 [없음],체크,"{'쇼핑': '사진관 업종에서 월 1회, 연 2회 1,000포인트 적립, 지그재그/에이블리/무신사/올리브영에서 월 1회, 연 3회 3,000포인트 적립.', '푸드': '편의점, 푸드, 카페에서 기본 5% 적립, 오후 4~8시 이용 시 추가 2% 적립.', '기타 혜택(유의사항 등)': '독서실, 도서, 문구 업종에서 5% 포인트 적립, 월 최대 2천 포인트.'}"
카카오페이 신한 체크카드,신한카드,https://d1c5n4ri2guedi.cloudfront.net/card/286/card_img/20508/286card.png,0,해외겸용 [없음],체크,"{'교통': '대중교통 이용 시 3% 카카오페이머니 적립, 전월 이용금액 30만원 이상 시 월 최대 5천원 적립.', '통신': '이동통신요금 자동 이체 시 3% 카카오페이머니 적립, 전월 이용금액 30만원 이상 시 월 최대 5천원까지 적립.', 'OTT/영화/문화': 'CGV 영화 이용 시 최대 3천원 카카오페이머니 적립, 전월 이용금액 30만원 이상 시 제공.', '프리미엄': '카카오페이 신한 체크카드는 Master의 플래티늄 서비스를 제공합니다.', '해외': '해외 전가맹점 이용 시 1% 카카오페이머니 적립, 해외 인출 시 건당 US $3 적립 제공.', '기타 혜택(유의사항 등)': '카카오페이 결제 시 2% 적립, 월간 한도 1만원.'}"
직장인보너스체크카드,KB국민카드,https://d1c5n4ri2guedi.cloudfront.net/card/350/card_img/20594/350card.png,200000,국내전용 [없음] / 해외겸용 [없음],체크,"{'교통': '버스·지하철 5% 청구할인, 월 2만원 한도, 전월 30만원 이상 이용 시 적용.', '주유': 'GS칼텍스에서 주중 50원, 주말 60원 리터당 할인 (월 최대 30만원까지).', '통신': '이동통신요금 1,000원 환급할인(월 1회), 전월 이용실적 30만원 이상 시 제공.', '공과금/렌탈': '국세·지방세 7천원 및 보험료 2천원 환급할인 제공, 각각 건당 10만원 이상 시 월 1회 적용.', '기타 혜택(유의사항 등)': '- 스피드메이트 엔진오일교환 연 1회 2만원 할인, 정비공임 10% 할인, 무료 안전점검 서비스 제공.\n- SK렌터카 연 2회 현장 할인.\n- 롯데·현대·신세계백화점 5% 환급 할인 (전월 실적 50만원 이상).\n- 아웃백 10% 환급 할인 (전월 실적 20만원 이상).\n- 에버랜드 50% 환급 할인 (전월 실적 20만원 이상).\n- 해피포인트 5% 현장 적립 (1천원 이상 이용 시).'}"
PAYCO 포인트 카드,엔에이치엔페이코,https://d1c5n4ri2guedi.cloudfront.net/card/2310/card_img/37661/2310card.png,0,해외겸용 [없음],체크,"{'기타 혜택(유의사항 등)': '온라인 1%, 오프라인 최대 1% 적립 및 매월 바뀌는 브랜드에서 최대 15% 할인 제공.'}"
현대카드M CHECK,현대카드,https://d1c5n4ri2guedi.cloudfront.net/card/407/card_img/28394/407card.png,0,"국내전용 [2,000원]",체크,"{'기타 혜택(유의사항 등)': '월 100만원 미만 이용 시 0.5%, 이상 이용 시 1%의 M포인트가 적립되며, 적립한도는 무제한이다.'}"
NH트래블리체크카드,NH농협카드,https://d1c5n4ri2guedi.cloudfront.net/card/2727/card_img/36095/2727_1card.png,0,국내전용 [없음] / 해외겸용 [없음],체크,"{'공항라운지/PP': '전 세계 공항라운지 본인 무료 입장 서비스 제공 (연 1회, 전월 실적 30만원 이상 시).', '해외': 'NH트래블리체크카드는 해외에서 원화 환산 없이 현지 통화로 결제 및 인출할 수 있는 서비스와 잔액 부족 시 자동충전 기능을 제공합니다.', '기타 혜택(유의사항 등)': '- 국내 가맹점에서 0.2~0.3% 캐시백 제공, 일상 가맹점에서 0.6% 캐시백 제공, 해외 이용 시 수수료 면제.'}"
K-패스체크카드,KB국민카드,https://d1c5n4ri2guedi.cloudfront.net/card/2556/card_img/33457/2556card.png,200000,국내전용 [없음] / 해외겸용 [없음],체크,"{'기타 혜택(유의사항 등)': '대중교통 10% 할인, 생활서비스 1% 적립, 월 최대 1만점 적립 가능.'}"
신한카드 Way 체크(쥬라기),신한카드,https://d1c5n4ri2guedi.cloudfront.net/card/2374/card_img/25323/2373card.png,200000,국내전용 [없음] / 해외겸용[없음],체크,"{'교통': '대중교통 이용 시 최대 5% 적립, 월간 한도 8천원.', '해외': '해외 이용금액에 대해 1.3% 마이신한포인트 적립.', '기타 혜택(유의사항 등)': '생활편의영역 이용 시 최대 2% 적립, 월간 적립한도 8천원.'}"
새로이 체크카드,KB국민카드,https://d1c5n4ri2guedi.cloudfront.net/card/725/card_img/22199/725card.png,300000,국내전용 [없음] / 해외겸용 [없음],체크,"{'마트/편의점': 'GS25 편의점에서 5% 환급할인, 전월 이용실적에 따라 최대 4천원 제공.', '카페/디저트': '스타벅스와 파리바게뜨 5% 할인, 전월 이용실적에 따라 2천원 또는 4천원 제공.', '기타 혜택(유의사항 등)': 'KB국민 새로이 체크카드는 쏘카, 야놀자, LiivM 5% 할인과 멜론, 지니, 넷플릭스, 웨이브 5% 할인, 교보문고 및 어학시험 응시료 5% 할인을 제공하며, 전월 이용실적에 따라 최대 4천원까지 할인받을 수 있습니다.'}"
K-패스 삼성체크카드,삼성카드,https://d1c5n4ri2guedi.cloudfront.net/card/2563/card_img/29688/2563card.png,300000,국내전용 [없음] / 해외겸용 [없음],체크,"{'교통': '대중교통 이용 시 10% 캐시백과 K-패스 마일리지 적립 혜택 제공.', '통신': '이동통신 정기결제 시 10% 캐시백 제공, 전월 이용금액 30만원 이상 시 적용.', '마트/편의점': '편의점, 커피전문점, 제과에서 10,000원 이상 결제 시 1,000원 캐시백(월 3회, 전월 이용금액 30만원 이상 시 제공).', 'OTT/영화/문화': 'CGV에서 5,000원 이상 결제 시 3,000원 할인(연 6회 제공).', '기타 혜택(유의사항 등)': '해외겸용 카드로 후불교통기능이 탑재되어 있으며, 연회비는 없음.'}"
신한카드 하이패스(전용) 체크,신한카드,https://d1c5n4ri2guedi.cloudfront.net/card/391/card_img/20890/391card.png,100000,국내전용 [없음],체크,"{'자동차/하이패스': '하이패스 체크카드는 하이패스 이용요금 0.1% 포인트 적립과 출퇴근 시간대 통행료 20%~50% 자동할인을 제공합니다.', '기타 혜택(유의사항 등)': 'HI-PASS 체크카드는 하이패스 전용으로 마그네틱 사용이 불가하며, 이용금액의 0.1%를 마이신한포인트로 적립합니다.'}"
롯데 국민행복 체크카드,롯데카드,https://d1c5n4ri2guedi.cloudfront.net/card/404/card_img/20902/404card.png,300000,국내전용 [없음],체크,"{'교육/육아': '롯데 국민행복체크카드는 육아/교육 관련 서비스에서 최대 10% 캐시백과 쇼핑 및 헬스 분야에서 5% 캐시백 혜택을 제공합니다.', '기타 혜택(유의사항 등)': '국민행복카드는 다양한 정부 바우처사업을 통합하여 사용할 수 있는 카드입니다.'}"
KB국민 기후동행체크카드,KB국민카드,https://d1c5n4ri2guedi.cloudfront.net/card/2770/card_img/38060/2770card.png,0,국내전용 [없음],체크,"{'교통': '후불 기후동행카드는 서울시 기후동행카드 서비스 범위 내에서 대중교통과 따릉이를 무제한 이용할 수 있는 정기권 후불 교통카드입니다.', '기타 혜택(유의사항 등)': '생활, 쇼핑, 여가 분야에서 각각 2%~5% 할인, 월 최대 4,000원 한도 제공.'}"
꿀카드,MG새마을금고,https://d1c5n4ri2guedi.cloudfront.net/card/2001/card_img/21997/2001card.png,0,국내전용 [없음],체크,"{'쇼핑': '온라인쇼핑에서 간편결제, 쇼핑, 배달앱 결제 시 1만원 이상 이용 시 1천원 할인, 전월 이용실적 30만원 이상 시 월 10회 제공.', '간편결제': '간편결제, 쇼핑, 배달앱 결제 시 1천원 할인(건당 1만원 이상, 전월 이용실적 30만원 이상 시 월 10회 제공).', '기타 혜택(유의사항 등)': '- 쿠팡 로켓와우 멤버십 자동납부 시 최대 2,900원 할인 (전월 실적 10만원 이상, 월 1회).\n- NETFLIX, YouTube Premium 자동납부 시 2천원 할인 (전월 실적 20만원 이상, 월 1회).\n- 멜론, 지니뮤직, 벅스뮤직 자동납부 시 1천원 할인 (전월 실적 20만원 이상, 월 1회).\n- 간편결제, 쇼핑, 배달앱 결제 시 1천원 할인 (전월 실적 30만원 이상, 통합 월 10회).\n- 해외 서비스수수료, 현금인출수수료, 예금잔액조회수수료 면제.'}"
쿵야싱싱체크카드,NH농협카드,https://d1c5n4ri2guedi.cloudfront.net/card/2874/card_img/43948/2874card_1.png,0,국내전용 [없음] / 해외겸용 [없음],체크,"{'기타 혜택(유의사항 등)': '국내외 가맹점 0.2%, 전통시장 15%, 생활영역 0.3% NH포인트 적립 혜택 제공.'}"
카드의정석 EVERYDAY CHECK,우리카드,https://d1c5n4ri2guedi.cloudfront.net/card/2742/card_img/36729/2742card.png,0,국내전용 [없음] / 해외겸용 [없음],체크,"{'기타 혜택(유의사항 등)': '국내외 가맹점 0.2% 기본 적립, 우리페이 0.5% 추가 적립(30만원 이상 실적 시), 생활소비(커피, 쇼핑, 교통, 주유) 1% 특별 적립 제공.'}"
올리 POINT 체크,NH농협카드,https://d1c5n4ri2guedi.cloudfront.net/card/676/card_img/21441/676card.png,0,국내전용 [없음] / 해외겸용 [없음],체크,"{'공항라운지/PP': '국제공항 라운지 무료 이용(연 1회, 전월 실적 50만원 이상 시 제공).', '기타 혜택(유의사항 등)': '국내외 가맹점에서 0.2% NH포인트 적립, 특정 6개 영역에서 1위/2위 시 최대 0.6%/0.4% 추가 적립 가능.'}"
춘식이달달체크카드,NH농협카드,https://d1c5n4ri2guedi.cloudfront.net/card/2758/card_img/37140/2758card_1.png,200000,국내전용 [없음] / 해외겸용 [없음],체크,"{'공항라운지/PP': '국제공항 라운지 무료 이용 서비스(연 1회, 전월 실적 50만원 이상 시 제공).', '기타 혜택(유의사항 등)': 'NH포인트 적립: 평일 0.5%, 주말 1% (커피, 편의점, 영화, 온라인쇼핑, 배달앱), 교통, 해외, 자기계발, 서점, 공연·전시, 미용업종은 1.5% 적립, 디지털구독 결제 시 5% 적립 (조건 있음).'}"
K-패스 하나 체크카드,하나카드,https://d1c5n4ri2guedi.cloudfront.net/card/2682/card_img/33462/2682card.png,300000,국내전용 [없음] / 해외겸용 [없음],체크,"{'교통': '대중교통 이용 시 10% 캐시백, 월 최대 6천원 한도.', '카페/디저트': '스타벅스와 커피빈에서 월 5천원 한도로 1% 캐시백 제공.', '기타 혜택(유의사항 등)': '다이소/올리브영에서 1% 캐시백 제공 (월 1만원 한도).'}"
카카오페이 트래블로그 체크카드,하나카드,https://d1c5n4ri2guedi.cloudfront.net/card/2775/card_img/38195/2775card.png,200000,국내전용 [없음] / 해외겸용 [없음],체크,"{'해외': '해외 이용 시 수수료 면제 혜택 제공.', '기타 혜택(유의사항 등)': '국내 가맹점에서 카카오페이 포인트 적립 서비스 제공, 카카오페이 결제 시 1%, 커피/편의점/생활비/쇼핑/구독 등 특정 영역에서 최대 10% 적립 가능.'}"
일상의 기쁨카드(체크),IBK기업은행,https://d1c5n4ri2guedi.cloudfront.net/card/441/card_img/20947/441card.png,300000,해외겸용 [없음],체크,"{'교통': '버스, 지하철 이용 시 후불교통카드로 건당 100원 할인, 월 최대 1천원 한도.', '마트/편의점': 'GS25, CU, 세븐일레븐에서 5% 할인, 월 2회, 1회 1만원 한도.', '카페/디저트': '주요 커피전문점에서 10% 할인 (1일 1회, 월 2회, 1만원 한도).', 'OTT/영화/문화': 'CGV, 롯데시네마, 메가박스에서 현장 및 온라인 예매 시 월 1회, 연 12회 4천원 할인.', '기타 혜택(유의사항 등)': '- 올리브영 5% 할인 (편의점 통합 월 2회, 1회 1만원 한도)\n- 쿠팡, 티켓몬스터, 위메프 10% 할인 (월 2회, 1회 1만원 한도)\n- IBK기업은행 전자금융 이체수수료 면제 및 타행 ATM 출금수수료 면제 (월 10회)\n- 주요 놀이공원 무료입장 또는 입장료/자유이용권 할인 (월 1회, 연 2회) \n- 전월 이용금액에 따라 통합할인한도 최대 1만원 제공'}"
그랑블루 체크카드,우리카드,https://d1c5n4ri2guedi.cloudfront.net/card/325/card_img/20570/325card.png,300000,"해외겸용 [95,000]원",체크,"{'주유': 'SK주유소에서 리터당 60원 청구할인, 월 30만원 한도.', '푸드': '치킨과 피자에서 각각 10% 청구할인을 제공하며, 월 1회, 연 10회 한정으로 적용된다.', '레저/스포츠': '- 골프장 예약 시 주중 5~40%, 주말 5~20% 할인 및 1박2일 골프패키지 20% 할인 제공, 고급자전거 무료 세척 서비스 월 1회 제공.', 'OTT/영화/문화': '전국 영화관 12,000원 이상 결제 시 3,000원 청구할인, 월 1회, 연 10회 제공.', '공항라운지/PP': '- 전세계 800여 공항라운지 이용 가능한 Priority Pass 카드 제공, 월 1회 및 연 5회 무료 이용 가능.', '여행/숙박': '해외여행 시 데이터로밍 무료 이용, 프리미엄 투어 서비스(2박 시 1박 무료, 할인 혜택), 국내외 여행 및 해외직구 관련 보험 무료 제공, 전월 30만원 이상 이용 시 제공.', '기타 혜택(유의사항 등)': '연 1회 선택 가능한 기프트 바우처 제공 및 국내 모든 가맹점에서 포인트 적립 혜택.'}"
삼성체크카드 & CASHBACK,삼성카드,https://d1c5n4ri2guedi.cloudfront.net/card/394/card_img/28057/394card.png,0,국내전용 [없음],체크,"{'OTT/영화/문화': 'CGV 온라인예매 시 5,000원 이상 결제 시 3,000원 캐시백, 현장결제 시 3,000원 할인 제공.', '기타 혜택(유의사항 등)': '- 모든 가맹점에서 연간 이용금액에 따라 0.2%~0.6% 캐시백 제공, 음식점, 주유, 할인점에서 더 높은 비율 적용.'}"
카카오페이 체크카드,MG새마을금고,https://d1c5n4ri2guedi.cloudfront.net/card/2094/card_img/21906/2094card.png,150000,국내전용 [없음],체크,"{'마트/편의점': '편의점에서 월 2회 5% 할인, 전월 실적에 따라 통합할인한도 최대 15,000원.', '쇼핑': '소셜커머스에서 월 4회 10% 할인, 전월 실적에 따라 통합할인한도 최대 15,000원 제공.', '푸드': '스타일푸드에서 버거킹, 맥도날드, 롯데리아, 미스터도넛, 던킨도넛 10% 할인, 월 2회, 연 12회 제공.', '카페/디저트': '커피전문점 10% 할인(월 2회, 연 12회) 제공, 전월 실적에 따라 통합할인한도 적용.', 'OTT/영화/문화': '영화 2,000원 할인(월 2회, 연 12회) 제공, 전월 실적에 따라 통합할인한도 적용.', '기타 혜택(유의사항 등)': '카카오페이로 결제 시 월 4회 15% 할인 제공, 전월 실적에 따라 통합할인한도 적용.'}"
라이언 치즈 체크카드,NH농협카드,https://d1c5n4ri2guedi.cloudfront.net/card/528/card_img/21216/528card.png,200000,국내전용 [없음] / 해외겸용 [없음],체크,"{'교통': '교통 이용 시 1.5% NH포인트 적립 (전월실적 30만원 이상 시 제공).', '마트/편의점': '편의점(CU, GS25)에서 전월실적 20만원 이상 시 평일 0.5%, 주말 1% NH포인트 적립.', '쇼핑': '온라인쇼핑 시 평일 0.5% 및 주말 1% NH포인트 적립 (전월실적 20만원 이상).', '카페/디저트': '주중 0.5%, 주말 1% NH포인트 적립 (스타벅스, 투썸플레이스, 커피빈에서 사용 가능).', 'OTT/영화/문화': '영화 관람 시 평일 0.5%, 주말 1% NH포인트 적립 (CGV, 롯데시네마, 메가박스).', '공항라운지/PP': '- 배달앱 이용 시 평일 0.5%, 주말 1% NH포인트 적립 (전월실적 20만원 이상 시 제공).\n- 국제공항 라운지 무료 이용 서비스 (전월실적 50만원 이상 시 연 1회 제공).', '해외': '해외 일시불 결제 시 1.5% NH포인트 적립 (전월실적 30만원 이상).', '기타 혜택(유의사항 등)': '- 서점, 자기계발, 공연·전시, H&B 업종에서 1.5% NH포인트 적립, 전월실적 30만원 이상 시 제공. \n- 유튜브, 넷플릭스, 유료 어플리케이션 결제 시 5% NH포인트 적립, 전월실적 30만원 이상 시 제공.'}"
신한 후불 기후동행 체크카드,신한카드,https://d1c5n4ri2guedi.cloudfront.net/card/2767/card_img/38057/2767card.png,200000,국내전용 [없음] / 해외겸용 [없음],체크,"{'교통': '후불 기후동행카드는 서울시 내에서 대중교통과 따릉이를 무제한 이용할 수 있는 정기권 후불 교통카드입니다.', '기타 혜택(유의사항 등)': '온라인 및 오프라인에서 각각 5% 할인 혜택 제공, 전월 이용금액에 따라 월 할인한도 적용.'}"
국민행복체크카드(비씨),NH농협카드,https://d1c5n4ri2guedi.cloudfront.net/card/364/card_img/20605/364card.png,300000,해외겸용 [없음],체크,{'기타 혜택(유의사항 등)': '국민행복카드는 다양한 국가 바우처를 통합하여 사용할 수 있는 카드입니다.'}
영리한 PLUS 체크카드,우체국,https://d1c5n4ri2guedi.cloudfront.net/card/2227/card_img/21354/2227card.png,300000,해외겸용 [없음],체크,"{'쇼핑': '온라인쇼핑 시 11번가, G마켓, 옥션, 쿠팡, 위메프, 티몬에서 15% 캐시백 (건당 3만원 이상, 월 3회).', '카페/디저트': '스타벅스, 투썸플레이스, 이디야에서 5천원 이상 결제 시 5% 캐시백 제공.', '기타 혜택(유의사항 등)': '디지털 구독 서비스(유튜브프리미엄, 넷플릭스 등) 20% 캐시백, 배달앱(배달의민족, 요기요 등) 15% 캐시백, 생활 가맹점(올리브영, GS25 등) 캐시백 제공.'}"
모두의 일상 체크카드,하나카드,https://d1c5n4ri2guedi.cloudfront.net/card/690/card_img/22163/690card.png,0,국내전용 [없음] / 해외겸용 [없음],체크,"{'해외': '해외 가맹점 이용 시 0.4%의 하나머니 적립 서비스 제공.', '기타 혜택(유의사항 등)': '국내 전 가맹점에서 하나머니를 0.3%~0.4% 적립할 수 있는 서비스.'}"
IBK BUDDY CHECK,IBK기업은행,https://d1c5n4ri2guedi.cloudfront.net/card/2917/card_img/45199/2917card.png,200000,국내전용 [없음] / 해외겸용 [없음],체크,"{'교통': '대중교통 후불결제 시 5% 할인 (고속버스, 시외버스, 공항버스, 공항철도 제외).', '통신': '이동통신 요금 5% 할인 (SKT, KT, LGU+; 5만원 이상 자동납부 건에 한함).', '마트/편의점': '편의점에서 5% 할인(건당 1만원 이상 오프라인 결제 시).', '쇼핑': '다이소와 쿠팡에서 각각 5% 할인, 건당 1만원 이상 오프라인 결제 시 적용.', '기타 혜택(유의사항 등)': '배달앱에서 1만원 이상 결제 시 5% 할인 제공.'}"
카드의정석 APT CHECK,우리카드,https://d1c5n4ri2guedi.cloudfront.net/card/545/card_img/21251/545card.png,300000,"국내전용 [9,000]원 / 해외겸용 [9,000]원",체크,"{'공과금/렌탈': '아파트관리비 자동납부 시 전월실적에 따라 3천~10천원 캐시백 제공.', '기타 혜택(유의사항 등)': '유튜브 프리미엄 정기권 월 자동납부 시 30% 캐시백 제공(전월 실적 30만원 이상).'}"
라이프핏 체크카드,MG새마을금고,https://d1c5n4ri2guedi.cloudfront.net/card/2860/card_img/43777/%EB%9D%BC%EC%9D%B4%ED%94%84%ED%95%8F-%EC%B2%B4%ED%81%AC%EC%B9%B4%EB%93%9C.png,200000,해외겸용 [없음],체크,"{'통신': '3대 통신사 및 KT엠모바일의 통신비 자동납부 시 5% 캐시백 제공.', '카페/디저트': '스타벅스, 커피빈 등에서 결제 시 5% 할인 캐시백 (일 1회, 월 5회 한도).', '공과금/렌탈': '자동납부 결제 시 공과금 5% 할인 캐시백 제공.', '해외': '해외 이용 시 해외 서비스수수료 0.25%, 현금인출수수료 $3, 예금잔액조회수수료 $0.5 면제.', '기타 혜택(유의사항 등)': '편의점 및 생활 가맹점에서 결제 시 5% 할인캐시백 제공, 일 1회, 월 5회 한도 적용.'}"
신한카드 Pick I 체크,신한카드,https://d1c5n4ri2guedi.cloudfront.net/card/2527/card_img/28967/2527card.png,0,국내전용 [없음] / 해외겸용 [없음],체크,"{'마트/편의점': '4대 편의점 이용 시 10% 적립, 월 3회, 1회 최대 1천 포인트.', '쇼핑': 'One Pick 온라인 쇼핑몰 가맹점에서 월 최대 3천 포인트 적립.', '카페/디저트': '커피 전문점 이용 시 10% 포인트 적립 (일 1회, 월 3회, 1회 최대 1천 포인트).', '해외': '해외 이용금액 1% 적립, 월 적립한도 1만 포인트.', '기타 혜택(유의사항 등)': '디지털 구독 영역 이용 시 10% 적립, 각 영역별 월 2회, 1회 최대 1천 포인트까지 적립.'}"
카카오뱅크 스마트 하이패스카드,카카오뱅크,https://d1c5n4ri2guedi.cloudfront.net/card/2910/card_img/44943/2910card.png,0,국내전용 [없음],체크,"{'자동차/하이패스': '카카오뱅크 스마트 하이패스카드는 자동충전 기능이 있는 선불 하이패스 카드로, 연회비와 유효기간이 없으며, 다양한 할인 혜택이 제공됩니다.', '기타 혜택(유의사항 등)': '스마트 하이패스카드는 개인만 신청 가능하며, 카드 등록 후 즉시 사용 가능하고, 연동 계좌에서 발급비가 출금됩니다.'}"
케이뱅크 플러스 체크카드,케이뱅크,https://d1c5n4ri2guedi.cloudfront.net/card/669/card_img/21434/669card.png,0,해외겸용 [없음],체크,"{'기타 혜택(유의사항 등)': '모든 가맹점에서 실적 조건 없이 0.3% 캐시백 제공, 최대 2만원까지 월 3% 특별 캐시백 혜택.'}"
가온 올포인트 체크카드,KB국민카드,https://d1c5n4ri2guedi.cloudfront.net/card/454/card_img/20970/454card.png,100000,국내전용 [없음] / 해외겸용 [없음],체크,"{'교통': '대중교통 및 택시 이용 시 0.2% 포인트리 추가 적립.', '주유': 'GS칼텍스 주유소에서 0.8% 포인트리 추가 적립 (전월 이용실적 30만원 이상 시, 건당 3만원 이상 이용 시 월 30만원 한도).', '통신': '이동통신요금 자동이체 시 0.2% 포인트리 추가 적립 (전월 이용실적 10만원 이상 시).', '마트/편의점': 'GS25 편의점 0.2% 포인트리 추가 적립, 대형마트(이마트, 롯데마트, 홈플러스) 0.8% 포인트리 추가 적립.', '카페/디저트': '가온 올포인트 체크카드로 커피/제과/아이스크림 업종에서 0.2% 포인트리 추가 적립.', '기타 혜택(유의사항 등)': '국내외 모든 가맹점에서 전월 이용실적 조건 없이 0.2% 포인트리 기본 적립.'}"
신한카드 SOL트래블 J체크,신한카드,https://d1c5n4ri2guedi.cloudfront.net/card/2847/card_img/42436/2847card_1.png,300000,국내전용 [없음] / 해외겸용 [없음],체크,"{'교통': '국내 대중교통 이용 시 1% 결제일 할인, 월 최대 3천원까지.', '마트/편의점': '국내 4대 편의점에서 결제 시 5% 할인, CU 행사상품은 최대 2,000원 즉시할인 제공.', '해외': '해외 이용 시 현지 통화로 결제 가능하며, 해외 ATM 인출 수수료 및 국제 브랜드 수수료 면제, 일본의 돈키호테와 스타벅스에서 50% 할인 혜택 제공.', '기타 혜택(유의사항 등)': '신한카드 SOL트래블J 체크는 전월 이용금액 30만원 이상 시 일본 여행 서비스, 국내 4대 편의점 5% 할인, 국내 대중교통 1% 할인 혜택을 제공합니다.'}"
신한카드 플리 체크(산리오캐릭터즈),신한카드,https://d1c5n4ri2guedi.cloudfront.net/card/2492/card_img/28476/2492card.png,0,국내전용 [없음] / 해외겸용 [없음],체크,"{'기타 혜택(유의사항 등)': '신한 SOL페이를 통한 국내 결제 시 최대 0.3% 할인, 해외 결제 시 0.2% 할인, 매월 2회 1천원 할인 쿠폰 제공, My Pick 가맹점 이용 시 월 최대 3,000포인트 적립.'}"
부자되세요 더마일리지카드,제주은행,https://d1c5n4ri2guedi.cloudfront.net/card/2170/card_img/21817/2170card.gif,300000,없음,체크,"{'통신': '이동통신요금 5만원 이상 자동 이체 시 월 최대 3천원 청구 할인 제공.', '쇼핑': '5개 온라인몰에서 월 1회 5% 청구 할인, 건당 3만원 이상 이용 시 최대 월 1만원 한도.', '푸드': '패밀리레스토랑 20% 청구 할인(일 1회, 월 2회, 최대 5천원) 및 커피전문점 20% 청구 할인(일 1회, 월 3회, 최대 3천원) 제공, 전월 실적에 따라 할인 한도 달라짐.', 'OTT/영화/문화': '영화관에서 월 1회, 연 6회 최대 3천원 청구 할인 제공.', '기타 혜택(유의사항 등)': '대한항공 스카이패스 마일리지 적립 서비스는 전월 실적 30만원 이상 시, 5개 온라인몰에서 1,000원당 1마일, 기타 국내 가맹점에서 3,000원당 1마일 적립 가능하며, 각각 월 100만원까지 적립된다.'}"
스타플러스 체크카드,KB국민카드,https://d1c5n4ri2guedi.cloudfront.net/card/2588/card_img/30834/2588card.png,0,국내전용 [없음] / 해외겸용 [없음],체크,"{'통신': 'SKT, KT, LG U+, Liiv M에서 통신요금 5만원 이상 시 2,500원 할인.', '마트/편의점': 'GS25, CU에서 전월 이용실적 20만원 이상 시 5% 할인 (월 할인한도 2천원).', '카페/디저트': '스타벅스와 커피빈에서 10% 할인, 월 최대 3천원까지 적용.', 'OTT/영화/문화': 'CGV 영화 4,000원 할인 (월 4회, 전월 이용실적 20만원 이상 시 제공).', '공항라운지/PP': '전 세계 공항라운지 이용권을 연 1회 제공, 전월 이용실적 30만원 이상 시 가능.', '해외': '해외 가맹점 결제 시 2% 할인 (월 할인한도 5천원).', '기타 혜택(유의사항 등)': '- 구글플레이스토어, 앱스토어 10% 할인 (월 5천원 한도, 전월 20만원 이상 이용 시 제공)\n- 인터파크 티켓 10% 할인 (월 7천원 한도, 전월 20만원 이상 이용 시 제공)\n- 올리브영, 미용실 5% 할인 (월 2천원 한도, 전월 20만원 이상 이용 시 제공)\n- 넷플릭스, 유튜브프리미엄 1,000원 할인 (월 2천원 한도, 전월 20만원 이상 이용 시 제공)\n- 배달의 민족, 요기요 1,000원 할인 (월 1천원 한도, 전월 20만원 이상 이용 시 제공)\n- 에버랜드, 롯데월드 15,000원 할인 (월 1만5천원 한도, 전월 20만원 이상 이용 시 제공)'}"
카카오페이 KB국민 체크카드,KB국민카드,https://d1c5n4ri2guedi.cloudfront.net/card/332/card_img/20576/332card.png,300000,국내전용 [없음] / 해외겸용 [없음],체크,"{'교통': '대중교통 이용 시 카카오페이머니 1% 적립.', '마트/편의점': 'CU편의점 이용 시 카카오페이머니 1% 적립.', '카페/디저트': '커피전문점 이용 시 1% 카카오페이머니 적립, 월간 통합적립한도 1만p.', '기타 혜택(유의사항 등)': '- 카카오페이 결제 시 2% 적립(전월 실적 30만원 이상, 월 1만p 한도) 및 제과/아이스크림 업종 1% 적립(월 1만p 한도).'}"
하나 기후동행체크카드,하나카드,https://d1c5n4ri2guedi.cloudfront.net/card/2768/card_img/38058/2768card.png,100000,국내전용 [없음],체크,"{'교통': '만 19세 이상 고객에게 발급되며, 후불교통 이용금액은 결제일에 일시 출금됨.', '기타 혜택(유의사항 등)': '편의점, 서점, 베이커리에서 각각 1,000원 캐시백을 월 2회, 연 6회 제공하며, 월 통합 캐시백 한도는 5,000원이다.'}"
VIVA X 체크카드,하나카드,https://d1c5n4ri2guedi.cloudfront.net/card/749/card_img/22223/749card.png,0,국내전용 [없음] / 해외겸용 [없음],체크,"{'해외': '해외 가맹점 이용 시 수수료 면제 서비스 제공.', '기타 혜택(유의사항 등)': '해외 ATM 인출 수수료 면제 및 국내 가맹점 결제 시 0.3% 캐쉬백 제공.'}"
롯데체크카드,롯데카드,https://d1c5n4ri2guedi.cloudfront.net/card/403/card_img/20901/403card.png,0,국내전용 [없음] / 해외겸용 [없음],체크,"{'해외': '해외 VISA 가맹점에서 일시불 거래 가능하며, 해외 ATM에서 현지통화 인출 시 수수료가 부과됩니다.', '기타 혜택(유의사항 등)': '전국 가맹점에서 L.POINT 0.2% 적립, SK주유소에서 리터당 50포인트 적립.'}"
신한 슈퍼SOL 체크,신한카드,https://d1c5n4ri2guedi.cloudfront.net/card/638/card_img/32199/638card.png,300000,국내전용 [없음] / 해외겸용 [없음],체크,"{'쇼핑': '쇼핑가맹점에서 총 1% 포인트 적립(기본 0.3% + 추가 0.7%).', '해외': '해외 가맹점 이용금액의 1% 포인트 적립 (기본 0.3% + 추가 0.7%).', '기타 혜택(유의사항 등)': '신한 슈퍼SOL 체크카드는 모든 가맹점에서 0.3% 포인트 적립, 생활가맹점에서 총 2% 포인트 적립 혜택을 제공합니다.'}"
다원 체크카드,MG새마을금고,https://d1c5n4ri2guedi.cloudfront.net/card/2092/card_img/21908/2092card.png,100000,국내전용 [없음],체크,"{'마트/편의점': '휴일 대형마트 이용 시 3천원 할인 (건당 5만원 이상, 월 2회 제공).', '기타 혜택(유의사항 등)': '- 국내 이용금액 0.3% 포인트 적립, 평일 점심시간 음식점 1천원 할인, 해외 서비스수수료 및 현금인출수수료 면제.'}"
KB국민 우리동네 체크카드,KB국민카드,https://d1c5n4ri2guedi.cloudfront.net/card/2332/card_img/24588/2332card.png,200000,국내전용 [없음] / 해외겸용 [없음],체크,"{'기타 혜택(유의사항 등)': 'KB국민카드로 세탁소 10%, 정육점 10%, 슈퍼마켓 5%, 반찬가게 5%, 야채과일가게 5%, 번개장터 5% 할인 제공.'}"
체크카드,NH농협카드,https://d1c5n4ri2guedi.cloudfront.net/card/499/card_img/21188/499card.png,200000,국내전용 [없음] / 해외겸용 [없음],체크,"{'주유': '농협운영주유소에서 NH포인트 3% 적립 및 NH-Oil과 GS칼텍스 주유소에서 휘발유 40원, LPG 20원 할인 제공.', 'OTT/영화/문화': '문화서비스(영화, 커피, 서적) 10% 할인, 월 3회, 회당 1,500원 한도, 월 4,500원 한도.', '기타 혜택(유의사항 등)': '농협판매장에서 NH포인트 5% 적립(월 1만 포인트 한도)과 외화 환전 수수료 30~50% 할인 제공.'}"
K-패스(체크),IBK기업은행,https://d1c5n4ri2guedi.cloudfront.net/card/2562/card_img/33444/2526card.png,300000,국내전용 [없음] / 해외겸용 [없음],체크,"{'교통': '대중교통 후불교통카드 이용 시 건당 100원 할인, 월 최대 1천원 한도.', '마트/편의점': '편의점에서 5% 할인(월 2회, 1회 1만원 한도).', '쇼핑': '온라인쇼핑에서 쿠팡, 티몬, 위메프에서 10% 할인, 월 2회, 1회 1만원 한도.', '카페/디저트': '스타벅스 등 8개 카페에서 커피 10% 할인, 월 2회, 1회 1만원 한도.', 'OTT/영화/문화': '영화 4천원 할인 (CGV, 롯데시네마, 메가박스) - 월 1회, 연 12회, 건당 1만원 이상 결제 시.', '기타 혜택(유의사항 등)': '놀이공원 본인 무료입장 또는 자유이용권 최대 50% 할인 제공.'}"
가온체크카드,KB국민카드,https://d1c5n4ri2guedi.cloudfront.net/card/336/card_img/20580/336card.png,100000,국내전용 [없음],체크,"{'교통': '대중교통 및 택시 이용 시 0.2% 추가 포인트리 적립.', '통신': '이동통신요금 자동납부 시 0.2% 추가 포인트리 적립.', '푸드': '음식점과 커피전문점에서 0.2% 추가 포인트리 적립.', '기타 혜택(유의사항 등)': '모든 가맹점에서 기본 0.2% 포인트리 적립, 주말 및 공휴일 추가 0.2% 적립 (대중교통 제외).'}"
오키카드 H,OK캐쉬백,https://d1c5n4ri2guedi.cloudfront.net/card/2900/card_img/44372/2900card.png,0,국내전용 [없음],체크,"{'기타 혜택(유의사항 등)': '오키카드 H는 사용 금액의 0.2% 또는 1.5%를 랜덤으로 적립하며, 2025년 12월 31일까지 제공됩니다.'}"
미래에셋증권 체크카드 (캐시백 2),미래에셋증권,https://d1c5n4ri2guedi.cloudfront.net/card/2217/card_img/21768/2217card.png,300000,국내전용 [없음],체크,"{'기타 혜택(유의사항 등)': '전월 사용금액에 따라 0.5~1% 캐시백 지급, 최대 2만원.'}"
신한카드 SOL글로벌 체크,신한카드,https://d1c5n4ri2guedi.cloudfront.net/card/2922/card_img/45404/2922card.png,0,국내전용 [없음] / 해외겸용 [없음],체크,"{'기타 혜택(유의사항 등)': '신한카드 SOL글로벌/SOL글로벌U 체크는 대중교통, 이동통신요금, 대형마트, 음식점, 병원/약국에서 각각 10% 캐시백 혜택을 제공합니다.'}"
트래블GO 체크카드,하나카드,https://d1c5n4ri2guedi.cloudfront.net/card/2740/card_img/36648/2740card_1.png,200000,해외겸용 [없음],체크,"{'해외': '해외 가맹점 및 ATM 이용 시 수수료 면제 혜택 제공.', '기타 혜택(유의사항 등)': '하나머니 적립 서비스는 국내 가맹점에서 5% 적립 가능하며, 각 영역별 월 최대 5회 적립이 적용됩니다.'}"
미래에셋증권 체크카드(할인 2),미래에셋증권,https://d1c5n4ri2guedi.cloudfront.net/card/2216/card_img/21769/2216card.png,300000,국내전용 [없음],체크,"{'마트/편의점': '편의점과 대형마트에서 각각 10% 할인, 월 최대 1만원, 최대 4회 적용.', '카페/디저트': '커피전문점 10% 할인 (월 최대 1만원, 최대 4회, 건당 5000원 이상).', '기타 혜택(유의사항 등)': '디지털구독 서비스에서 Melon, BUGS, genie, Mnet, RIDIBOOKS, NETFLIX, YouTube Premium에 대해 월 최대 1만원 할인(건당 5000원 이상, 월 최대 4회 적용).'}"
드림플러스 아시아나 체크카드,우체국,https://d1c5n4ri2guedi.cloudfront.net/card/574/card_img/21307/574card.png,300000,해외겸용 [없음],체크,"{'주유': 'SK주유소에서 L당 40원 할인, 1일 1회, 월 3회, 10만원 한도.', '마트/편의점': '마트 및 편의점에서 5% 캐시백 제공.', '쇼핑': '온라인쇼핑 가맹점에서 3만원 이상 결제 시 5% 캐시백 제공.', '카페/디저트': '스타벅스, 투썸플레이스, 이디야에서 오프라인 결제 시 5% 캐시백 제공.', 'OTT/영화/문화': 'CGV, 롯데시네마, 메가박스에서 5% 캐시백 제공.', '해외': '해외 이용 시 1% 캐시백(전월실적 30만원 이상, 최대 15천원 한도).', '기타 혜택(유의사항 등)': '- 아시아나항공: 할인가맹점 1,500원당 1마일리지 적립, 기타 가맹점 2,500원당 1마일리지 적립.\n- 면세점: 면세점에서 5% 캐시백.\n- 금융: 우체국 서비스에서 5% 캐시백.'}"
IBK포인트(체크),IBK기업은행,https://d1c5n4ri2guedi.cloudfront.net/card/2783/card_img/38747/2783card.png,0,국내전용 [없음] / 해외겸용 [없음],체크,"{'카페/디저트': '특정 커피 가맹점 이용 시 6% 적립, 전월 이용실적에 따라 월 최대 8천 포인트 적립 가능.', '기타 혜택(유의사항 등)': '국내외 가맹점 이용금액의 0.2%를 적립하며, 전월 이용실적 및 한도 제한이 없다.'}"
BAZIC(베이직)체크카드,NH농협카드,https://d1c5n4ri2guedi.cloudfront.net/card/370/card_img/20867/370card.png,0,국내전용 [없음] / 해외겸용 [없음],체크,{'기타 혜택(유의사항 등)': '국내·외 전 가맹점 0.2~0.3% 청구할인 제공.'}
신한카드 S-Line 체크,신한카드,https://d1c5n4ri2guedi.cloudfront.net/card/294/card_img/20517/294card.png,300000,국내전용 [없음] / 해외겸용 [없음],체크,"{'교통': '버스, 지하철 5% 할인(월 최대 5,000원) 또는 SK주유소 리터당 40원 할인(일 1회, 월 30만원 한도) 제공.', '쇼핑': '홈쇼핑과 해외 이용금액의 5% 캐시백 할인 제공, 월 2회, 건당 최대 2,500원 할인.', '푸드': '요식업종 이용금액의 5% 할인 (오전 11시 ~ 오후 2시, 1만원 이상 이용 시 일 1회, 월 5회, 건당 최대 1,000원).', '기타 혜택(유의사항 등)': '마이신한포인트 기본 0.2%, 특별 0.3% 적립, 금융 우대 서비스 및 S-Line 체크카드 할인 제공.'}"
신한카드 주거래 체크,신한카드,https://d1c5n4ri2guedi.cloudfront.net/card/284/card_img/20506/284card.png,300000,해외겸용 [없음],체크,"{'쇼핑': '쇼핑 가맹점 1% 포인트 적립, 해외 이용금액 1% 포인트 적립, 생활 가맹점 2% 포인트 적립.', '기타 혜택(유의사항 등)': '신한카드 주거래 체크는 모든 가맹점에서 0.3% 포인트 적립(월 최대 3만원) 혜택을 제공합니다.'}"
우리 기후동행카드(체크),우리카드,https://d1c5n4ri2guedi.cloudfront.net/card/2826/card_img/39936/2826card.png,250000,국내전용 [없음],체크,"{'교통': '서울시 기후동행카드는 대중교통과 따릉이를 횟수 제한 없이 이용할 수 있는 정기권 후불 교통카드입니다.', '기타 혜택(유의사항 등)': '생활 업종에서 5% 캐시백 제공, 전월 이용 실적 25만원 이상 시 적용.'}"
민 체크카드,KB국민카드,https://d1c5n4ri2guedi.cloudfront.net/card/346/card_img/20591/346card.png,300000,국내전용 [없음] / 해외겸용 [없음],체크,"{'교통': '버스·지하철 5% 청구할인(월 3만원 한도, 전월 30만원 이상 이용 시).', '주유': 'SK에너지에서 리터당 60원 환급할인, 월 최대 30만원까지 적용.', '통신': '이동통신요금 2,500원 정액할인 (전월 이용실적 30만원 이상 시, 자동이체 5만원 이상 등록 필요).', '마트/편의점': '- 대형마트: 이마트·롯데마트·홈플러스에서 5% 환급할인 (건당 3만원 이상, 월 10만원 한도).\n- 편의점: CU편의점에서 3% CU포인트 적립 (전월 실적 무관).', '푸드': '패스트푸드 10% 환급할인 (월 최대 10만원, 전월 이용실적 30만원 이상).', '기타 혜택(유의사항 등)': '스피드메이트에서 엔진오일 교환 시 2만원 할인 및 정비공임 10% 할인 제공.'}"
신한카드 Pick E 체크,신한카드,https://d1c5n4ri2guedi.cloudfront.net/card/2528/card_img/28966/2528card.png,0,국내전용 [없음] / 해외겸용 [없음],체크,"{'마트/편의점': '4대 편의점 이용 시 10% 적립, 월 3회, 1회 최대 1천 포인트.', '푸드': 'One Pick 맛집 가맹점에서 월 최대 3천 포인트 적립.', '카페/디저트': '커피 전문점 이용 시 10% 포인트 적립 (일 1회, 월 3회, 1회 최대 1천 포인트).', '해외': '해외 이용금액 1% 적립, 월 적립한도 1만 포인트.', '기타 혜택(유의사항 등)': '놀이 영역 이용 시 10% 포인트 적립 (월 3회, 1회 최대 1천 포인트, 전월 이용금액 20만원 이상 시 제공).'}"
우체국 LUCK-KEY 체크카드,우체국,https://d1c5n4ri2guedi.cloudfront.net/card/2871/card_img/43922/2871card_1.png,100000,국내전용 [없음] / 해외겸용 [없음],체크,"{'마트/편의점': '편의점에서 10% 캐시백(건당 5천원 이상, 월 5천원 한도).', '푸드': '패스트푸드에서 간편식 7% 캐시백 제공 (맥도날드, 롯데리아, 버거킹, 써브웨이).', '카페/디저트': '카페에서 커피 구매 시 7% 캐시백 (건당 7천원 이상, 월 2천원 한도).', '간편결제': '간편결제 시 7% 캐시백(건당 7천원 이상, 월 2천원 한도).', '기타 혜택(유의사항 등)': '- 생활: 카카오톡 선물하기, 철도승차권, 인생네컷 등에서 7% 캐시백, 월 2천원 한도.\n- 학원: 학원 및 문구용품 업종에서 7% 캐시백, 월 2천원 한도.\n- 보험사: 신규 발급 고객에게 우체국예금 제휴보험 3종 무료가입(1년).'}"
이지캐시백,IBK기업은행,https://d1c5n4ri2guedi.cloudfront.net/card/748/card_img/22222/748card.png,0,국내전용 [없음] / 해외겸용 [없음],체크,"{'기타 혜택(유의사항 등)': '기본캐시백 0.2%와 점심/저녁 시간대에 3배 캐시백(0.6%) 제공, 금융우대 서비스로 전자금융 및 ATM 수수료 면제.'}"
신한카드 Way 체크,신한카드,https://d1c5n4ri2guedi.cloudfront.net/card/2338/card_img/24301/2338card.png,200000,국내전용 [없음] / 해외겸용[없음],체크,"{'교통': '대중교통 이용 시 최대 5% 적립, 월간 한도 8천원.', '해외': '해외 이용금액에 대해 1.3% 마이신한포인트 적립.', '기타 혜택(유의사항 등)': '생활편의영역 이용 시 최대 2% 적립, 월간 적립한도 8천원.'}"
행복한 체크카드,우체국,https://d1c5n4ri2guedi.cloudfront.net/card/585/card_img/21340/585card.png,300000,해외겸용 [없음],체크,"{'마트/편의점': '대형마트에서 이마트, 홈플러스, 롯데마트 이용 시 월 2회 10% 캐시백 제공.', '병원/약국': '병원·의원 및 모든 약국에서 10% 캐시백, 월 4회 한정.', '기타 혜택(유의사항 등)': '- 학원 10% 캐시백 (예체능, 외국어, 보습학원)\n- 공연/전시 10% 캐시백 (인터파크, YES24 온라인 공연예매)\n- 우체국 서비스: 순수 우편서비스 12% 캐시백, 우체국쇼핑 10% 캐시백, 우체국쇼핑 5% 추가 할인, 그린서비스 (지자체 시설 무료입장 및 할인, 에코머니 적립)'}"
신협 어부바 체크카드,신협,https://d1c5n4ri2guedi.cloudfront.net/card/1463/card_img/20611/1463card.jpg,200000,국내전용 [없음] / 해외겸용 [없음],체크,"{'통신': 'SKT, KT, LG U+ 통신요금 3,000원 캐시백(5만원 이상 체크카드 자동이체, 월 1회).', '마트/편의점': '편의점에서 10% 캐시백, 화요일 제외 5%, 건당 5천원 이상 결제 시, 월 4회, 한도 5천원.', '푸드': '미스터피자, 맥도날드, KFC에서 10% 캐시백(화요일 외 5%) 제공, 건당 8천원 이상 결제 시, 일 1회, 월 4회, 월 한도 5천원.', '카페/디저트': '커피전문점에서 10% 캐시백, 화요일 외 5%, 건당 8천원 이상 결제 시, 일 1회, 월 4회, 월 캐시백 한도 5천원.', 'OTT/영화/문화': '영화 CGV, 메가박스, 롯데시네마에서 1만원 이상 결제 시 3,000원 캐시백, 월 1회, 연 6회 제공.', '기타 혜택(유의사항 등)': '- 도서, 드럭스토어, 렌터카에서 5% 캐시백(건당 2만원 이상, 월 한도 5천원) 제공.'}"
현대카드X CHECK,현대카드,https://d1c5n4ri2guedi.cloudfront.net/card/408/card_img/28395/408card.png,0,"국내전용 [2,000원]",체크,"{'기타 혜택(유의사항 등)': '모든 가맹점에서 월 100만원 미만 이용 시 0.3%, 이상 이용 시 0.6%의 X캐시백 적립.'}"
KB국민 티머니노리학생증 체크카드(세로형_퍼플),KB국민카드,https://d1c5n4ri2guedi.cloudfront.net/card/1615/card_img/22581/1615card.png,200000,국내전용 [없음],체크,"{'통신': '이동통신요금 2,500원 환급할인(월 1회, 전월 이용실적 30만원 이상 시).', '마트/편의점': 'GS25에서 5% 환급할인, 건당 1만원~2만원 이용 시 최대 1,000원 할인.', '카페/디저트': '스타벅스에서 20% 환급할인(최대 4,000원, 1만원~2만원 이용 시 적용).', 'OTT/영화/문화': 'CGV에서 영화 관람 시 35% 환급할인(최대 7,000원) 제공.', '기타 혜택(유의사항 등)': '- 패밀리레스토랑: 아웃백, VIPS 20% 환급할인 (최대 10,000원)\n- 테마파크: 에버랜드·롯데월드 50% 환급할인 (최대 25,000원)\n- 금융: 인터넷·모바일 타행이체 수수료 면제 (70만원 이상 이용 시)\n- 도서: 교보문고 5% 환급할인 (최대 2,500원)'}"
기후동행카드(체크),NH농협카드,https://d1c5n4ri2guedi.cloudfront.net/card/2773/card_img/38079/2773card.png,200000,국내전용 [없음],체크,"{'교통': '후불 기후동행카드는 서울시 기후동행 서비스 범위 내에서 대중교통과 따릉이를 무제한 이용할 수 있는 정기권 후불 교통카드입니다.', '통신': '이동통신 자동납부 시 2,500원 청구할인 (SKT, KT, LGU+ 대상, 월 1건, 5만원 이상 결제 시).', '마트/편의점': 'GS25에서 1만원 이상 결제 시 3% 청구할인(월 최대 3,000원).', '쇼핑': '온라인 쇼핑몰에서 10% 청구할인, 건당 2만원 이상 시 최대 2,500원 할인 (월 최대 5,000원).', '카페/디저트': '스타벅스와 이디야에서 오프라인 결제 시 10% 청구할인 (월 최대 3,000원).', '교육/육아': '어학시험(영어, 일본어, 한국어) 10% 청구할인, 건당 2만원 이상 시 최대 2,500원 할인 (월 1회, 연 6회).', 'OTT/영화/문화': 'CGV 온라인 예매 시 2,000원 청구할인(월 1회, 건당 1만원 이상 결제 시).', '기타 혜택(유의사항 등)': '- 온라인 서점 10% 청구할인, 배달앱 3% 청구할인, 놀이공원 50% 현장할인 제공.'}"
NEW현대백화점체크카드,iM뱅크,https://d1c5n4ri2guedi.cloudfront.net/card/823/card_img/21719/823card.png,200000,해외겸용 [없음],체크,"{'주유': '현대오일뱅크 주유 시 리터당 40원 캐시백, 건당 5만원 이상 주유 시 월 4회까지 적용.', '푸드': '아웃백스테이크하우스와 TGIF에서 5만원 이상 결제 시 월 1회, 연간 4회 1만원 캐시백 할인 제공.', '카페/디저트': '스타벅스, 커피빈, 엔제리너스에서 10% 캐시백 할인 (1일 1회, 월 2회, 최대 3천원).', 'OTT/영화/문화': 'CGV 영화 관람 시 건당 1만원 이상 결제 시 3천원, 2만원 이상 결제 시 6천원 캐시백 할인 (연간 최대 6회).', '기타 혜택(유의사항 등)': '- 현대백화점 5% 현장할인, 현대아울렛 5% 캐시백, 진에어 5% 캐시백, 연간 보너스 캐시백, 교보문고/토익 응시료 2천원 캐시백 제공.'}"
국민행복 체크카드 S2,우리카드,https://d1c5n4ri2guedi.cloudfront.net/card/722/card_img/22196/722card.png,300000,국내전용 [없음] / 해외겸용 [없음],체크,"{'해외': '해외가맹점 이용 시 1만원 이상 30만원 미만 1% 캐시백, 30만원 이상 2% 캐시백, 월 최대 1만원 캐시백.', '기타 혜택(유의사항 등)': '국민행복 카드: 쇼핑/생활 업종 2% 캐시백, 의료/보육 업종 3% 캐시백, 디지털 구독 업종 10% 캐시백 제공.'}"
able 카드 Ⅱ,KB증권,https://d1c5n4ri2guedi.cloudfront.net/card/2219/card_img/21765/2219card.png,300000,국내전용 [없음],체크,"{'주유': '주유 시 리터당 40원 할인, 건당 5만원 이상 결제 시 월 5천원 한도 내 적용.', '마트/편의점': '대형마트 이용금액의 5% 할인(월 5천원 한도, 건당 3만원 이상 결제 시 적용).', '쇼핑': '온라인쇼핑몰 이용금액의 5% 할인, 건당 3만원 이상 결제 시 월 5천원 한도 내 적용.', '기타 혜택(유의사항 등)': '- 배달 앱 이용 시 5% 할인, 월 5천원 한도.'}"
KDB Choice 하이브리드 카드,KDB산업은행,https://d1c5n4ri2guedi.cloudfront.net/card/1964/card_img/22034/1964card.png,0,국내전용 [없음],체크,"{'교통': '버스 또는 지하철 이용 시 건당 100원 청구할인(월 20건 이내, 전월실적 10만원 이상 시 적용).', '마트/편의점': '전국 대형마트에서 전월 실적에 따라 최대 1만2천원 캐시백 제공.', '쇼핑': '온라인쇼핑과 홈쇼핑 모두 전월실적에 따라 최대 1만2천원 캐시백 한도를 제공하며, 캐시백은 거래 후 2~3일 이내에 입금됨.', '카페/디저트': '스타벅스, 엔제리너스 등 카페에서 전월 실적에 따라 최대 1만2천원 캐시백 제공.', '기타 혜택(유의사항 등)': '전월실적에 따라 최대 1만2천원 캐시백 제공, 업종별 한도 및 횟수 제한 없음.'}"
신한카드 처음(선불),신한카드,https://d1c5n4ri2guedi.cloudfront.net/card/2857/card_img/43316/2857card_1.png,0,국내전용 [없음],체크,"{'교통': 'Tmoney 선불기능 탑재로 지하철, 버스, 편의점에서 사용 가능하며, 청소년 할인 및 소득공제 적용을 위해 등록 필요.', '기타 혜택(유의사항 등)': '만 10~18세가 본인 명의 휴대폰으로 간편 발급 가능한 선불카드로, 기본적으로 선불 교통카드 기능을 제공하며, 국내에서만 사용 가능합니다.'}"
미타임 체크카드,MG새마을금고,https://d1c5n4ri2guedi.cloudfront.net/card/2510/card_img/28716/2510card.png,100000,해외겸용 [없음],체크,"{'쇼핑': '쇼핑 대상 가맹점에서 3만원 이상 결제 시 2,000원 할인, 전월 이용실적 10만원 이상 시 월 5회 제공.', '카페/디저트': '스타벅스, 투썸플레이스, 커피빈, 이디야에서 5천원 이상 결제 시 500원 할인 (전월 이용실적 10만원 이상, 월 10회 한정).', '기타 혜택(유의사항 등)': 'H&B스토어 및 뷰티업종에서 1만원 이상 결제 시 1,000원 할인 제공.'}"
내일배움체크카드,NH농협카드,https://d1c5n4ri2guedi.cloudfront.net/card/367/card_img/20608/367card.png,0,국내전용 [없음],체크,"{'주유': '농협운영주유소에서 3% NH포인트 적립 및 NH-Oil과 GS칼텍스에서 리터당 휘발유 40원, LPG 20원 청구 할인 제공.', '마트/편의점': '농협판매장에서 5% NH포인트 적립, 월 2회 한도 5천 포인트.', '교육/육아': '내일배움카드는 구직 중인 실업자와 영세 자영업자에게 최대 500만원의 직업능력개발훈련 지원금을 제공하는 제도입니다.', 'OTT/영화/문화': '문화 서비스(영화, 커피, 서적) 10% 청구 할인, 월 3회, 회당 1,500원 한도.', '여행/숙박': '해외 로밍, 여행 호텔 할인, 통화요금 5% 할인, 임대폰 무료 지원, 국내·외 여행스케치 현장 할인(3~5%) 제공.', '기타 혜택(유의사항 등)': '주유, 외식, 영화, 커피, 서적 할인 혜택 제공, 단 전월 이용금액 30만원 이상 시 적용.'}"
카카오뱅크 개인사업자 체크카드,카카오뱅크,https://d1c5n4ri2guedi.cloudfront.net/card/2421/card_img/27093/2421card.png,0,국내전용 [없음] / 해외겸용 [없음],체크,"{'비즈니스': '비즈니스 카드로 대형마트, 주유소, 통신요금, 렌탈 서비스, 해외 결제에서 3% 캐시백 제공.', '기타 혜택(유의사항 등)': '모든 음식점 및 카페에서 0.3% 캐시백 제공, 전월 실적에 따라 최대 5만원까지 증가 가능.'}"
어디서나 체크카드,우체국,https://d1c5n4ri2guedi.cloudfront.net/card/571/card_img/21304/571card.png,300000,해외겸용 [없음],체크,"{'주유': 'SK주유소에서 L당 40원, 알뜰주유소에서 L당 100원 포인트 적립.', '쇼핑': '전통시장 10% 캐시백(최대 2천원, 월 5천원), 대형마트 및 6대 홈쇼핑 5% 캐시백(최대 2천원, 월 5천원), 11번가, G마켓, 옥션, 쿠팡 5% 캐시백(최대 1천원, 월 5천원).', '푸드': '음식점 및 특정 카페에서 오전 11시~오후 2시에 5% 포인트 적립.', 'OTT/영화/문화': '메가박스 현장구매 및 홈페이지 예매 시 5% 캐시백, Yes24와 교보문고(인터넷)에서도 5% 캐시백 제공.', '기타 혜택(유의사항 등)': '우편, 택배, EMS, 우표구매, 우체국쇼핑에서 10% 포인트 적립, 통합 월 최대 5천원.'}"
노리2 체크카드(Play),KB국민카드,https://d1c5n4ri2guedi.cloudfront.net/card/2550/card_img/29586/2550card.png,200000,국내전용 [없음] / 해외겸용 [없음],체크,"{'통신': 'SKT, KT, LG U+, Liiv M에서 전월 이용실적 20만원 이상 시 통신요금 5만원 이상 이용 시 2,500원 할인 제공.', '마트/편의점': 'GS25, CU에서 전월 이용실적 20만원 이상 시 5% 할인, 월 최대 2천원까지 제공.', '푸드': '패스트푸드 업종에서 1,000원 할인 제공 (전월 이용실적 30만원 이상 시, 건당 1만원 이상 이용 시, 월 1회 한정).', '카페/디저트': '스타벅스와 커피빈에서 전월 이용실적 조건 없이 월 3만원 이용 시 10% 할인, 최대 3천원까지 제공.', 'OTT/영화/문화': 'CGV에서 전월 이용금액 20만원 이상 시 4,000원 할인, 월 2회 제공.', '기타 혜택(유의사항 등)': '- 구글플레이스토어, 앱스토어 10% 할인 (월 5천원 한도, 전월 20만원 이상 이용 시 제공)\n- 인터파크 티켓 10% 할인 (월 7천원 한도, 전월 20만원 이상 이용 시 제공)\n- 올리브영, 미용실 업종 5% 할인 (월 2천원 한도, 전월 20만원 이상 이용 시 제공)\n- 넷플릭스, 유튜브프리미엄 1,000원 할인 (월 2천원 한도, 전월 20만원 이상 이용 시 제공)\n- 배달의민족, 요기요 1,000원 할인 (월 1천원 한도, 전월 20만원 이상 이용 시 제공)\n- 에버랜드, 롯데월드 15,000원 할인 (월 1회, 전월 20만원 이상 이용 시 제공)\n- PC방 업종 10% 할인 (월 2천원 한도, 전월 30만원 이상 이용 시 제공)'}"
신한카드 국민행복 체크,신한카드,https://d1c5n4ri2guedi.cloudfront.net/card/713/card_img/22187/713card.png,300000,국내전용 [없음] / 해외겸용 [없음],체크,"{'쇼핑': '쿠팡, SSG닷컴, 롯데ON, 11번가, G마켓에서 통합 월 1회, 건당 최대 3천원 5% 할인.', '병원/약국': '병원, 약국, 산후조리원에서 5% 할인, 월 1회, 건당 최대 3천원 할인.', '교육/육아': '어린이집/유치원 부모부담금과 인터넷서점 결제 시 5% 할인, 월 1회, 건당 최대 3천원.', '기타 혜택(유의사항 등)': '- 배달앱: 배달의민족, 요기요 5% 할인, 월 1회, 최대 3천원.\n- 디지털구독: 넷플릭스, 유튜브프리미엄 50% 할인, 월 1회, 최대 5천원; 네이버, 쿠팡, 롯데ON 3천원 할인, 월 1회, 최대 3천원.\n- 금융: 신한은행 체크카드 이체수수료 및 ATM 인출 수수료 월 5회 면제; 신한라이프 어린이보험 보험료 우대.'}"
일상의 기쁨 Dream 체크카드,IBK기업은행,https://d1c5n4ri2guedi.cloudfront.net/card/807/card_img/21736/807card.png,300000,해외겸용 [없음],체크,"{'교통': '버스, 지하철 이용 시 후불교통카드로 건당 100원 할인, 월 최대 1천원.', '마트/편의점': 'GS25, CU, 세븐일레븐 5% 할인, 쿠팡, 티몬, 위메프 10% 할인, 올리브영 5% 할인.', '카페/디저트': '주요 커피전문점 10% 할인, 스타벅스 등에서 20% 할인 (1일 1회, 월 2회, 1만원 한도).', 'OTT/영화/문화': 'CGV, 롯데시네마, 메가박스에서 현장 및 온라인 예매 시 월 1회, 연 12회 4천원 할인.', '기타 혜택(유의사항 등)': '- IBK기업은행 결제계좌 이용 시 전자금융 이체수수료 및 타행 ATM 출금수수료 면제, 환전 시 환율 70% 우대 제공.'}"
에어머니 체크카드,MG새마을금고,https://d1c5n4ri2guedi.cloudfront.net/card/2509/card_img/28715/2509card.png,100000,해외겸용 [없음],체크,"{'카페/디저트': '스타벅스, 투썸플레이스, 커피빈에서 5천원 이상 결제 시 500원 Air Money 특별적립 (월 10회, 전월 30만원 이상 이용 시 제공).', '공항라운지/PP': '전월 이용실적 30만원 이상 시 국내외 공항라운지 본인 무료이용, 일 1회, 월 1회, 연 2회 제공.', '여행/숙박': '여행·관광업종 이용 시 5만원 이상 결제 시 건당 3,000원 Air Money 특별적립, 월 3회 제공.', '해외': '해외 가맹점 이용 시 결제금액의 1%를 Air Money로 적립.', '기타 혜택(유의사항 등)': '국내 가맹점 이용금액의 0.3% Air Money 적립, 해외이용 수수료 면제.'}"
스타체크카드,KB국민카드,https://d1c5n4ri2guedi.cloudfront.net/card/351/card_img/20595/351card.png,200000,국내전용 [없음] / 해외겸용 [없음],체크,"{'교통': '버스·지하철 5% 청구할인, 월 2만원까지 최대 1천원 할인, 전월 이용실적 30만원 이상 필요.', '주유': 'GS칼텍스에서 주중 50원, 주말 60원 리터당 환급할인, 월간 최대 30만원 이용 시 적용.', '통신': '이동통신요금 자동납부 5만원 이상 시 월 2,500원 할인.', '쇼핑': 'G마켓·옥션에서 3만원 이상 결제 시 최대 3,000원 환급할인 제공.', 'OTT/영화/문화': 'CGV에서 7천원 이상 영화티켓 구매 시 월 3,000원 환급할인 (월 2회, 연 12회).', '기타 혜택(유의사항 등)': '- 에버랜드 50% 환급할인: 현장 구매 시 3만원 이상, 최대 5만원까지 할인 (최대 25,000원).\n- 올리브영 5% 환급할인: 3만원 이상, 최대 5만원까지 할인 (최대 2,500원).\n- 교보문고 3% 환급할인: 2만원 이상, 최대 5만원까지 할인 (최대 1,500원).\n- 아웃백·VIPS 10% 환급할인: 3만원 이상, 최대 10만원까지 할인 (최대 10,000원).'}"
트래블제로카드,코나카드,https://d1c5n4ri2guedi.cloudfront.net/card/2582/card_img/30129/2582card.png,0,해외겸용 [없음],체크,"{'교통': '교통 기능 탑재 카드로 국내 대중교통 결제 가능.', '해외': '해외 결제 시 자동 환전 및 환전 수수료 면제로 해외여행과 직구 시 유리한 혜택 제공.', '기타 혜택(유의사항 등)': '해외 결제 및 ATM 출금 수수료 면제, 국내 결제 시 무제한 0.3% 캐시백, 커피빈 15% 및 CGV 영화티켓 2천원 즉시할인 제공.'}"
NH올원체크카드,NH농협카드,https://d1c5n4ri2guedi.cloudfront.net/card/368/card_img/20609/368card.jpg,0,해외겸용 [없음],체크,"{'기타 혜택(유의사항 등)': '전월실적에 관계없이 0.2~0.4% 적립, 해외이용액은 0.4% 적립.'}"
탐나는전 체크카드,KB국민카드,https://d1c5n4ri2guedi.cloudfront.net/card/1572/card_img/22656/1572card.png,100000,국내전용 [없음],체크,"{'교통': '대중교통(버스·지하철), 택시 이용 시 0.2% 추가 포인트리 적립.', '통신': '이동통신요금 자동납부 시 0.2% 추가 포인트 적립.', '푸드': '음식점과 커피전문점에서 0.2% 추가 포인트리 적립.', '기타 혜택(유의사항 등)': '국내외 가맹점에서 기본 0.2% 포인트리 적립, 주말·공휴일 추가 0.2% 적립.'}"
MULTI Any 체크카드,하나카드,https://d1c5n4ri2guedi.cloudfront.net/card/2643/card_img/32063/2643card.png,0,국내전용 [없음] / 해외겸용 [없음],체크,"{'교통': '버스와 지하철 이용 시 1.0% 적립, 월 최대 5만 하나머니 적립 가능.', '쇼핑': '마트와 SSM에서 0.6% 적립, 월 통합 5만 하나머니 한도.', '간편결제': '간편결제 시 카드 등록 후 결제 시 0.4% 적립.', '기타 혜택(유의사항 등)': '국내외 가맹점에서 0.2%, 배달앱에서 0.8% 적립되며, 배달앱은 월 5만 하나머니 한도가 있습니다.'}"
어피치 스윗 체크카드,NH농협카드,https://d1c5n4ri2guedi.cloudfront.net/card/586/card_img/21342/586card.png,300000,국내전용 [없음] / 해외겸용 [없음],체크,"{'카페/디저트': '스타벅스, 투썸플레이스, 커피빈에서 오프라인 결제 시 4% 할인 제공.', '간편결제': '올원페이, 카카오페이, 삼성페이 온라인결제 시 3% 할인 (1만원 이상 이용 시).', '공항라운지/PP': '전월 실적 50만원 이상 시 인천공항 및 김포/김해공항의 라운지 이용 혜택 제공.', '기타 혜택(유의사항 등)': '올리브영, 랄라블라 4% 할인 및 유튜브프리미엄, 넷플릭스, 유료 어플리케이션 5% 할인 제공.'}"
Young Hana+ 체크카드,하나카드,https://d1c5n4ri2guedi.cloudfront.net/card/2809/card_img/40125/2809card.png,0,국내전용 [없음] / 해외겸용 [없음],체크,"{'교통': '대중교통 이용 시 10% 캐시백, 월 최대 4천원 한도.', '마트/편의점': '편의점(GS25, CU, 이마트24, 세븐일레븐)에서 10만원 이상 사용 시 5% 캐시백 제공.', '카페/디저트': '스타벅스, 투썸플레이스에서 20% 캐시백, 월 최대 4천원.', '간편결제': '간편결제 시 0.5% 캐시백 제공.', '기타 혜택(유의사항 등)': '배달의 민족과 요기요에서 10만원 이상 이용 시 5% 캐시백 제공, 월 캐시백 한도는 최대 4천원.'}"
국민행복카드 체크카드,iM뱅크,https://d1c5n4ri2guedi.cloudfront.net/card/812/card_img/21730/812card.gif,0,국내전용 [없음],체크,"{'기타 혜택(유의사항 등)': '- 의료: 병원 등에서 3% 캐시백, 월 2회 최대 1만5천원.\n- 온라인 쇼핑: 주요 쇼핑몰 3% 캐시백, 월 2회 3만원 이상 승인건에 한함.\n- 외식/커피: 주요 커피 전문점 10% 캐시백, 월 4회 1만원 이상 승인건에 한함.\n- 패밀리레스토랑: 5% 캐시백, 월 1회.\n- 이동통신: 요금 자동이체 시 1,000원 캐시백, 월 1회.\n- 키즈할인: 키즈 파크 3% 청구할인, 일 1회 1만원 이상 승인건에 한함.\n- 육아/교육: 어린이집 및 유치원 학원 3% 캐시백, 월 2회 최대 1만5천원.\n- 놀이공원: 주요 놀이공원 50% 현장할인, 월 1회.\n- 국내 가맹점 0.2%~0.8% 에코머니 포인트 적립, 영화 2,000원 캐시백, 커피전문점 10% 캐시백.'}"
카드의정석 L.POINT CHECK,우리카드,https://d1c5n4ri2guedi.cloudfront.net/card/316/card_img/20562/316card.png,300000,국내전용 [없음] / 해외겸용 [없음],체크,"{'기타 혜택(유의사항 등)': 'L.POINT 0.3~1% 적립, 롯데가맹점 이용 시 추가 적립 가능.'}"
포인트리체크카드,KB국민카드,https://d1c5n4ri2guedi.cloudfront.net/card/343/card_img/20588/343card.png,200000,국내전용 [없음] / 해외겸용 [없음],체크,"{'교통': '대중교통 이용 시 월 2만원까지 5% 포인트리 적립.', '주유': 'GS칼텍스 주유소에서 주중 50점, 주말 60점 포인트리 적립, 건당 10만원까지, 월간 30만원 한도.', '통신': '이동통신요금 자동이체 5만원 이상 시 월 1회 2,500점 포인트 적립.', '쇼핑': 'G마켓·옥션에서 3만원 이상 결제 시 3% 포인트리 적립 (최대 3,000점).', 'OTT/영화/문화': 'CGV에서 7천원 이상 영화티켓 구매 시 월 2회, 연간 12회 3,000원 포인트리 적립.', '기타 혜택(유의사항 등)': '- 아웃백·VIPS 10% 포인트리 적립 (최대 10,000점)\n- 교보문고 3% 포인트리 적립 (최대 1,500점)\n- 올리브영 5% 포인트리 적립 (최대 2,500점)\n- 에버랜드 50% 포인트리 적립 (최대 25,000점)'}"
위글위글 첵첵 체크카드,KB국민카드,https://d1c5n4ri2guedi.cloudfront.net/card/614/card_img/21381/614card.png,300000,국내전용 [없음] / 해외겸용 [없음],체크,"{'교통': '버스와 지하철 이용 시 전월 실적에 따라 1천원에서 4천원 청구할인 제공.', '마트/편의점': 'CU편의점에서 전월 이용실적에 따라 1천원~4천원 환급할인 제공.', '카페/디저트': '스타벅스에서 전월 이용실적에 따라 1천원~4천원 환급할인 제공.', 'OTT/영화/문화': 'CGV 영화 관람 시 전월 이용실적에 따라 1천원~4천원 환급할인 제공.', '간편결제': '네이버페이, 카카오페이, SSG페이 이용 시 전월 실적에 따라 1천원~2천원 할인, 최대 4천원 환급.', '기타 혜택(유의사항 등)': 'KB국민 첵첵 체크카드로 전월 30만원 이상 이용 시, 9개 영역에서 건당 최대 2천원, 영역별 최대 4천원 환급 할인 제공.'}"
카카오페이 체크카드,하나카드,https://d1c5n4ri2guedi.cloudfront.net/card/382/card_img/20882/382card.png,250000,해외겸용 [없음],체크,"{'기타 혜택(유의사항 등)': '- 카카오페이 7% 캐시백, 통신요금 자동이체 3천원, 커피전문점 5%, 대중교통 5% 캐시백 제공.'}"
하나로 전자카드 메가캐쉬백 더드림 체크카드,하나카드,https://d1c5n4ri2guedi.cloudfront.net/card/2475/card_img/28411/2475card.png,0,국내전용 [없음],체크,"{'해외': '해외에서 ATM 사용 및 물품 구매 가능.', '기타 혜택(유의사항 등)': '생활 밀착 업종 사용 시 2만원당 200원 캐시백, 그 외 업종은 2만원당 100원 캐시백, 통신료 최대 5천원 캐시백 제공.'}"
하이틴즈 체크카드,IBK기업은행,https://d1c5n4ri2guedi.cloudfront.net/card/685/card_img/21450/685card.png,100000,국내전용 [없음],체크,"{'기타 혜택(유의사항 등)': '5천원 이상 결제 시 편의점, 푸드, 음료에서 500원 할인, 1만원 이상 결제 시 독서실 및 학원에서 1천원 할인 제공.'}"
카카오뱅크 mini카드,카카오뱅크,https://d1c5n4ri2guedi.cloudfront.net/card/686/card_img/21451/686card.png,0,국내전용 [없음],체크,"{'교통': '티머니는 제휴처에서 현금 또는 CU 편의점에서 mini카드로 충전 가능하며, 잔액 및 이용내역은 고객센터나 모바일앱/홈페이지에서 확인할 수 있습니다.', '쇼핑': '카카오뱅크는 온라인 결제 시 ISP 서비스를 제공하며, 카카오뱅크 또는 KB국민카드를 통해 결제가 가능합니다.', '기타 혜택(유의사항 등)': '전국 ATM에서 수수료가 무료인 mini카드 제공.'}"
VIVA+ 체크카드,하나카드,https://d1c5n4ri2guedi.cloudfront.net/card/378/card_img/20878/378card.jpg,0,해외겸용 [없음],체크,{'기타 혜택(유의사항 등)': '해외 이용 시 수수료 면제 및 Lunch Time 캐쉬백 서비스 제공.'}
NH농협 올바른 하나로(Hanaro) 체크카드,NH농협카드,https://d1c5n4ri2guedi.cloudfront.net/card/532/card_img/21229/532card.png,0,국내전용 없음 / 해외겸용 없음,체크,"{'공항라운지/PP': '국제공항 라운지 무료 이용(연 1회, 전월 이용실적 50만원 이상 시 제공).', '기타 혜택(유의사항 등)': 'NH포인트 기본 0.2% 적립, 농협판매장 이용 시 전월실적에 따라 최대 1.2% 추가 적립 가능.'}"
NC다이노스체크카드,NH농협카드,https://d1c5n4ri2guedi.cloudfront.net/card/372/card_img/47592/372card.png,300000,해외겸용 [없음],체크,"{'쇼핑': '온라인쇼핑 5% 할인, 전월실적에 따라 월 최대 1만원 할인한도 제공.', '카페/디저트': '영화 및 커피 10% 할인, 전월 실적에 따라 월 할인 한도 5천원 또는 1만원 제공.', '기타 혜택(유의사항 등)': 'NC다이노스 홈구장 입장권 2천원 할인(월 2회), 야구용품 5~10% 할인, 다이노스 멤버십 가입 시 5% 할인 제공.'}"
국민행복 삼성체크카드 V2,삼성카드,https://d1c5n4ri2guedi.cloudfront.net/card/754/card_img/28067/754card.png,300000,국내전용 [없음] / 해외겸용 [없음],체크,"{'쇼핑': '쇼핑 2% 캐시백 제공, 전월 이용금액에 따라 월 캐시백 한도 최대 6,000원.', '기타 혜택(유의사항 등)': '국민행복 카드로 임신, 출산, 육아 관련 국가바우처 이용 가능하며, 의료, 산후조리원, 학원 등에서 2% 캐시백 제공.'}"
신한카드 Hey Young 체크(잔망루피),신한카드,https://d1c5n4ri2guedi.cloudfront.net/card/2891/card_img/44186/2891card.png,200000,국내전용 [없음] / 해외겸용 [없음],체크,"{'교통': '대중교통 이용금액 5% 캐시백, 월 최대 3천원 제공.', '통신': '이동통신요금 자동납부 시 2천원 캐시백 (월 1회, 5만원 이상).', '마트/편의점': '편의점에서 1만원 이상 결제 시 1천원 캐시백(일 1회, 월 5회).', '쇼핑': '온라인 쇼핑 2만원 이상 결제 시 1천원 캐시백(일 1회/월 5회).', '푸드': '패스트푸드 1천원 캐시백 (건당 1만원 이상 결제 시, 일 1회/월 5회 제공).', '카페/디저트': '카페에서 1만원 이상 결제 시 1천원 캐시백(일 1회/월 5회).', 'OTT/영화/문화': 'CGV 영화 예매 시 2만원 이상 결제하면 5천원 캐시백(월 1회).', '간편결제': '간편결제(Pay)로 국내 이용 시 1% 캐시백, 월 최대 5천원까지 제공.', '해외': '해외 전 가맹점에서 1.2% 캐시백 제공, 해외 인출 시 1건당 US $3 캐시백 (월 한도 1만원).', '기타 혜택(유의사항 등)': '- 배달앱 땡겨요에서 1만원 이상 결제 시 1천원 캐시백(일 1회/월 5회).\n- 생활 가맹점 올리브영, 다이소에서 1만원 이상 결제 시 1천원 캐시백(일 1회/월 5회).\n- OTT 넷플릭스, 디즈니플러스, 티빙에서 1만원 이상 결제 시 1천원 캐시백(일 1회/월 5회).'}"
OK캐쉬백 썸(SUM)타는 우리체크카드,우리카드,https://d1c5n4ri2guedi.cloudfront.net/card/1258/card_img/21049/1258card.png,250000,국내전용 [없음] / 해외겸용 [없음],체크,"{'교통': '전국 시내버스와 지하철에서 월 1회 2천원 할인 제공.', '통신': 'SKT, KT, LG U+의 휴대전화 요금 자동이체 5만원 이상 시 월 3천원 할인.', '마트/편의점': '편의점(CU), 올리브영에서 5% 할인, 월 2회, 건당 1만원 이상 결제 시 최대 1천원 할인.', '쇼핑': 'G마켓, 옥션에서 10% 할인(일 1회, 월 2회, 건당 2만원 이상, 최대 3천원 할인).', '푸드': '맥도날드, 롯데리아, 버거킹, 피자헛, 미스터피자, 도미노피자에서 10% 할인, 월 최대 6천원 한도.', '카페/디저트': '스타벅스 20% 할인(월 6천원 한도) 및 파리바게뜨, 배스킨라빈스, 던킨도너츠 10% 할인(월 6천원 한도) 제공.', '교육/육아': 'YBM시사, 파고다, 해커스어학원에서 10% 할인, 월 1회, 연 6회 제공, 건당 최대 5천원 할인.', 'OTT/영화/문화': 'CGV, 롯데시네마, 메가박스에서 월 1회 10% 할인, 건당 1만원 이상 결제 시 최대 3천원 할인.', '기타 혜택(유의사항 등)': 'OK캐쉬백 포인트를 전국 온/오프라인 가맹점 및 제휴사에서 적립 및 사용할 수 있습니다.'}"
위비트래블 J 체크카드,우리카드,https://d1c5n4ri2guedi.cloudfront.net/card/2907/card_img/44855/2907card_1.png,300000,국내전용 [없음] / 해외겸용 [없음],체크,"{'마트/편의점': '세븐일레븐, 패밀리마트, 로손에서 전월 국내 가맹점 이용 실적 30만원 이상 시 반기별 5천원 캐시백 제공.', '쇼핑': '전월 국내 가맹점 이용 실적 20만원 이상 시, 간편결제 및 온/오프라인 쇼핑에서 매출 건당 최대 1천원 캐시백 제공.', '푸드': '스타벅스/맥도날드에서 반기별 5천원, 연 1만원까지 캐시백 제공, 전월 국내 가맹점 이용 실적 30만원 이상 시 적용; 스타벅스 사이렌오더는 전월 실적 20만원 이상 시 매출 건당 최대 1천원 캐시백; 배달 앱 결제는 전월 실적 20만원 이상 시 매출 건당 최대 1천원 캐시백 제공.', '해외': '일본 오프라인 가맹점에서 전월 국내 이용 실적 20만원 이상 시 매출 건당 최대 1천원 캐시백 제공.', '기타 혜택(유의사항 등)': '전월 국내 가맹점 이용 실적 20만원 이상 시 대중교통과 이동통신 요금 자동납부에 대해 매출 건당 최대 1천원 캐시백 제공, 해외 가맹점 이용 시 수수료 면제.'}"
밥바라밥 페이북머니 체크카드,BC 바로카드,https://d1c5n4ri2guedi.cloudfront.net/card/2400/card_img/26209/2400card.png,0,국내전용 [없음],체크,"{'푸드': '종일커피, 점심식사, 저녁간식 결제 시 각각 8% 페이북머니 적립, 월 통합 적립한도는 최대 2만원.', '기타 혜택(유의사항 등)': '국내 가맹점 이용 시 0.1% 기부 기금이 적립되어 취약계층 생활 지원에 자동 기부됩니다.'}"
신한카드 On 체크,신한카드,https://d1c5n4ri2guedi.cloudfront.net/card/2343/card_img/24358/2343card.png,200000,국내전용 [없음] / 해외겸용 [없음],체크,"{'간편결제': '간편결제 이용 시 최대 2% 적립, 월간 한도 8천원.', '해외': '해외 이용금액에 대해 1.3% 마이신한포인트 적립.', '기타 혜택(유의사항 등)': '생활편의영역 이용 시 최대 2% 적립, 월간 적립한도 8천원.'}"
신한카드 Point Plan 체크,신한카드,https://d1c5n4ri2guedi.cloudfront.net/card/2673/card_img/32635/2666card_%40.png,200000,국내전용 [없음] / 해외겸용 [없음],체크,"{'마트/편의점': 'CU, GS25, 세븐일레븐에서 이용금액의 5%를 마이신한포인트로 적립.', '기타 혜택(유의사항 등)': '일상 생활비 결제 시 0.2~1% 포인트 적립, 해외 결제 시 1% 적립, 주말 배달앱 결제 시 2만원 이상 1천 포인트 적립.'}"
신한카드 Pick E 선불,신한카드,https://d1c5n4ri2guedi.cloudfront.net/card/2546/card_img/29535/2546card.png,0,해외겸용 [없음],체크,"{'마트/편의점': '4대 편의점 이용 시 10% 적립, 전월 이용금액 20만원 이상 시 제공.', '푸드': 'One Pick 맛집 가맹점에서 월 최대 3천 포인트 적립.', '카페/디저트': '커피전문점 이용 시 10% 적립, 일 1회, 월 3회, 최대 3천 포인트 적립.', '기타 혜택(유의사항 등)': '놀이 영역 이용 시 10% 적립, 통합 일 1회, 월 3회, 1회 최대 1천 포인트까지 적립 가능.'}"
라이프+플러스 체크카드,우체국,https://d1c5n4ri2guedi.cloudfront.net/card/575/card_img/21312/575card.png,300000,해외겸용 [없음],체크,"{'마트/편의점': '대형마트와 편의점에서 각각 10% 할인, 대형마트는 건당 3만원 이상 시 월 2회 제공.', '쇼핑': '온라인 쇼핑 10% 및 홈쇼핑 10% 할인 제공.', '애완동물': '반려동물 관련 국내 서비스 이용 시 10% 할인 제공.', '레저/스포츠': '레저/스포츠 업종에서 10% 할인 혜택 제공.', '해외': '해외 전 가맹점 1% 캐시백, 전월실적 30만원 이상 시 월 최대 1만 5천원 한도.', '기타 혜택(유의사항 등)': '- 캐시백형: 생활 속 혜택을 현금으로 돌려받음.\n- UniMile 적립형: 저비용 항공사에서 포인트로 이용 가능.'}"
카카오페이 체크카드,iM뱅크,https://d1c5n4ri2guedi.cloudfront.net/card/819/card_img/21723/819card.png,100000,국내전용 [없음],체크,"{'쇼핑': '온라인쇼핑 10% 캐시백(월 2회, 건당 1만원 이상) 및 쇼핑 5% 캐시백(월 2회, 건당 1만원 이상).', '기타 혜택(유의사항 등)': '카카오페이 이용금액 15% 캐시백, 통합 월 2회 할인.'}"
카카오페이 체크카드,IBK기업은행,https://d1c5n4ri2guedi.cloudfront.net/card/2026/card_img/21972/2026card.png,200000,국내전용 [없음],체크,"{'마트/편의점': '편의점 및 드럭스토어에서 오프라인 쇼핑 시 5% 청구할인, 월 2회 한도 내 제공.', '쇼핑': '온라인 쇼핑몰에서 10% 청구할인을 월 2회 제공하며, 전월 실적에 따라 할인 한도가 다름.', '기타 혜택(유의사항 등)': '카카오페이 가맹점에서 결제 시 최대 15% 청구할인(월 2회, 전월 실적에 따라 한도 적용).'}"
able 아이맥스카드,KB증권,https://d1c5n4ri2guedi.cloudfront.net/card/2223/card_img/21358/2223card.png,300000,국내전용 [없음],체크,"{'기타 혜택(유의사항 등)': 'CMA형 서비스는 카드 사용 실적에 따라 CMA 수익률을 2배로 제공하며, 금융상품형 서비스는 체크카드 사용 실적에 따라 금융상품 가입금액 내에서 추가 수익률을 제공합니다.'}"
토스유스카드(USS),토스,https://d1c5n4ri2guedi.cloudfront.net/card/2314/card_img/31660/2314card_2.png,0,국내전용 [없음],체크,"{'교통': '교통카드로 전국 지하철, 버스, 고속버스, 시외버스, 간선철도, 일부 지역 택시 이용 가능.', '기타 혜택(유의사항 등)': '만 14세 이상은 신용카드와 다양한 간편결제를 이용할 수 있으며, 만 14세 미만은 보호자 동의 후 네이버 페이를 이용할 수 있다.'}"
TMAP & LOGI 행복 체크카드,KB국민카드,https://d1c5n4ri2guedi.cloudfront.net/card/2568/card_img/29903/2568card.png,0,국내전용 [없음] / 해외겸용 [없음],체크,"{'교통': '버스·지하철 10% 청구할인, 월 2만원까지 할인(1회 최대 2,000원), 전월 이용실적 30만원 이상 필요.', '통신': '이동통신요금 자동납부 시 최대 5% 환급 할인 제공.', '마트/편의점': 'GS25에서 5% 환급할인 제공, 전월 이용실적에 따라 최대 5만원까지 할인 가능.', '카페/디저트': '스타벅스에서 20% 환급할인, 이용금액 1만원~2만원에 대해 최대 4,000원 할인, 전월 이용실적에 따라 월간 통합할인한도 적용.', 'OTT/영화/문화': 'CGV에서 영화 관람 시 35% 환급할인(최대 7,000원) 제공, 전월 이용 실적에 따라 월간 통합할인한도 적용.', '기타 혜택(유의사항 등)': '- 패밀리레스토랑: 아웃백, VIPS 20% 환급할인 (최대 10,000원)\n- 테마파크: 에버랜드·롯데월드 50% 환급할인 (최대 25,000원)\n- 금융: 인터넷·모바일·폰뱅킹 타행이체 수수료 면제, KB국민은행 자동화기기 이용수수료 면제\n- 도서: 교보문고 5% 환급할인 (최대 2,500원)'}"
GS리테일 NH농협체크카드,NH농협카드,https://d1c5n4ri2guedi.cloudfront.net/card/2437/card_img/27465/2437card.png,0,국내전용 [없음] / 해외겸용 [없음],체크,"{'공항라운지/PP': '국제공항 라운지 무료 이용 연 1회 제공 (전월 실적 50만원 이상 시).', '기타 혜택(유의사항 등)': 'GS리테일 점내 이용 시 2% GS&POINT 적립, 국내 이용금액 0.2%, 국외 이용금액 1% NH포인트 적립.'}"
참! 좋은 kt wiz 카드[체크],IBK기업은행,https://d1c5n4ri2guedi.cloudfront.net/card/794/card_img/21748/794card.png,200000,"해외겸용 [3,000]원",체크,"{'OTT/영화/문화': '전국 영화관 및 인터넷 예매 시 월 1회, 연 6회 4천원 할인 제공.', '기타 혜택(유의사항 등)': '- 소셜커머스: 쿠팡, 티몬, 위메프 20% 할인, 월 3회, 1회 2만원 한도.\n- 패밀리레스토랑: 아웃백, 빕스 등 20% 할인, 월 1회(150만원 이상 시 2회), 1회 10만원 한도.\n- 불고기브라더스: 20% 현장할인, 월 1회, 1회 10만원 한도, 최대 2만원 추가할인.\n- 주요 커피전문점: 스타벅스 등 20% 할인, 월 3회, 1회 2만원 한도.\n- 테마파크: 주요 놀이공원 무료입장 또는 50% 할인, 월 1회, 연 2회.\n- 케이티 위즈파크: 입장권 3천원 할인, 카드당 1일 1회, 월 횟수 제한 없음.\n- 야구용품점: 10% 할인, 월 1회, 1회 10만원 한도.'}"
NH1961체크카드,NH농협카드,https://d1c5n4ri2guedi.cloudfront.net/card/2813/card_img/40126/2813card.png,0,국내전용 [없음] / 해외겸용 [없음],체크,"{'공항라운지/PP': '국제공항 라운지 무료 이용 연 1회 제공, 전월 실적 50만원 이상 시 가능.', '기타 혜택(유의사항 등)': '- 국내/해외 이용가맹점 0.2~0.4% NH포인트 적립, 디지털 구독 서비스에서 5~20% 적립.'}"
SC제일은행-현대카드 M CHECK,현대카드,https://d1c5n4ri2guedi.cloudfront.net/card/2430/card_img/27293/2430card.png,0,국내전용 [없음] / 해외겸용 [없음],체크,"{'기타 혜택(유의사항 등)': '전월 이용 금액에 따라 0.5% 또는 1%의 M포인트를 적립하며, 다양한 제휴처에서 M포인트를 사용하거나 교환할 수 있다.'}"
GS칼텍스 신한카드 경차사랑 체크,신한카드,https://d1c5n4ri2guedi.cloudfront.net/card/303/card_img/20526/303card.png,0,국내전용 [없음],체크,"{'주유': 'GS칼텍스 주유소에서 휘발유 리터당 30원, LPG 리터당 15원 할인, 월 최대 25만원 한도.', '자동차/하이패스': '경차사랑 유류세 환급 카드는 1000cc 미만 경차 소유자가 주유소에서 유류를 구매할 때 유류세를 자동으로 환급받을 수 있는 카드입니다.', '기타 혜택(유의사항 등)': 'DB손해보험 다이렉트 자동차보험에서 보험료 결제금액에 따라 최대 3만원 할인 제공.'}"
SC제일은행-현대카드 X CHECK,현대카드,https://d1c5n4ri2guedi.cloudfront.net/card/2431/card_img/27294/2431card.png,0,국내전용 [없음] / 해외겸용 [없음],체크,"{'기타 혜택(유의사항 등)': '전월 이용 금액에 따라 0.3% 또는 0.6%의 X캐시백 적립, SC제일은행 계좌로 현금 인출 가능.'}"
포미 하이브리드 체크카드,우체국,https://d1c5n4ri2guedi.cloudfront.net/card/572/card_img/21305/572card.png,300000,해외겸용 [없음],체크,"{'통신': '통신료(SKT, KT, LG U+) 5만원 이상 자동납부 시 월 1회 3천원 캐시백.', '마트/편의점': 'GS25, CU 10% 캐시백(월 2회), 이마트/롯데마트/홈플러스 10% 캐시백(건당 1만원 이상, 월 2회, 오프라인 한정).', '쇼핑': 'G마켓, 11번가, 쿠팡에서 건당 1만원 이상 결제 시 월 2회 10% 캐시백 제공.', '간편결제': '삼성페이, 카카오페이, 네이버페이로 1만원 이상 결제 시 월 2회 10% 캐시백 제공.', '기타 혜택(유의사항 등)': '배달의 민족에서 10% 캐시백 제공, 건당 1만원 이상 결제 시 월 2회 가능.'}"
리틀프렌즈 체크카드,하나카드,https://d1c5n4ri2guedi.cloudfront.net/card/684/card_img/21449/684card.png,100000,국내전용 [없음] / 해외겸용 [없음],체크,"{'마트/편의점': '편의점에서 1만원 이상 결제 시 월 2회, 년 6회 1,000원 캐쉬백 제공.', '기타 혜택(유의사항 등)': '도서 및 베이커리에서 1만원 이상 결제 시 월 2회, 년 6회 각각 1,000원 캐쉬백 제공.'}"
신한카드 플리(체크),신한카드,https://d1c5n4ri2guedi.cloudfront.net/card/2372/card_img/25330/2372card.png,0,국내전용 [없음] / 해외겸용 [없음],체크,"{'기타 혜택(유의사항 등)': '국내 이용 시 최대 0.3% 할인, 해외 이용 시 0.2% 할인, 매월 2회 1천원 할인 쿠폰 제공, My Pick 가맹점 이용 시 월 최대 3,000포인트 적립.'}"
오키카드 S,OK캐쉬백,https://d1c5n4ri2guedi.cloudfront.net/card/2901/card_img/44371/2901card.png,0,국내전용 [없음],체크,"{'기타 혜택(유의사항 등)': '오키카드 S는 사용 금액의 0.5%를 적립하며, 2025년 12월 31일까지 제공됩니다.'}"
Liiv M 체크카드,KB국민카드,https://d1c5n4ri2guedi.cloudfront.net/card/523/card_img/21208/523card.png,300000,국내전용 [없음] / 해외겸용 [없음],체크,"{'통신': 'Liiv M 이동통신요금 5% 환급할인, 전월 30만원 이상 이용 시 월 최대 6천원 할인.', '마트/편의점': 'CU편의점에서 3% 환급할인이 제공되며, 전월 이용실적에 따라 월간 할인한도는 2천원 또는 4천원이다.', '여행/숙박': '야놀자 3% 환급할인, 전월 이용실적에 따라 월간 할인한도 2천원 또는 4천원.', '기타 혜택(유의사항 등)': '11번가에서 3% 환급할인 제공, 전월 이용실적에 따라 월간 할인한도는 2천원 또는 4천원.'}"
IBK 무직타이거 카드(체크),IBK기업은행,https://d1c5n4ri2guedi.cloudfront.net/card/1490/card_img/20409/1490card.png,300000,국내전용 [없음] / 해외겸용 [없음],체크,"{'교통': '버스, 지하철 이용 시 후불교통카드로 건당 100원 할인, 월 최대 1천원.', '마트/편의점': 'GS25, CU, 세븐일레븐, 올리브영에서 5% 할인, 월 2회, 1회 1만원 한도.', '쇼핑': '쿠팡, 티몬, 위메프에서 10% 할인 (1일 1회, 월 2회, 1만원 한도).', '카페/디저트': '주요 커피전문점에서 10% 할인 (1일 1회, 월 2회, 1만원 한도).', 'OTT/영화/문화': 'CGV, 메가박스, 롯데시네마에서 현장 및 온라인 예매 시 월 1회, 연 12회 4천원 할인.', '기타 혜택(유의사항 등)': 'IBK 기업은행 결제계좌 이용 시 타행 ATM 출금수수료 면제, 전자금융 이체수수료 면제, 환전 시 환율 70% 우대 혜택 제공.'}"
go 캐시백 글로벌 체크카드,우체국,https://d1c5n4ri2guedi.cloudfront.net/card/668/card_img/32465/668card.png,300000,해외겸용 [없음],체크,"{'마트/편의점': '대형마트에서 5% 캐시백(건당 3만원 이상, 월 2회 한정).', '카페/디저트': '커피전문점에서 5% 캐시백(건당 1만원 이상, 월 3회 한정).', '간편결제': '삼성페이, 네이버페이, 카카오페이 이용 시 5% 캐시백 (건당 2만원 이상, 월 3회).', '공항라운지/PP': '인천공항 스카이허브라운지 이용 시 연 1회, 전월 실적 50만원 이상 시 최대 5만원 캐시백 제공.', '해외': '해외 전 가맹점에서 7% 캐시백, 건당 3만원 이상, 월 3회, 최대 2만원 캐시백.', '기타 혜택(유의사항 등)': '- 배달앱: 온라인 식품배달 5% 캐시백 (2만원 이상, 월 3회)\n- 기타: 우체국 5% 캐시백 (우체국요금, 인터넷우체국, 우체국쇼핑, EMS)\n- 면세점: 면세점 5% 캐시백 (BC카드 기준)'}"
카카오페이카드3,카카오페이,https://d1c5n4ri2guedi.cloudfront.net/card/2303/card_img/23334/2303card.png,0,해외겸용 [없음],체크,"{'기타 혜택(유의사항 등)': 'MZ세대가 자주 이용하는 곳에서 최대 40,000P 적립 가능하며, 전월 실적에 따라 적립 한도가 달라집니다.'}"
신한카드 Pick I 선불,신한카드,https://d1c5n4ri2guedi.cloudfront.net/card/2547/card_img/29536/2547card.png,0,해외겸용 [없음],체크,"{'마트/편의점': '4대 편의점 이용 시 10% 적립, 전월 이용금액 20만원 이상 시 제공.', '쇼핑': 'One Pick 온라인 쇼핑몰 가맹점에서 월 최대 3천 포인트 적립.', '카페/디저트': '커피전문점 이용 시 10% 적립, 일 1회, 월 3회, 최대 3천 포인트 적립.', '기타 혜택(유의사항 등)': '디지털 구독 영역 이용 시 10% 적립, 월 최대 3천 포인트까지 가능.'}"
참! 좋은 글로벌 체크카드,IBK기업은행,https://d1c5n4ri2guedi.cloudfront.net/card/444/card_img/20950/444card.png,0,"국내전용 [없음] / 해외겸용 [3,000]원",체크,"{'무실적': '해외 가맹점 1.5% 캐시백, 국내 가맹점 0.1% 캐시백 제공.', '기타 혜택(유의사항 등)': 'IBK카드는 해외 이용 시 안내를 제공하며, 신규 발급 시 2천원의 수수료가 면제됩니다.'}"
더담은 체크카드,MG새마을금고,https://d1c5n4ri2guedi.cloudfront.net/card/2745/card_img/36739/2745card.png,0,국내전용 [없음] / 해외겸용 [없음],체크,"{'주유': '전국 주유소 및 충전소에서 5만원 이상 결제 시 1천원 할인 캐시백 제공.', '마트/편의점': '편의점 결제 시 500원 할인캐시백 (이용금액 5천원 이상, 전월 실적 50만원 이상, 월 3회 한도).', '쇼핑': '대상 가맹점에서 3만원 이상 결제 시 1천원 할인, 전월 이용실적 50만원 이상 시 월 3회 제공.', '해외': '해외 서비스수수료, 현금인출수수료, 예금잔액조회수수료 면제.', '기타 혜택(유의사항 등)': '- 학원 결제 시 5만원 이상 이용 시 2천원 할인, 전월 50만원 이상 실적 필요, 월 5회 한도.\n- 일반음식점 결제 시 2만원 이상 이용 시 1천원 할인, 전월 50만원 이상 실적 필요, 월 3회 한도.'}"
부산 동백전 체크카드,BNK부산은행,https://d1c5n4ri2guedi.cloudfront.net/card/1202/card_img/21106/1202card.png,200000,국내전용 [없음],체크,"{'기타 혜택(유의사항 등)': '부산시 내 전통시장에서 2.0% 할인, 일반가맹점에서 1만원 이상 사용 시 0.2% 할인 제공.'}"
NEW농촌사랑체크카드,NH농협카드,https://d1c5n4ri2guedi.cloudfront.net/card/497/card_img/21186/497card.png,200000,해외겸용 [없음],체크,"{'주유': 'GS칼텍스에서 L당 40원 주유 할인(월 6회 한정)과 국내 가맹점 이용액의 0.1% NH포인트 적립 혜택 제공.', '기타 혜택(유의사항 등)': 'NH포인트 최대 0.5% 적립 및 다양한 생활 할인 혜택 제공.'}"
폼 체크카드,NH농협카드,https://d1c5n4ri2guedi.cloudfront.net/card/2665/card_img/32418/2665card.png,0,국내전용 [없음] / 해외겸용 [없음],체크,"{'기타 혜택(유의사항 등)': '편의점 200원, 패스트푸드 및 뷰티 500원, 대중교통 5%, NH페이 0.2% 할인 혜택 제공.'}"
able Premier Members 카드,KB증권,https://d1c5n4ri2guedi.cloudfront.net/card/2225/card_img/21356/2225card.png,0,국내전용 [없음],체크,{'기타 혜택(유의사항 등)': '언제 어디서든 사용 금액의 0.5% 무제한 캐시백과 다양한 제휴처에서 현장 할인 서비스 제공.'}
LG U+ 체크카드,KB국민카드,https://d1c5n4ri2guedi.cloudfront.net/card/354/card_img/20597/354card.png,300000,해외겸용 [없음],체크,"{'통신': 'LG U+ 이동통신요금 자동납부 시 전월실적에 따라 월 4~6천원 환급할인 제공.', '카페/디저트': '스타벅스에서 전월 실적에 따라 최대 5천원 환급할인 제공.', 'OTT/영화/문화': 'CGV 영화 10% 환급할인, 전월실적에 따라 월 2천원 또는 5천원 할인한도 적용.', '기타 혜택(유의사항 등)': 'KB국민 체크카드는 전월 이용실적에 따라 할인 혜택을 제공하며, 해외 이용 시 환율 및 수수료가 적용됩니다.'}"
비트윈체크카드,KB국민카드,https://d1c5n4ri2guedi.cloudfront.net/card/347/card_img/20592/347card.png,200000,국내전용 [없음] / 해외겸용 [없음],체크,"{'교통': '버스·지하철 5% 청구할인, 월 3만원까지(1회 최대 1,500원) 제공.', '마트/편의점': 'GS25에서 5% 환급할인, 건당 1만원~2만원 이용 시 최대 1,000원 할인.', '카페/디저트': '커피빈 주중 5%, 주말 10% 환급할인 (최대 2,000원, 1회 1만원~2만원 이용 시 적용).', 'OTT/영화/문화': 'CGV·메가박스에서 현장 구매 및 앱 결제로 20% 환급할인, 1회 최대 4,000원 할인.', '기타 혜택(유의사항 등)': '- 패밀리레스토랑: 주중 10%, 주말 15% 환급할인 (최대 7,500원)\n- 테마파크: 에버랜드·서울랜드·롯데월드 30% 환급할인 (최대 15,000원)\n- 도서: 교보문고 3% 환급할인 (최대 1,500원)\n- 헤어: 박승철헤어스투디오·올리브영 10% 환급할인 (최대 5,000원)\n- 항공권: 제주항공 10% 환급할인 (최대 10,000원)\n- 은행사: 인터넷·모바일·폰뱅킹 타행이체 수수료 면제\n- 기타: 전월실적에 따라 최대 2만원 할인한도 제공'}"
CJ ONE 신한카드 체크,신한카드,https://d1c5n4ri2guedi.cloudfront.net/card/279/card_img/20501/279card.png,200000,해외겸용 [없음],체크,"{'쇼핑': 'CJ mall에서 온라인쇼핑 시 5% 캐시백, 일 1회 및 월 2회 적용, 최대 2,500원까지.', '푸드': 'VIPS와 계절밥상에서 통합 일 1회, 월 2회 10% 캐시백 (최대 5천원).', '카페/디저트': '투썸플레이스와 뚜레쥬르에서 10% 캐시백, 월 5회, 1회 최대 1천원.', 'OTT/영화/문화': 'CGV 영화 예매 시 전월 이용금액에 따라 최대 7,000원 캐시백 제공.', '기타 혜택(유의사항 등)': '- 올리브영 10% 캐시백 (일 1회, 월 3회, 최대 1천원) 및 CJ ONE 5% 포인트 추가 적립 (전월 20만원 이상 이용 시 최대 3천 포인트).'}"
DB 캐쉬백 3.1 체크카드,DB금융투자,https://d1c5n4ri2guedi.cloudfront.net/card/2221/card_img/21763/2221card.png,0,국내전용 [없음],체크,"{'기타 혜택(유의사항 등)': '모든 가맹점에서 0.6% 캐쉬백 제공, 금융상품 가입 시 최대 2.5% 추가 캐쉬백 가능.'}"
신한카드 Point Plan 체크 캐릭터형(짱구),신한카드,https://d1c5n4ri2guedi.cloudfront.net/card/2890/card_img/44185/2890card.png,200000,국내전용 [없음] / 해외겸용 [없음],체크,"{'마트/편의점': 'CU, GS25, 세븐일레븐에서 이용금액의 5%를 마이신한포인트로 적립.', '해외': '해외 결제 시 1% 포인트 적립, 월 통합 적립 한도는 전월 이용금액에 따라 다름.', '기타 혜택(유의사항 등)': '국내 결제 시 건당 0.2~1% 포인트 적립, 주말 배달앱 결제 시 2만원 이상 1천 포인트 적립.'}"
IBK-Syrup카드[체크],IBK기업은행,https://d1c5n4ri2guedi.cloudfront.net/card/2027/card_img/21971/2027card.png,300000,해외겸용 [없음],체크,"{'기타 혜택(유의사항 등)': 'IBK-Syrup카드는 전월 이용실적에 따라 매월 할인쿠폰을 제공하며, 통합 포인트 멤버십 서비스도 지원합니다.'}"
국민행복 삼성체크카드,삼성카드,https://d1c5n4ri2guedi.cloudfront.net/card/392/card_img/28055/392card.png,0,국내전용 [없음] / 해외겸용 [없음],체크,"{'마트/편의점': '이마트 맘키즈 클럽 가입 시 전용 상품 5%~50% 현장 할인 혜택 제공.', '카페/디저트': '스타벅스 1만원 이상 결제 시 1,000원 청구할인, 월 1회, 연 5회 제공.', 'OTT/영화/문화': 'CGV에서 1,500원, 무비존에서 최대 3,000원 현장할인 제공, 연 12회 이용 가능.', '기타 혜택(유의사항 등)': '국민행복 카드로 임신·출산 진료비, 에너지바우처, 기저귀·조제분유 지원 등 다양한 정부 지원금을 이용할 수 있습니다.'}"
해피노리체크카드,KB국민카드,https://d1c5n4ri2guedi.cloudfront.net/card/342/card_img/20587/342card.png,200000,국내전용 [없음] / 해외겸용 [없음],체크,"{'교통': '대중교통 이용 시 월 2만원까지 10% 청구할인(최대 2,000원) 제공.', '통신': '이동통신요금 자동납부 시 2,500원 정액할인 (월 1회, 전월 이용실적 30만원 이상).', '마트/편의점': 'GS25에서 1만원 이상 결제 시 5% 환급할인, 최대 1,000원까지 적용.', '카페/디저트': '스타벅스 20% 환급할인, 건당 1만원 이상 시 최대 2만원까지 할인 적용.', 'OTT/영화/문화': 'CGV에서 1만원 이상 결제 시 35% 환급할인(최대 7,000원) 제공.', '기타 혜택(유의사항 등)': '- 패밀리레스토랑: 아웃백, VIPS 20% 환급할인 (최대 10,000원)\n- 테마파크: 에버랜드·롯데월드 50% 환급할인 (최대 25,000원)\n- 도서: 교보문고 5% 환급할인 (최대 2,500원)\n- 해피포인트: 해피포인트 5% 현장적립\n- 은행사: 인터넷·모바일·폰뱅킹 타행이체 수수료 면제\n- 기타: 월간 통합할인한도 최대 5만원'}"
IBK 국민행복 체크카드,IBK기업은행,https://d1c5n4ri2guedi.cloudfront.net/card/442/card_img/22257/442card.png,200000,국내전용 [없음],체크,"{'병원/약국': '병원, 주요 온라인 쇼핑몰, 커피 전문점, 패밀리레스토랑, 이동통신요금, 대중교통, 키즈 파크에서 다양한 할인 혜택 제공.', '기타 혜택(유의사항 등)': '국민행복카드는 다양한 국가 바우처를 통합하여 사용할 수 있는 카드로, 건강보험, 보육료, 임신출산 지원 등 다양한 혜택을 제공합니다.'}"
삼성체크카드 & POINT,삼성카드,https://d1c5n4ri2guedi.cloudfront.net/card/393/card_img/28056/393card.png,0,국내전용 [없음],체크,"{'OTT/영화/문화': 'CGV 온라인예매 시 5,000원 이상 결제 시 3,000원 캐시백, 현장결제 시 3,000원 할인 제공.', '기타 혜택(유의사항 등)': '- 모든 가맹점에서 연간 이용금액에 따라 0.2%~0.8%의 빅포인트 적립, 음식점, 주유, 할인점에서 더 높은 적립률 적용.'}"
더 심플 체크카드,하나카드,https://d1c5n4ri2guedi.cloudfront.net/card/2810/card_img/39691/2810card.png,300000,국내전용 [없음] / 해외겸용 [없음],체크,"{'통신': '통신 요금 자동이체 1만원 이상 납부 시 5,000원 캐시백 (월 한도 5,000원).', '카페/디저트': '스타벅스, 커피빈, 투썸플레이스에서 1만원 이상 결제 시 5% 캐시백(월 한도 2,000원).', '기타 혜택(유의사항 등)': '통신 요금 자동이체 및 커피 매장 결제 시 캐시백 혜택 제공.'}"
롯데 플래티넘 체크카드,롯데카드,https://d1c5n4ri2guedi.cloudfront.net/card/402/card_img/20900/402card.png,100000,"해외겸용 [1,000원]",체크,"{'프리미엄': '롯데 플래티넘 체크카드로 비자 플래티넘 서비스와 다양한 여행 및 호텔 할인 혜택을 제공합니다.', '해외': '해외 VISA 가맹점에서 일시불 거래 가능하며, ATM에서 현지통화 인출 시 수수료가 부과됩니다.', '기타 혜택(유의사항 등)': '롯데 플래티넘 체크카드로 결제 시 이용금액의 0.2% L.POINT 적립.'}"
카카오뱅크 모임 체크카드,카카오뱅크,https://d1c5n4ri2guedi.cloudfront.net/card/2814/card_img/40129/2814card.png,0,국내전용 [없음] / 해외겸용 [없음],체크,"{'기타 혜택(유의사항 등)': '5만원 이상 결제 시 300원 또는 3,000원 랜덤 캐시백 제공 (2025.01.01~2025.12.31).'}"
이사배 카드,IBK기업은행,https://d1c5n4ri2guedi.cloudfront.net/card/1170/card_img/21138/1170card.png,300000,국내전용 [없음] / 해외겸용 [없음],체크,"{'기타 혜택(유의사항 등)': '- 드럭스토어: H&B스토어에서 1만원 이상 사용 시 1,000원, 2만원 이상 사용 시 2,000원 할인 (일 1회).\n- 화장품: 화장품 가맹점에서 1만원 이상 사용 시 1,000원, 2만원 이상 사용 시 2,000원 할인 (일 1회).\n- 헤어: 미용실 등에서 1만원 이상 사용 시 1,000원, 2만원 이상 사용 시 2,000원 할인 (일 1회).\n- 금융: 당행 전자금융 이체수수료 및 국내 ATM 출금수수료 면제, 환전 시 환율 70% 우대.'}"
해피포인트 체크카드,하나카드,https://d1c5n4ri2guedi.cloudfront.net/card/383/card_img/20883/383card.png,250000,국내전용 [없음],체크,"{'기타 혜택(유의사항 등)': '해피포인트 가맹점에서 20% 현금 캐쉬백 제공, 월 최대 5천원 한도.'}"
알뜰교통 비바 e 플래티늄 체크카드,하나카드,https://d1c5n4ri2guedi.cloudfront.net/card/746/card_img/27830/746card.png,250000,국내전용 [없음] / 해외겸용 [없음],체크,"{'교통': '대중교통 이용 시 15% 캐시백, 월 3만원 이상 이용 시 최대 5천원.', '쇼핑': '국내 온라인 쇼핑 시 최대 5천원 캐시백 제공.', '해외': '해외 직접 구매 배송 대행료 20% 할인 및 해외 이용 수수료 1.0% 우대.', '기타 혜택(유의사항 등)': '전월 25만원 이상 사용 시 월 1만원 캐시백 제공, 후불교통 및 하이브리드 서비스 이용 가능.'}"
카드의정석 DON CHECK,우리카드,https://d1c5n4ri2guedi.cloudfront.net/card/2639/card_img/31958/2639card.png,50000,국내전용 [없음] / 해외겸용 [없음],체크,"{'쇼핑': '쿠팡과 무신사에서 전월 50,000원 이상 이용 시 5% 적립 (매출 건당 최대 1,000포인트).', '푸드': '', '기타 혜택(유의사항 등)': '구글 Play스토어와 애플 APP Store에서 전월 50,000원 이상 이용 시 5% 적립, 매출 건당 최대 1,000포인트까지 제공.'}"
able 시럽카드,KB증권,https://d1c5n4ri2guedi.cloudfront.net/card/2224/card_img/21357/2224card.png,0,국내전용 [없음],체크,"{'기타 혜택(유의사항 등)': 'able Syrup 카드는 통합멤버십 서비스, 모바일 쿠폰 제공, 현장 할인, 수수료 무료 혜택을 제공합니다.'}"
1ST A-CHECK카드,광주은행,https://d1c5n4ri2guedi.cloudfront.net/card/2816/card_img/40130/2816card.png,200000,국내전용 [없음] / 해외겸용 [없음],체크,"{'기타 혜택(유의사항 등)': '국내외 이용금액의 0.2% 캐시백 제공, 추가 캐시백은 전월 실적 20만원 이상 시 업종별 0.2% 및 5% 제공.'}"
LIKIT all 체크카드,롯데카드,https://d1c5n4ri2guedi.cloudfront.net/card/756/card_img/22230/756card.png,0,국내전용 [없음],체크,"{'기타 혜택(유의사항 등)': '국내 가맹점에서 0.2% 캐시백 제공, 주말 및 공휴일에 추가 0.2% 캐시백 혜택 있음.'}"
투썸플레이스 신한카드 체크,신한카드,https://d1c5n4ri2guedi.cloudfront.net/card/2342/card_img/24328/2342card.png,300000,국내전용 [없음] / 해외겸용 [없음],체크,"{'카페/디저트': '투썸플레이스에서 일반 결제 시 20% 캐시백, 기타 결제 시 3% 캐시백 제공, 전월 이용금액에 따라 월간 캐시백 한도는 최대 6천원.', '기타 혜택(유의사항 등)': '디지털 구독 서비스 이용 시 OTT(유튜브 프리미엄, 넷플릭스) 결제 시 월 1회 1천원 캐시백 제공, 전월 이용금액에 따라 최대 2천원까지 가능.'}"
Real Zero 체크카드,Sh수협은행,https://d1c5n4ri2guedi.cloudfront.net/card/1963/card_img/22035/1963card.png,0,국내전용 [없음] / 해외겸용 [없음],체크,{'기타 혜택(유의사항 등)': '수협 및 타행 전자금융 이체수수료와 자동화기기 현금인출수수료 면제.'}
참! 좋은 다이소카드(체크),IBK기업은행,https://d1c5n4ri2guedi.cloudfront.net/card/2058/card_img/21941/2058card.png,200000,해외겸용 [없음],체크,"{'마트/편의점': 'CU, GS25, 세븐일레븐에서 5% 할인, 다이소 라이프 서비스 월간 통합할인한도는 전월 이용금액에 따라 최대 2만원 제공.', '쇼핑': '다이소에서 결제 시 20% 청구할인(월 최대 5천원)과 포인트 자동적립 혜택 제공.', '카페/디저트': '주요 커피전문점에서 10% 할인(월 3회, 1회 2만원 한도).', 'OTT/영화/문화': 'CGV, 롯데시네마에서 2천원 할인(월 1회, 연 12회, 1만원 이상 결제 시).', '기타 혜택(유의사항 등)': '- 소셜커머스: 쿠팡, 티몬, 위메프 10% 할인 (1일 1회, 월 2회, 1만원 한도).\n- 헤어: 미용실 10% 할인 (월 1회, 연 12회, 5만원 한도).\n- 드럭스토어: 올리브영, 랄라블라 5% 할인 (1일 1회, 월 2회, 1만원 한도).\n- 테마파크: 주요 놀이공원 무료입장 또는 할인 (월 1회, 연 2회).'}"
Syrup Membership Wealth 마이카드(체크),SK증권,https://d1c5n4ri2guedi.cloudfront.net/card/2214/card_img/21771/2214card.png,300000,국내전용 [없음],체크,"{'기타 혜택(유의사항 등)': 'Syrup Membership Wealth 마이카드(체크)는 CMA 우대금리 0.1% 제공, 체크카드 이용 시 수수료 면제 및 SMS 수수료 면제 혜택이 있습니다.'}"
Together 체크카드,광주은행,https://d1c5n4ri2guedi.cloudfront.net/card/2839/card_img/41666/2839card.png,200000,국내전용 [없음] / 해외겸용 [없음],체크,"{'기타 혜택(유의사항 등)': '국내외 가맹점 이용 시 0.2% 캐시백 제공, 전월 실적 20만원 이상 시 추가 캐시백 가능.'}"
Point Plan 체크(SOL 모임),신한카드,https://d1c5n4ri2guedi.cloudfront.net/card/2830/card_img/40366/2829card.png,0,해외겸용 [없음],체크,"{'마트/편의점': 'CU, GS25, 세븐일레븐에서 이용금액의 5%를 마이신한포인트로 적립, 월 최대 3천 포인트.', '기타 혜택(유의사항 등)': '- 국내 결제 시 0.2~1% 포인트 적립, 해외 결제 시 1% 포인트 적립, 주말 배달앱 결제 시 2만원 이상 1천 포인트 적립.'}"
농부의마음 Farmers Heart 체크카드,NH농협카드,https://d1c5n4ri2guedi.cloudfront.net/card/498/card_img/21187/498card.png,0,국내전용 [없음] / 해외겸용 [없음],체크,"{'기타 혜택(유의사항 등)': '일상생활 및 농협계통 업종에서 최대 1% NH포인트 적립, 농업 관련 업종에서 1% 적립, 모든 국내 이용액의 0.1%는 농촌사랑운동기금 적립.'}"
SOCAR 제휴 SOCAR 신한카드 체크,신한카드,https://d1c5n4ri2guedi.cloudfront.net/card/300/card_img/20523/300card.png,200000,해외겸용 [없음],체크,"{'OTT/영화/문화': '영화 이용 시 10% 할인(캐시백), 통합 일 1회, 월 3회까지 적용.', '기타 혜택(유의사항 등)': '- SOCAR 결제 시 10% 할인, KTX/SRT 철도 이용 시 5% 할인 제공.'}"
카카오페이 신한 춘식이 체크,신한카드,https://d1c5n4ri2guedi.cloudfront.net/card/2638/card_img/31918/2638card.png,300000,국내전용 [없음] / 해외겸용 [없음],체크,"{'통신': '통신요금 자동이체 시 5% 카카오페이포인트 적립 (전월 30만원 이상, 월 3천 포인트 한도).', '마트/편의점': '편의점 이용 시 5% 카카오페이포인트 적립 (전월 30만원 이상 시, 일 1회/월 3회, 최대 1천 포인트).', '프리미엄': '국제브랜드사 서비스에 대한 상세 안내는 각 브랜드사 홈페이지를 참조해야 합니다.', '해외': '해외 이용금액에 1% 카카오페이포인트 적립, 월 최대 1만 포인트.', '기타 혜택(유의사항 등)': '카카오페이 이용 시 2% 카카오페이포인트 적립, 전월 이용금액 30만원 이상 시 최대 1만 포인트까지 적립 가능.'}"
청춘대로 싱글 체크카드,KB국민카드,https://d1c5n4ri2guedi.cloudfront.net/card/335/card_img/20579/335card.png,300000,해외겸용 [없음],체크,"{'교통': '택시와 대중교통 이용 시 각각 5% 환급할인 제공, 전월 실적에 따라 월 할인 한도 설정.', '마트/편의점': '편의점 업종에서 전월 실적에 따라 5~10% 환급할인 제공, 월 할인한도는 5천원 또는 1만원.', '애완동물': '올리브영, 박승철헤어스투디오, 동물병원에서 10% 환급할인 제공, 전월 실적 50만원 이상 시 월 1만원 한도.', '여행/숙박': 'KB국민카드 고객 전용 데스크를 통해 해외여행 패키지 상품 구매 시 3% 현장 할인 제공.', '해외': '해외이용 시 전월 실적에 따라 월 5천원 할인 제공.', '기타 혜택(유의사항 등)': '다이소 및 3대 소셜커머스에서 전월 실적에 따라 최대 10% 환급할인 제공.'}"
당근머니 하나 체크카드,하나카드,https://d1c5n4ri2guedi.cloudfront.net/card/2721/card_img/35850/2720card_1.png,300000,국내전용 [없음] / 해외겸용 [없음],체크,"{'기타 혜택(유의사항 등)': '당근페이와 연결된 체크카드로, 지역 가맹점에서 최대 3% 적립 가능하며, 당근 앱 내 결제 시 5% 적립 제공.'}"
다드림 체크카드,우체국,https://d1c5n4ri2guedi.cloudfront.net/card/573/card_img/21306/573card.png,0,해외겸용 [없음],체크,"{'통신': '우체국 알뜰폰 통신료 10% 적립 및 전월실적 10만원 이상 시 월 최대 2,000포인트 적립.', '기타 혜택(유의사항 등)': '국내 전 가맹점 이용 시 0.3% 우체국 포인트 적립, 우편·우체국쇼핑 이용 시 5% 적립, 다드림 통장 및 체크카드 이용 실적에 따라 최대 17,000포인트 적립 가능.'}"
넥슨 던전앤파이터 체크카드,하나카드,https://d1c5n4ri2guedi.cloudfront.net/card/1290/card_img/21016/1290card.png,200000,해외겸용 [없음],체크,"{'교통': '대중교통과 택시 이용 시 각각 5% 캐쉬백 제공.', '기타 혜택(유의사항 등)': '- 넥슨캐시/세라 온라인 충전 시 15% 캐쉬백, 월 3회 제공. \n- 11번가, 옥션, G마켓 5% 캐쉬백(3만원 이상), 스타벅스, 이디야커피, CU, GS25, 다이소 5% 캐쉬백(1만원 이상).'}"
iM K-패스 체크카드,iM뱅크,https://d1c5n4ri2guedi.cloudfront.net/card/2817/card_img/39840/2817card.png,200000,국내전용 [없음],체크,"{'교통': '대중교통 요금 10% 할인 (버스, 지하철 후불교통 이용 시)', '통신': '이동통신 요금 2% 할인 (SKT, KT, LG U+ 대상, 5만원 이상 결제 시 적용).', 'OTT/영화/문화': 'CGV, 메가박스, 롯데시네마에서 2만원 이상 결제 시 영화 2% 할인.', '기타 혜택(유의사항 등)': '- 배달앱 2% 할인: 배달의민족, 요기요, 쿠팡이츠에서 2만원 이상 결제 시 적용.\n- 커피·생활용품·편의점 2% 할인: 스타벅스, 다이소 등에서 1만원 이상 결제 시 적용.\n- OTT 2% 할인: 넷플릭스, 유튜브 프리미엄 등에서 1만원 이상 결제 시 적용.'}"
리브 NEXT카드,KB국민카드,https://d1c5n4ri2guedi.cloudfront.net/card/2399/card_img/26192/2399card.png,0,국내전용 [없음],체크,"{'푸드': '편의점(GS25/CU) 및 커피/음료 전문점에서 5천원 이상 결제 시 5% 환급할인 제공, 월 통합 할인한도 1,000원.', '기타 혜택(유의사항 등)': '리브 Next카드로 올리브영과 다이소에서 5천원 이상 결제 시 5% 환급할인 제공, 월 통합 할인한도 1,000원.'}"
신한카드 On 체크(쥬라기),신한카드,https://d1c5n4ri2guedi.cloudfront.net/card/2373/card_img/25322/2374card.png,200000,국내전용 [없음] / 해외겸용 [없음],체크,"{'간편결제': '간편결제 이용 시 최대 2% 적립, 월간 한도 8천원.', '해외': '해외 이용금액에 대해 1.3% 마이신한포인트 적립.', '기타 혜택(유의사항 등)': '생활편의영역 이용 시 최대 2% 적립, 월간 적립한도 8천원.'}"
신세계 신한카드 체크,신한카드,https://d1c5n4ri2guedi.cloudfront.net/card/282/card_img/20504/282card.png,300000,해외겸용 [없음],체크,"{'카페/디저트': '스타벅스에서 승인건당 500원 할인, 일 1회, 월 3회 제공.', 'OTT/영화/문화': '신세계백화점 입점 영화관에서 토, 일요일 1만원 이상 거래 시 2,000원 캐시백 (일 1회, 월 2회).', '기타 혜택(유의사항 등)': '- 생활: 전월 실적 30만원 이상 시 소셜커머스 1%, 할인점/주유/대중교통/통신 자동이체 0.5% 마이신한포인트 적립.\n- 테마파크: 롯데월드 및 서울랜드 자유이용권 50% 할인, 각 연 3회 제공.'}"
락스타 체크카드,KB국민카드,https://d1c5n4ri2guedi.cloudfront.net/card/340/card_img/20585/340card.png,200000,국내전용 [없음] / 해외겸용 [없음],체크,"{'교통': '버스·지하철 10% 청구할인(월 2만원 한도, 전월 30만원 이상 이용 시).', '통신': '이동통신요금 자동납부 5만원 이상 시 월 2,500원 정액 할인.', '푸드': '아웃백과 VIPS에서 20% 환급할인(최대 10,000원), 스타벅스에서 20% 환급할인(최대 4,000원) 제공.', 'OTT/영화/문화': 'CGV에서 1만원 이상 결제 시 35% 환급할인(최대 7,000원) 제공.', '기타 혜택(유의사항 등)': '- 에버랜드·롯데월드 50% 환급할인 (최대 25,000원), 금융수수료 면제 서비스, GS25 및 교보문고 5% 환급할인 제공.'}"
신한카드 Pick I 체크 캐릭터형(한교동),신한카드,https://d1c5n4ri2guedi.cloudfront.net/card/2893/card_img/44188/2893card.png,200000,국내전용 [없음] / 해외겸용 [없음],체크,"{'마트/편의점': '4대 편의점에서 일 1회, 월 3회 최대 1천 포인트까지 10% 적립.', '쇼핑': 'One Pick 온라인 쇼핑몰에서 월 최대 3천 포인트를 적립할 수 있습니다.', '카페/디저트': '커피전문점 업종에서 일 1회, 월 3회, 1회 최대 1천 포인트까지 10% 적립.', '해외': '해외 이용 시 1% 포인트 적립, 월 최대 1만 포인트.', '기타 혜택(유의사항 등)': '디지털 구독 서비스에서 음악, OTT, 도서 영역별로 월 최대 3천 포인트를 10% 적립할 수 있습니다.'}"
롯데마트 라서 즐거운 체크카드,우리카드,https://d1c5n4ri2guedi.cloudfront.net/card/320/card_img/20566/320card.png,300000,해외겸용 [없음],체크,"{'교통': '전국 시내버스와 지하철 이용 시 1,500원 청구할인 제공.', '주유': 'GS칼텍스 주유소에서 리터당 40원 캐시백 할인, 일 1회, 월 6회, 건당 1만원 이상 이용 시 적용.', '마트/편의점': '롯데마트에서 10% 캐시백 할인 제공, 월 최대 5천원 한도.', '카페/디저트': '스타벅스와 투썸플레이스에서 커피 20% 캐시백 할인, 월 2회, 건당 1만원 이상 2만원까지 적용.', 'OTT/영화/문화': '모든 영화관에서 12,000원 이상 결제 시 3,000원 캐시백 할인, 월 1회, 연 10회 제공.', '기타 혜택(유의사항 등)': '패밀리레스토랑 10% 캐시백 할인(아웃백, TGIF) 및 주요 놀이공원 자유이용권 50% 현장할인 제공, 전월실적 30만원 이상 시 적용.'}"
신한카드 처음 체크,신한카드,https://d1c5n4ri2guedi.cloudfront.net/card/2887/card_img/45318/2887card.png,100000,국내전용 [없음] / 해외겸용 [없음],체크,"{'쇼핑': '사진관 업종에서 월 1회, 연 2회 1,000포인트 적립 및 지그재그, 에이블리, 무신사/29CM, 올리브영에서 월 1회, 연 3회 3,000포인트 적립.', '푸드': '편의점, 푸드, 카페에서 기본 5% 적립, 오후 4~8시 이용 시 추가 2% 적립.', '기타 혜택(유의사항 등)': '독서실, 도서, 문구 업종에서 5% 포인트 적립, 월 최대 2천 포인트.'}"
위버스 신한카드 체크(BTS),신한카드,https://d1c5n4ri2guedi.cloudfront.net/card/2244/card_img/20993/2244card.png,200000,국내전용 [없음],체크,"{'기타 혜택(유의사항 등)': 'Weverse Shop 이용 시 2% 캐시 적립, 생활영역 5% 캐시 적립, HYBE INSIGHT 25% 할인 혜택 제공.'}"
올바른GLOBAL체크카드,NH농협카드,https://d1c5n4ri2guedi.cloudfront.net/card/375/card_img/20874/375card.png,200000,해외겸용 [없음],체크,"{'공항라운지/PP': '국제공항 라운지 무료 이용(전월 실적 50만원 이상 시, 연 1회).', '해외': '해외 물품 구매 시 2% 캐시백(월 10만원 한도) 및 해외 ATM 현금인출 수수료 3$ 면제(월 2회 한도).', '기타 혜택(유의사항 등)': '전월 실적에 따라 10대 업종에서 최대 1.0% 캐시백 제공, 월 한도 3만원.'}"
딩딩 체크카드,BNK부산은행,https://d1c5n4ri2guedi.cloudfront.net/card/2808/card_img/40124/2808card.png,200000,해외겸용 [없음],체크,"{'마트/편의점': 'GS25, CU, 세븐일레븐에서 5천원 이상 구매 시 10% 할인, 월 2회, 연 12회 제공.', '쇼핑': 'CJ올리브영, 다이소 10% 할인(1만원 이상, 월 1회, 연 6회) 및 G마켓, 옥션, 11번가 5% 할인(3만원 이상, 월 2회, 연 12회) 제공.', '푸드': '맥도날드와 롯데리아에서 5천원 이상 구매 시 10% 할인, 1회 최대 2천원, 월 2회, 연 12회 제공.', '카페/디저트': '스타벅스, 카페베네, 엔제리너스에서 5천원 이상 구매 시 10% 할인 (1회 최대 2천원, 월 2회, 연 12회).', 'OTT/영화/문화': '전국 영화관 예매 시 4천원 할인(월 1회, 연 6회, 매출 1만원 이상).', '기타 혜택(유의사항 등)': '베이커리 10% 할인(5천원 이상, 월 2회, 연 12회) 및 도서 2천원 할인(3만원 이상, 월 2회, 연 12회) 제공.'}"
웰컴 외국인 올인원 체크카드,웰컴저축은행,https://d1c5n4ri2guedi.cloudfront.net/card/2919/card_img/45402/2919card.png,0,국내전용 [없음],체크,"{'교통': '후불교통한도 최대 30만원, 결제일은 15일, 모바일 뱅킹으로 신청 가능.', '기타 혜택(유의사항 등)': '최대 1% 무제한 캐시백과 시중은행 자동화기기 수수료 면제 혜택 제공.'}"
우리V외국인체크카드,우리카드,https://d1c5n4ri2guedi.cloudfront.net/card/1451/card_img/20623/1451card.png,0,국내전용 [없음],체크,"{'마트/편의점': '대형마트에서 3대 할인점(이마트, 롯데마트, 홈플러스)에서 건당 3만원 이상 결제 시 5% 청구 할인, 월 최대 3천원 할인.', 'OTT/영화/문화': 'CGV 영화 관람 시 최대 4천원 청구 할인 (월 1회, 연 6회).', '기타 혜택(유의사항 등)': '- 외환 환전 송금 최대 50% 환율 우대, 우리원송금클럽 송금수수료 면제, 놀이공원 할인, 자동화기기 인출수수료 면제 혜택 제공.'}"
올유닛 체크카드,MG새마을금고,https://d1c5n4ri2guedi.cloudfront.net/card/2508/card_img/28714/2508card.png,500000,해외겸용 [없음],체크,"{'통신': '이동통신요금 1% 할인, 전월 이용실적 50만원 이상 시 월 최대 5천원 캐시백 제공.', '병원/약국': '병원 및 약국 결제 시 1% 캐시백, 전월 50만원 이상 이용 시 월 최대 5천원 제공.', '레저/스포츠': '레저 업종 결제 시 1% 캐시백, 전월 50만원 이상 이용 시 월 최대 5천원 제공.', '기타 혜택(유의사항 등)': '전월 이용실적 50만원 이상 시, A, B, C 영역 중 가장 큰 1개 영역에서 1% 캐시백 제공, 월 한도 5천원.'}"
토스뱅크 모임카드,토스뱅크,https://d1c5n4ri2guedi.cloudfront.net/card/2456/card_img/28028/2456card.png,0,국내전용 [없음] / 해외겸용 [없음],체크,"{'기타 혜택(유의사항 등)': '모임통장 기준으로 마트, 노래방, 음식점 등에서 매일 1회, 월 5회 캐시백 제공.'}"
제주항공 트래블제로카드,코나카드,https://d1c5n4ri2guedi.cloudfront.net/card/2832/card_img/41059/2832card_1.png,0,해외겸용 [없음],체크,"{'해외': '해외 가맹점 결제, 환전, 해외 ATM 출금 시 수수료가 0%입니다.', '기타 혜택(유의사항 등)': '국내에서 0.2% 캐시백과 최대 15% 결제할인, 해외 결제 시 1% 제주항공 인센티브 적립, 연말 정산 시 30% 소득공제 혜택 제공.'}"
현대카드M CHECK-경차전용카드(유류세 환급),현대카드,https://d1c5n4ri2guedi.cloudfront.net/card/2197/card_img/21811/2197card.png,0,없음,체크,"{'기타 혜택(유의사항 등)': '- 당월 이용금액에 따라 0.5% 또는 1% M포인트 적립, 적립 한도는 무제한.'}"
케이뱅크 X KT멤버십더블혜택 체크카드,케이뱅크,https://d1c5n4ri2guedi.cloudfront.net/card/436/card_img/20937/436card.png,200000,해외겸용 [없음],체크,"{'기타 혜택(유의사항 등)': 'KT 고객은 모바일, IPTV, 인터넷 등 서비스를 이용하며, 전월 이용금액에 따라 영화/식음료 및 기타 영역에서 최대 4만원 캐시백을 받을 수 있고, 통신요금에 대해 최대 20% 캐시백이 제공됩니다.'}"
1st TRIPLE 체크카드,전북은행,https://d1c5n4ri2guedi.cloudfront.net/card/2189/card_img/21803/2189card.png,200000,없음,체크,"{'기타 혜택(유의사항 등)': '캐시백: BASIC 2%, TOP 3% (해외, 후불교통, 주유), SPECIAL 5% (편의점, 온라인, 카페) 제공.'}"
Air Money(에어머니)체크,NH농협카드,https://d1c5n4ri2guedi.cloudfront.net/card/675/card_img/21440/675card.png,0,국내전용 [없음] / 해외겸용 [없음],체크,"{'기타 혜택(유의사항 등)': 'Air Money 기본 0.2% 적립, 3개월 연속 월 30만원 이상 사용 시 추가 0.2% 적립.'}"
해피포인트 우리체크 V.2,우리카드,https://d1c5n4ri2guedi.cloudfront.net/card/775/card_img/22249/775card.png,0,국내전용 [없음] / 해외겸용 [없음],체크,"{'해외': '해외 이용금액의 1%를 해피포인트로 적립하며, 월 10,000포인트 한도가 있습니다.', '기타 혜택(유의사항 등)': '해피오더/해피마켓 사용 시 해피포인트 10% 적립, 전월실적 20만원 이상 시 최대 21,000 포인트 적립 가능.'}"
위클리 VISA 롯데체크카드,롯데카드,https://d1c5n4ri2guedi.cloudfront.net/card/2147/card_img/21829/2147card.jpg,0,해외겸용 [없음],체크,"{'쇼핑': '롯데백화점 5% 할인 e-쿠폰과 롯데ON 5% 할인 제공.', '푸드': ""T.G.I.FRiDAY'S 10% 현장할인(주류제외) 및 롯데리아, 엔제리너스커피, 나뚜루 1,000원당 50원 할인 제공."", 'OTT/영화/문화': '롯데시네마 관람권 1,500원 환급 할인 (일 1회, 월 5회, 연 12회).', '기타 혜택(유의사항 등)': '평일 이용실적에 따라 주말 캐시백 혜택이 최대 2.0% 제공되며, 테마파크 이용권 할인 혜택도 포함됩니다.'}"
트래블페이 충전카드,트래블월렛,https://d1c5n4ri2guedi.cloudfront.net/card/2320/card_img/23848/2320card.png,0,해외겸용 [없음],체크,"{'간편결제': '트래블페이는 31개 외화를 수수료 없이 충전하고 해외 결제할 수 있는 카드입니다.', '해외': '트래블페이 카드는 주요 통화 환전 수수료가 무료이며, 해외직구와 결제 시 수수료가 없습니다.', '기타 혜택(유의사항 등)': '트래블페이 카드로 모든 외화를 충전하고, 전 세계 8,000만개 VISA 가맹점에서 수수료 없이 결제 가능.'}"
BNK 프렌즈 체크카드,BNK부산은행,https://d1c5n4ri2guedi.cloudfront.net/card/1311/card_img/20958/1311card.png,0,"해외겸용 [1,000]원",체크,"{'해외': '해외 이용 시 1% 캐시백 제공, 단 건당 USD 10 이상 및 전월 국내실적 30만원 이상 필요.', '기타 혜택(유의사항 등)': '국내 가맹점에서 1만원 이상 이용 시 0.2~0.4% 캐시백 제공.'}"
GOODGAME 체크카드,NH농협카드,https://d1c5n4ri2guedi.cloudfront.net/card/2443/card_img/27651/2443card.png,200000,국내전용 [없음] / 해외겸용 [없음],체크,"{'기타 혜택(유의사항 등)': '게임 결제 시 10% NH포인트 적립, 생활업종 결제 시 평일 0.5%, 주말 1% NH포인트 적립 (전월실적 20만원 이상 시, 월 적립한도 2천원 또는 3만원).'}"
우리성당 체크카드,우리카드,https://d1c5n4ri2guedi.cloudfront.net/card/1260/card_img/21047/1260card.png,300000,해외겸용 [없음],체크,"{'교통': '전국 시내버스와 지하철에서 1,500원 할인, 전월 실적 30만원 이상 시 적용.', '주유': 'GS칼텍스 주유 시 리터당 40원 할인 (일 1회, 월 6회, 건당 1만원 이상).', '카페/디저트': '스타벅스와 투썸플레이스에서 20% 할인, 통합 일 1회, 월 2회, 건당 1만원 이상 2만원까지 적용.', '병원/약국': '모든 병원과 약국에서 5% 할인, 통합 일 1회, 월 2회, 건당 1만원 이상 5만원까지 적용.', 'OTT/영화/문화': '모든 영화관에서 3,000원 할인 (월 1회, 연 10회, 12,000원 이상 결제 시 적용).', '기타 혜택(유의사항 등)': '아웃백과 TGIF에서 통합 월 1회 20% 현장 할인 제공, 건당 1만원 이상 10만원까지 적용.'}"
훈 체크카드,KB국민카드,https://d1c5n4ri2guedi.cloudfront.net/card/341/card_img/20586/341card.png,300000,국내전용 [없음] / 해외겸용 [없음],체크,"{'교통': '버스·지하철 5% 청구할인, 전월실적 30만원 이상 시 월 1천5백원 한도.', '병원/약국': '동물병원 5% 환급할인(전월실적 30만원 이상: 월 5천원, 50만원 이상: 월 1만원 한도)과 약국 5% 환급할인(전월실적 50만원 이상: 월 5천원 한도) 제공.', '기타 혜택(유의사항 등)': '문리계·외국어학원 7% 환급할인과 서점업종 5% 환급할인이 제공되며, 전월 실적에 따라 할인 한도가 다릅니다.'}"
jumjum(점점) 체크카드(비씨),NH농협카드,https://d1c5n4ri2guedi.cloudfront.net/card/366/card_img/20607/366card.png,0,해외겸용 [없음],체크,"{'기타 혜택(유의사항 등)': '국내·외 전 가맹점에서 0.2%~0.4% TOP포인트 적립, SMS 알림 서비스 제공.'}"
FC EXPRESS 체크,우리카드,https://d1c5n4ri2guedi.cloudfront.net/card/1702/card_img/22422/1702card.png,300000,국내전용 [없음] / 해외겸용 [없음],체크,"{'해외': '해외가맹점 이용 시 국제브랜드수수료와 해외서비스수수료 면제, 연간 최대 1억원까지 이용 가능.', '기타 혜택(유의사항 등)': '국내 전가맹점에서 전월 30만원 이상 이용 시 0.3% 모아포인트 적립.'}"
2030 언택트 체크카드,BNK부산은행,https://d1c5n4ri2guedi.cloudfront.net/card/2507/card_img/28654/2507card.png,200000,국내전용 [없음],체크,"{'쇼핑': '쿠팡, 마켓컬리, SSG닷컴에서 20,000원 이상 결제 시 할인 적용.', '카페/디저트': '스타벅스에서 10,000원 이상 결제 시 월 최대 3,000원 할인.', '기타 혜택(유의사항 등)': '- 배달의 민족, 요기요에서 20,000원 이상 결제 시 할인 적용.\n- 넷플릭스, 유튜브프리미엄, 멜론에서 8,000원 이상 정기결제 시 20% 청구할인.'}"
H.Point 체크카드,KB국민카드,https://d1c5n4ri2guedi.cloudfront.net/card/355/card_img/20598/355card.png,300000,국내전용 [없음] / 해외겸용 [없음],체크,"{'카페/디저트': '스타벅스와 파리바게뜨에서 각각 5% 환급할인 제공, 전월 이용금액에 따라 월간 할인한도 설정.', 'OTT/영화/문화': 'CGV 영화 예매 시 전월 이용실적에 따라 최대 3천원 환급할인 제공.', '기타 혜택(유의사항 등)': 'H.Point KB국민 체크카드는 국내 가맹점에서 0.2% 기본적립과 현대백화점그룹에서 0.5% 추가적립 혜택을 제공하며, 올리브영에서 최대 5% 환급할인 혜택이 있습니다.'}"
K리그 축덕 Young Hana 체크카드 with OKcashbag,하나카드,https://d1c5n4ri2guedi.cloudfront.net/card/1526/card_img/32519/1526card.png,200000,해외겸용 [없음],체크,"{'기타 혜택(유의사항 등)': '하나머니 적립 서비스와 OK캐쉬백 플러스 적립, 해외 ATM 수수료 우대, 놀이공원 할인 서비스 제공.'}"
KB국민 국민행복체크,KB국민카드,https://d1c5n4ri2guedi.cloudfront.net/card/752/card_img/22226/752card.png,300000,국내전용 [없음],체크,"{'병원/약국': '병원 이용 시 5% 할인, 전월 실적에 따라 최대 5천원 할인 한도 적용.', '교육/육아': '키즈카페, 문화센터, 학습지에서 5% 청구할인 제공, 전월 실적에 따라 할인 한도 있음.', '기타 혜택(유의사항 등)': '국민행복카드는 임신·출산 진료비, 보육료, 기저귀/조제분유, 여성청소년 위생용품, 에너지 바우처, 아이돌봄 바우처 등을 지원하며, 단체보험 무료가입 혜택도 제공한다.'}"
KB국민 티머니 노리 학생증체크카드(퍼플),KB국민카드,https://d1c5n4ri2guedi.cloudfront.net/card/1610/card_img/22594/1610card.png,200000,국내전용 [없음],체크,"{'통신': '이동통신요금 2,500원 환급할인(월 1회, 5만원 이상 이체 시) 제공.', '마트/편의점': 'GS25에서 5% 환급할인, 건당 1만원~2만원 이용 시 최대 1,000원 할인.', '카페/디저트': '스타벅스에서 20% 환급할인, 1회 최대 4,000원 할인 적용.', 'OTT/영화/문화': 'CGV 영화 35% 환급할인, 1회 최대 7,000원 할인.', '기타 혜택(유의사항 등)': 'KB국민 티머니 체크카드는 패밀리레스토랑 20% 환급, 테마파크 50% 환급, 금융수수료 면제, 도서 5% 환급 혜택을 제공합니다.'}"
L.PAY 하나 체크카드,하나카드,https://d1c5n4ri2guedi.cloudfront.net/card/1523/card_img/20209/1523card.png,0,해외겸용 [없음],체크,"{'기타 혜택(유의사항 등)': 'L.POINT 적립: L.PAY 결제 시 2.0%, 롯데가맹점 0.5%, 기타 국내 전 가맹점 0.1% 적립, 월 최대 적립 한도는 이용금액에 따라 다름.'}"
L.pay 신한카드 체크,신한카드,https://d1c5n4ri2guedi.cloudfront.net/card/645/card_img/21409/645card.png,0,국내전용 [없음] / 해외겸용 [없음],체크,"{'교통': '후불교통 및 택시, 롯데 더드림영역 이용금액 0.5% 포인트 적립.', '간편결제': 'L.pay 결제 시 온라인에서 최대 3%, 오프라인에서 최대 1% 포인트 적립.', '기타 혜택(유의사항 등)': '국내/해외 이용금액 0.1% 포인트 적립, 전월 이용조건 및 월 적립한도 없음.'}"
KT 신한카드 체크,신한카드,https://d1c5n4ri2guedi.cloudfront.net/card/301/card_img/20524/301card.png,300000,국내전용 [없음],체크,"{'마트/편의점': 'GS25에서 전월 30만원 이상 이용 시 5% 캐시백, 월 최대 2천원 한도.', 'OTT/영화/문화': 'CGV에서 전월 30만원 이상 이용 시 10% 캐시백, 월 최대 2천원.', '기타 혜택(유의사항 등)': 'KT 통신요금 자동납부 시 전월 이용금액에 따라 최대 5천원 캐시백 제공.'}"
LG트윈스 신한카드 체크,신한카드,https://d1c5n4ri2guedi.cloudfront.net/card/2954/card_img/47576/2954card_1.png,300000,국내전용 [없음] / 해외겸용 [없음],체크,"{'마트/편의점': '편의점 이용 시 최대 5% 적립, 전월 30만원 이상 이용 시 차등 적용.', '기타 혜택(유의사항 등)': 'LG트윈스 홈경기 입장권 3천원 할인, 용품 구매 시 최대 10% 적립, 배달앱 이용 시 최대 5% 적립 혜택 제공.'}"
E1 LPG 롯데 체크카드,롯데카드,https://d1c5n4ri2guedi.cloudfront.net/card/1932/card_img/22066/1932card.jpg,200000,국내전용 [없음],체크,"{'쇼핑': '롯데백화점 5% 할인 e-쿠폰, 롯데ON 5% 할인 및 무이자 할부, 롯데마트/슈퍼 2~3개월 무이자 할부, 토이저러스 2~3개월 무이자 할부, 소액무서명 결제 서비스 제공.', '푸드': '- 보네스뻬/보네스뻬브레드 10% 할인, T.G.I.F 상시 10% 할인(주류 제외), 롯데리아/엔제리너스커피/나뚜루 1,000원당 50원 할인.', 'OTT/영화/문화': '롯데시네마 관람료 1,500원 청구할인 (전월 이용실적 20만원 이상 시, 1일 1회, 월 5회, 연 12회 한정).', '기타 혜택(유의사항 등)': 'E1 LPG 충전소에서 리터당 47 오렌지포인트 적립, 정비 서비스 및 다양한 제휴 할인 혜택 제공.'}"
국민행복 체크카드,전북은행,https://d1c5n4ri2guedi.cloudfront.net/card/2192/card_img/21806/2192card.png,300000,국내전용 [없음],체크,"{'기타 혜택(유의사항 등)': '국민행복 카드 혜택: 의료 3% 캐시백, 온라인쇼핑 3% 캐시백, 외식/커피 10% 및 5% 캐시백, 이동통신 1,000원 캐시백, 대중교통 3% 및 5% 캐시백, 키즈 3% 캐시백.'}"
LIKIT on 체크카드,롯데카드,https://d1c5n4ri2guedi.cloudfront.net/card/757/card_img/22231/757card.png,300000,국내전용 [없음],체크,"{'쇼핑': '온라인쇼핑 3% 캐시백(한도 3천원/4천원) 및 소셜커머스·오픈마켓 5% 캐시백(한도 2천원/4천원) 제공.', '기타 혜택(유의사항 등)': 'LIKIT on 체크카드 사용 시 온라인 및 소셜커머스·오픈마켓에서 캐시백 혜택 제공.'}"
KB국민 티머니노리학생증 체크카드(그린_세로형),KB국민카드,https://d1c5n4ri2guedi.cloudfront.net/card/1617/card_img/22579/1617card.png,0,국내전용 없음,체크,"{'통신': '이동통신요금 2,500원 환급할인(월 1회, 5만원 이상 이체 시) 제공.', '마트/편의점': 'GS25에서 5% 환급할인, 건당 1만원~2만원 이용 시 최대 1,000원 할인.', '카페/디저트': '스타벅스에서 20% 환급할인, 1회 최대 4,000원 할인 적용.', 'OTT/영화/문화': 'CGV에서 영화 관람 시 35% 환급할인(최대 7,000원) 제공.', '기타 혜택(유의사항 등)': '- 패밀리레스토랑: 아웃백, VIPS 20% 환급할인 (최대 10,000원)\n- 테마파크: 에버랜드·롯데월드 50% 환급할인 (최대 25,000원)\n- 금융: 인터넷·모바일 타행이체 수수료 면제 (70만원 이상 이용 시)\n- 도서: 교보문고 5% 환급할인 (최대 2,500원)'}"
넥슨 현대카드Check,현대카드,https://d1c5n4ri2guedi.cloudfront.net/card/2390/card_img/25822/2390card.png,0,"국내전용 [2,000]원",체크,{'기타 혜택(유의사항 등)': '모든 가맹점에서 월 50만원 한도까지 실적 조건 없이 0.5% 넥슨 현대카드 포인트 적립.'}
KB국민 티머니노리학생증 체크카드(블루),KB국민카드,https://d1c5n4ri2guedi.cloudfront.net/card/1619/card_img/22577/1619card.png,0,국내전용 없음,체크,"{'통신': '이동통신요금 2,500원 환급할인(월 1회, 전월 이용실적 30만원 이상 시).', '마트/편의점': 'GS25에서 5% 환급할인, 건당 1만원~2만원 이용 시 최대 1,000원 할인.', '카페/디저트': '스타벅스에서 20% 환급할인, 1회 최대 4,000원 할인 적용.', 'OTT/영화/문화': 'CGV에서 영화 관람 시 35% 환급할인(최대 7,000원) 제공.', '기타 혜택(유의사항 등)': '- 패밀리레스토랑: 아웃백, VIPS 20% 환급할인 (최대 10,000원)\n- 테마파크: 에버랜드·롯데월드 50% 환급할인 (최대 25,000원)\n- 금융: 인터넷·모바일 타행이체 수수료 면제 (70만원 이상 이용 시)\n- 도서: 교보문고 5% 환급할인 (최대 2,500원)'}"
넥슨 메이플스토리 하나BC 체크카드,하나카드,https://d1c5n4ri2guedi.cloudfront.net/card/1285/card_img/21021/1285card.png,200000,해외겸용 [없음],체크,"{'교통': '대중교통과 택시 이용 시 각각 5% 캐쉬백 제공.', '기타 혜택(유의사항 등)': '넥슨캐시/세라 온라인 충전 시 15% 캐쉬백(월 3회 한도), 11번가, 옥션, G마켓 5% 캐쉬백(3만원 이상), 스타벅스, 이디야커피, CU, GS25, 다이소 5% 캐쉬백(1만원 이상).'}"
LIKIT fun 체크카드,롯데카드,https://d1c5n4ri2guedi.cloudfront.net/card/755/card_img/22229/755card.png,300000,국내전용 [없음],체크,"{'통신': 'SKT, KT, LG U+에서 1회당 2천원 캐시백 제공, 지난달 이용실적 30만원 이상 시 최대 1회.', '마트/편의점': '세븐일레븐, GS25, CU에서 지난달 이용실적에 따라 최대 3회 1천원 캐시백 제공.', '카페/디저트': '스타벅스와 엔제리너스에서 1천원 캐시백, 최대 9회 제공.', 'OTT/영화/문화': '롯데시네마와 CGV에서 지난달 이용실적에 따라 최대 3회, 회당 2천원 캐시백 제공.', '기타 혜택(유의사항 등)': 'LIKIT fun 체크카드 사용 시 특정 실적에 따라 커피, 영화, 편의점, 이동통신 등에서 캐시백 혜택 제공.'}"
럭키 유카드,코나카드,https://d1c5n4ri2guedi.cloudfront.net/card/2312/card_img/23718/2312card.png,0,국내전용 [없음],체크,"{'마트/편의점': 'GS25, 세븐일레븐에서 10% 캐시백 제공 (당월 20만원 이상 충전 또는 전월 20만원 이상 결제 시).', '카페/디저트': '커피빈 15% 할인 제공.', '기타 혜택(유의사항 등)': '1만원 이상 결제 시 4개 행운번호 럭키권 발급, 단골 매장 등록 시 3곳에서 3% 캐시백 제공.'}"
다날-유니온페이 모바일카드,다날,https://d1c5n4ri2guedi.cloudfront.net/card/2319/card_img/23847/2319card.png,0,해외겸용 [없음],체크,"{'공과금/렌탈': '공과금 및 렌탈 결제 시 30% 소득공제 혜택 제공.', '해외': '해외 179개국 UNION PAY 가맹점 이용 가능, 중국은 바코드 결제만 지원.', '기타 혜택(유의사항 등)': '페이코인 가입자만 발급 가능하며, 유니온페이 결제가 가능한 국가에서 사용 가능합니다.'}"
국민행복체크카드,BNK부산은행,https://d1c5n4ri2guedi.cloudfront.net/card/1324/card_img/20857/1324card.png,0,"국내전용 [1,000]원",체크,"{'통신': 'SKT, KT, LG 이동통신요금 자동이체 시 월 1회 1천원 청구 할인.', '쇼핑': '주요 온라인 쇼핑몰에서 월 2회 3만원 이상 구매 시 3% 청구 할인 제공.', '카페/디저트': '주요 커피 전문점(스타벅스, 커피빈, 카페베네)에서 월 4회 1만원 이상 결제 시 10% 청구 할인 제공.', '병원/약국': '병원 업종에서 월 2회 최대 1만 5천원까지 3% 할인 제공.', '기타 혜택(유의사항 등)': '국민행복 카드로 임신·출산 진료비, 보육료, 기저귀 및 조제분유, 여성청소년 위생용품 등을 지원받을 수 있습니다.'}"
럭키 더블카드,코나카드,https://d1c5n4ri2guedi.cloudfront.net/card/2311/card_img/23717/2311card.png,200000,국내전용 [없음],체크,"{'마트/편의점': 'GS25, 세븐일레븐에서 당월 20만원 이상 충전 또는 전월 20만원 이상 결제 시 10% 캐시백 제공.', '카페/디저트': '커피빈 15% 할인 제공.', '기타 혜택(유의사항 등)': '1만원 이상 결제 시 럭키권 2장 발급, 단골 매장 등록 시 3% 캐시백 제공.'}"
신한카드 SOL글로벌U 체크,신한카드,https://d1c5n4ri2guedi.cloudfront.net/card/2921/card_img/45411/2921card.png,300000,국내전용 [없음] / 해외겸용 [없음],체크,"{'기타 혜택(유의사항 등)': '대중교통과 이동통신요금 10% 캐시백, 커피/편의점 및 배달앱 10% 캐시백 제공.'}"
누리체크카드,KB국민카드,https://d1c5n4ri2guedi.cloudfront.net/card/338/card_img/20583/338card.png,300000,국내전용 [없음] / 해외겸용 [없음],체크,"{'교통': '대중교통 및 택시 이용 시 0.2% 추가 환급 할인 제공.', '통신': '이동통신요금 자동납부 등록 시 0.2% 추가 환급할인 제공.', '푸드': '음식점과 커피전문점에서 0.2% 추가 환급할인 제공.', '해외': '해외 이용 시 1% 할인 캐시백 제공.', '기타 혜택(유의사항 등)': '모든 가맹점에서 기본 0.2% 환급할인과 주말·공휴일 추가 0.2% 환급할인을 제공하며, 전월 이용실적 30만원 이상 시 적용됩니다.'}"
삼성빅보너스체크카드,삼성카드,https://d1c5n4ri2guedi.cloudfront.net/card/1623/card_img/22573/1623card.png,300000,국내전용 [없음] / 해외겸용 [없음],체크,"{'주유': 'S-OIL 주유소에서 주유 시 리터당 40 보너스포인트 적립, 일 2회, 회당 10만원, 월 40만원까지 적용.', '기타 혜택(유의사항 등)': '모든 제휴점에서 0.5% 빅포인트 적립, 프로스포츠 경기 할인 혜택 제공.'}"
내가그린카드,SBI저축은행,https://d1c5n4ri2guedi.cloudfront.net/card/1985/card_img/22013/1985card.png,200000,국내전용 [없음],체크,"{'통신': '이동통신 요금 5만원 이상 결제 시 월 1회 2천원 할인, 전월 이용실적에 따라 통합할인한도 최대 2만원 제공.', '쇼핑': 'G마켓, 옥션, 11번가에서 5% 할인, 통합 월 2회 최대 5천원 할인 (전월 이용실적에 따라 최대 2만원까지 가능).', '카페/디저트': '스타벅스, 커피빈, 카페베네, 아티제에서 월 2회 10% 할인, 전월 이용실적에 따라 최대 20,000원까지 통합할인한도 제공.', 'OTT/영화/문화': 'CGV, 메가박스에서 월 1회 3천원 할인(연 6회), 전월 이용실적에 따라 통합할인한도 최대 2만원 제공.', '기타 혜택(유의사항 등)': '- 소셜커머스: 티몬, 위메프, 쿠팡 5% 할인, 월 2회 최대 5천원.\n- 점심: 일반·휴게음식 업종 5% 할인, 월 4회 최대 5천원.\n- 공연/전시: 인터파크, YES24 3천원 할인, 월 1회 연 6회, 1회 1만원 이상 결제 시.\n- 도서: 교보문고 등 5% 할인, 1일 1회 연 6회, 1회 3만원 이상 결제 시.\n- 은행사: 인터넷/모바일/폰뱅킹 이체수수료 무제한 면제, CD/ATM 현금출금 수수료 월 5회 면제.'}"
신한카드 봄 체크(도구리),신한카드,https://d1c5n4ri2guedi.cloudfront.net/card/2597/card_img/31066/2597card.png,0,국내전용 [없음] / 해외겸용 [없음],체크,"{'교통': '버스/지하철 후불교통 이용 시 전월 이용금액에 따라 일일 캐시백 제공.', '기타 혜택(유의사항 등)': '국내외 이용금액에 따라 최대 0.3% 캐시백 제공, 분기 및 연 이용금액 충족 시 추가 캐시백 가능.'}"
몰테일 신한카드 체크,신한카드,https://d1c5n4ri2guedi.cloudfront.net/card/311/card_img/20556/311card.png,0,해외겸용 [없음],체크,"{'마트/편의점': 'CU에서 9% 캐시백 제공, 일 1회, 월 4회, 1회 이용금액 1만원 이상 시 최대 2천원 캐시백.', '카페/디저트': '스타벅스에서 1회 이용금액 1만원 이상 시 최대 2천원 캐시백, 일 1회, 월 4회 제공.', '해외': '몰테일 배송비 결제 시 3천원 캐시백(월 2회, 1만원 이상, USD 결제 시) 및 테일리스트, 비타트라 5% 즉시 할인(최대 US $2, 월 2회) 제공; 해외 전 가맹점 이용액 1.2% 캐시백.', '기타 혜택(유의사항 등)': '해외 인출 시 1건당 US $3 캐시백(일 1회, 월 1만원 한도) 및 쿠팡, 티몬에서 9% 캐시백(일 1회, 월 4회, 1회 최대 2천원) 제공.'}"
신한카드 봄(체크),신한카드,https://d1c5n4ri2guedi.cloudfront.net/card/2512/card_img/28737/2512card.png,0,국내전용 [없음] / 해외겸용 [없음],체크,"{'교통': '버스/지하철 후불교통 이용 시 전월 이용금액에 따라 일 100원 또는 200원 캐시백 제공.', '기타 혜택(유의사항 등)': '국내외 이용금액에 따라 최대 0.3% 캐시백 제공, 분기 및 연 이용금액 충족 시 추가 캐시백 가능.'}"
메가쇼핑체크카드,BNK부산은행,https://d1c5n4ri2guedi.cloudfront.net/card/1392/card_img/20750/1392card.png,200000,국내전용 [없음],체크,"{'주유': '전국 모든 주유소 이용금액의 1.2% 캐쉬백 할인(건당 10만원 이하, 일2회, 월4회 제공).', '마트/편의점': '메가마트 이용 시 전월 실적에 따라 3~7% 캐쉬백 할인과 메가포인트 적립 제공.', '쇼핑': '인터넷, 소셜커머스, 홈쇼핑에서 5% 캐쉬백 할인 (건당 3만원 이상, 월 2회 한정).', '카페/디저트': '스타벅스, 까페베네, 엔제리너스, 맥도날드에서 5천원 이상 이용 시 5% 캐쉬백 할인 (1회 2천원, 월2회, 연12회).', 'OTT/영화/문화': '전국 모든 영화관 인터넷 예매 시 2천원 캐쉬백 할인(월 1회, 연 6회, 건당 1만원 이상).', '기타 혜택(유의사항 등)': '농심계열사 할인, 허심청 할인, 그린서비스 포인트 적립 제공.'}"
유안타 CMA+ 체크카드,유안타증권,https://d1c5n4ri2guedi.cloudfront.net/card/2193/card_img/21807/2193card.png,100000,국내전용 [없음],체크,"{'기타 혜택(유의사항 등)': '당월 사용금액에 따라 10만원 이상 30만원 미만은 연 3%, 30만원 이상은 연 5% 캐시백 제공.'}"
어디로든 그린체크카드,BNK부산은행,https://d1c5n4ri2guedi.cloudfront.net/card/2621/card_img/31491/2621card.png,300000,국내전용 [없음],체크,"{'카페/디저트': '커피전문점에서 스타벅스, 폴바셋, 이디야 이용 시 5% 적립.', '기타 혜택(유의사항 등)': '친환경 자동차 충전 최대 20% 적립, 공유 모빌리티 5% 적립, 국내 가맹점 0.1% 적립.'}"
유안타 Daily+ 체크카드,유안타증권,https://d1c5n4ri2guedi.cloudfront.net/card/2194/card_img/21808/2194card.png,300000,국내전용 [없음],체크,"{'기타 혜택(유의사항 등)': '대형마트, 편의점, 의료, 커피, 트렌디샵, 택시에서 월 1회 일정 금액 이상 결제 시 할인 혜택 제공.'}"
신한카드 Way 체크(최고심),신한카드,https://d1c5n4ri2guedi.cloudfront.net/card/2471/card_img/28241/2471card.png,200000,국내전용 [없음] / 해외겸용[없음],체크,"{'교통': '대중교통 이용 시 최대 5% 적립, 월간 한도 8천원.', '해외': '해외 이용금액에 대해 1.3% 마이신한포인트 적립.', '기타 혜택(유의사항 등)': '생활편의영역 이용 시 최대 2% 적립, 월간 적립한도 8천원.'}"
아이부자 카드,하나카드,https://d1c5n4ri2guedi.cloudfront.net/card/2323/card_img/23852/2323card.png,0,국내전용 [없음],체크,"{'교통': '교통카드 사용 가능하며, 티머니 서비스로 운영됩니다.', '공과금/렌탈': '공과금 및 렌탈 결제 시 30% 소득공제 혜택 제공.', '기타 혜택(유의사항 등)': '아이부자카드는 연말 소득공제 혜택이 가능하며, 앱 탈회 시 사용이 불가합니다.'}"
제주도 삼성체크카드,삼성카드,https://d1c5n4ri2guedi.cloudfront.net/card/1302/card_img/28075/1302card.png,300000,국내전용 [없음] / 해외겸용 [없음],체크,"{'주유': 'S-OIL 주유소에서 주유 시 리터당 40 보너스포인트 적립, 일 2회, 회당 10만원, 월 40만원까지 적용.', '기타 혜택(유의사항 등)': '- 이용금액의 0.5%를 제주도 발전 기금으로 적립하며, 프로스포츠 제휴 구단 정규시즌 홈 경기 할인 혜택 제공.'}"
브라보(Bravo) 체크카드,우체국,https://d1c5n4ri2guedi.cloudfront.net/card/2628/card_img/31739/2628card.png,300000,해외겸용 [없음],체크,"{'주유': 'SK주유소에서 L당 40원 캐시백, 월 3회, 1회 10만원 한도.', '마트/편의점': '대형마트에서 5만원 이상 결제 시 월 2회 5% 캐시백 제공.', '쇼핑': '정관장에서 월 2회 10% 캐시백 제공.', '푸드': '모든 음식점에서 오전 11시~오후 2시, 건당 3만원 이상 결제 시 월 4회 5% 캐시백 제공.', '병원/약국': '모든 약국에서 월 2회 10% 캐시백 제공.', 'OTT/영화/문화': 'CGV, 메가박스, 롯데시네마에서 월 2회 15% 캐시백 제공.', '여행/숙박': '국내 숙박업종 15% 캐시백(건당 5만원 이상, 월 1회).', '해외': '해외 ATM 현금인출 시 수수료($3) 면제.', '기타 혜택(유의사항 등)': '- 전기차 충전 5% 캐시백(월 2회), 골프장 10% 캐시백(월 2회), 교보문고 15% 캐시백(월 2회) 제공.'}"
우체국 우리동네plus 체크카드,우체국,https://d1c5n4ri2guedi.cloudfront.net/card/1907/card_img/24418/1907card.png,300000,국내전용 [없음],체크,"{'기타 혜택(유의사항 등)': '선택형 카드로 지역별 가맹점에서 다양한 할인 혜택을 제공하며, 매월 1회 서비스 변경이 가능합니다.'}"
세븐일레븐 멤버십롯데체크카드,롯데카드,https://d1c5n4ri2guedi.cloudfront.net/card/1714/card_img/22410/1714card.jpg,200000,국내전용 [없음] / 해외겸용 [없음],체크,"{'주유': 'SK주유소에서 주유 시 리터당 50원 적립, 일 30만원, 월 100만원 한도.', '마트/편의점': '세븐일레븐에서 결제 시 1,000원당 L.POINT 7포인트 적립.', '쇼핑': '- 롯데백화점 5% 할인 e-쿠폰, 무료 주차권, 롯데ON 5% 할인 및 무이자 할부, 면세점 5~10% 할인, 롯데마트/슈퍼 5만원 이상 무이자 할부, 토이저러스 2~3개월 무이자 할부, 소액무서명 결제 서비스 제공.', '푸드': '- 보네스뻬 및 보네스뻬브레드 10% 할인, T.G.I.F 상시 10% 할인 제공.', '레저/스포츠': '롯데카드 소지 회원은 일 1회(동반 1인) 롯데카드로 온라인 또는 현장 구매 시 할인 혜택을 받습니다.', '여행/숙박': '해외항공권 1~7% 할인, 해외여행상품 3~7% 할인, 해외호텔 5~7% 할인, 해외렌터카 할인 서비스 제공.', '기타 혜택(유의사항 등)': '- 평생 연회비 면제 및 무료 SMS 서비스 제공.  \n- 박준뷰티랩 20% 할인, 박승철 헤어스투디오 15% 할인.  \n- 롯데월드 50% 할인, 경주월드/대전오월드/광주 패밀리랜드 50% 할인, 서울랜드 40% 할인.  \n- SK주유소에서 리터당 50원 적립, 일 30만원, 월 100만원 한도.'}"
탐나는전 체크카드,제주은행,https://d1c5n4ri2guedi.cloudfront.net/card/2668/card_img/32476/2668card.png,0,국내전용 [없음],체크,"{'기타 혜택(유의사항 등)': '국내 가맹점 0.2% 캐시백, 제주도 가맹점 0.3% 추가 캐시백(전월 실적 10만원 이상).'}"
오늘은e 체크카드,BNK부산은행,https://d1c5n4ri2guedi.cloudfront.net/card/2506/card_img/28653/2506card.png,200000,국내전용 [없음] / 해외겸용 [없음],체크,"{'교통': '대중교통 요금 3% 청구할인, 월 최대 2천원, 전월실적 20만원 이상 시 제공.', '통신': '휴대폰 요금 3% 청구할인, 월 최대 2천원, 전월 실적 20만원 이상 시 제공.', '카페/디저트': '스타벅스에서 3% 청구할인, 월 최대 2천원 할인, 전월실적 20만원 이상 시 제공.', 'OTT/영화/문화': '롯데시네마에서 월 최대 2천원 청구할인(연 12회), 전월 실적 20만원 이상 시 제공.', '간편결제': '간편 결제 시 3% 청구할인, 월 최대 4,000원 할인 제공.', '기타 혜택(유의사항 등)': '전국 모든 학원업종에서 5만원 이상 결제 시 3% 청구할인 제공, 전월 실적 20만원 이상 시 월 최대 2천원 할인.'}"
콕체크카드,NH농협카드,https://d1c5n4ri2guedi.cloudfront.net/card/361/card_img/20602/361card.png,0,해외겸용 [없음],체크,"{'쇼핑': '농협몰 6차 산업 우수 상품 구매 시 전월 실적에 따라 최대 4천원 청구할인.', '기타 혜택(유의사항 등)': 'NH농협 콕카드는 국내·외 가맹점 이용금액 최대 0.5% 적립 및 에코머니 제휴가맹점에서 최대 5% 포인트 적립 혜택을 제공합니다.'}"
챔피언 체크카드,유진투자증권,https://d1c5n4ri2guedi.cloudfront.net/card/2212/card_img/21773/2212card.png,300000,국내전용 [없음],체크,"{'주유': '대형 온라인 쇼핑몰 10% 캐시백 제공, 주유소는 SK엔크린, GS칼텍스, S-OIL, 현대오일뱅크.', '마트/편의점': '편의점 10% 캐시백(주요편의점), 대형마트 및 백화점 10% 캐시백(월 최대 5천원 한도).', '쇼핑': '대형 온라인 쇼핑몰에서 10% 캐시백 제공.', '카페/디저트': '주요 커피 전문점에서 10% 캐시백 제공.', '기타 혜택(유의사항 등)': 'CMA 서비스로 카드 한 장으로 입출금, 자동납부, 주식 거래가 가능하며, 고수익 RP에 자동 투자됩니다.'}"
페이북 머니 체크카드,BC 바로카드,https://d1c5n4ri2guedi.cloudfront.net/card/2362/card_img/28646/2362card.png,0,국내전용 [없음],체크,"{'기타 혜택(유의사항 등)': '페이북 결제 시 1% 페이북 머니 적립, 3대 카테고리 결제 시 0.5% 적립, 일반 가맹점 결제 시 0.2% 적립.'}"
하나 국민행복 체크카드,하나카드,https://d1c5n4ri2guedi.cloudfront.net/card/750/card_img/22224/750card.png,250000,국내전용 [없음] / 해외겸용 [없음],체크,"{'통신': '휴대폰 요금 자동이체 시 3천원 캐쉬백 (SKT, KT, LGU+ 대상, 월 1회 5만원 이상 결제 시).', '기타 혜택(유의사항 등)': '국내 생활 업종에서 1만원 이상 이용 시 0.5% 캐시백 제공, 월 최대 1만원 한도.'}"
하나멤버스 Mega 체크카드,하나카드,https://d1c5n4ri2guedi.cloudfront.net/card/388/card_img/36719/388card.png,250000,해외겸용 [없음],체크,"{'기타 혜택(유의사항 등)': '하나머니는 하나금융그룹 계열사에서 사용 가능한 통합형 포인트로, 생활밀착업종에서 2만원당 200하나머니, 그 외 가맹점에서 2만원당 100하나머니 적립 가능하며, 월 최대 10만 하나머니 적립이 가능합니다.'}"
현대카드 Teens,현대카드,https://d1c5n4ri2guedi.cloudfront.net/card/2782/card_img/38635/2782card_1.png,100000,"국내전용 [2,000]원",체크,"{'기타 혜택(유의사항 등)': '전월 이용 금액 10만원 이상 시 청소년이 자주 이용하는 4개 영역에서 2% 청구 할인, 최대 월 5천원 한도.'}"
티니 카드,롯데카드,https://d1c5n4ri2guedi.cloudfront.net/card/2586/card_img/30748/2586card_2.png,0,국내전용 [없음],체크,"{'교통': '버스와 지하철을 잔액 걱정 없이 이용하고, 나이에 맞는 교통 할인을 자동으로 받을 수 있습니다.', '교육/육아': '한 달 용돈을 신용카드로 관리하고, 이용내역과 잔액을 부모와 자녀가 확인할 수 있으며, 소비패턴 분석 리포트를 제공합니다.', '간편결제': '로카페이로 국내 온오프라인에서 간편하게 결제 가능.', '기타 혜택(유의사항 등)': '선불카드로 월 용돈 설정 및 교통 이용 가능, 연회비 없음, 발급수수료 3,000원.'}"
카드의정석 칼퇴 CHECK,우리카드,https://d1c5n4ri2guedi.cloudfront.net/card/2760/card_img/37304/2760card_1.png,300000,국내전용 [없음] / 해외겸용 [없음],체크,"{'교통': '교통(대중교통, 택시, 카셰어링) 이용 시 최대 5% 캐시백 제공.', '푸드': '저녁 6~11시 결제 시 음식점, 주점, 카페, 편의점에서 각각 5% 캐시백 제공.', '뷰티/피트니스': '헬스클럽, 올리브영, 밀리의 서재에서 각각 조건에 따라 최대 5% 캐시백 제공.', '기타 혜택(유의사항 등)': 'VISA 브랜드 카드로 전월 실적에 따라 최대 40,000원의 통합 월 캐시백 제공.'}"
현대카드M HYBRID,현대카드,https://d1c5n4ri2guedi.cloudfront.net/card/414/card_img/28396/414card.png,0,국내전용 [없음],체크,"{'기타 혜택(유의사항 등)': '당월 이용금액에 따라 M포인트를 0.5% 또는 1% 적립하며, 적립한도는 무제한이고 유효기간은 60개월입니다.'}"
현대카드X HYBRID,현대카드,https://d1c5n4ri2guedi.cloudfront.net/card/415/card_img/28397/415card.png,0,국내전용 [없음],체크,"{'기타 혜택(유의사항 등)': '모든 가맹점에서 월 100만원 미만 이용 시 0.3%, 이상 이용 시 0.6%의 X캐시백 적립.'}"
11번가 신한카드 체크,신한카드,https://d1c5n4ri2guedi.cloudfront.net/card/491/card_img/21181/491card.png,0,해외겸용 [없음],체크,"{'쇼핑': '11번가에서 SK pay 결제 시 이용금액의 0.5%를 SK pay 포인트로 적립.', '기타 혜택(유의사항 등)': '이용금액의 0.1%를 SK pay 포인트로 적립하며, 전월 실적조건 및 적립한도는 없음.'}"
제주삼다수 체크카드,제주은행,https://d1c5n4ri2guedi.cloudfront.net/card/2165/card_img/21822/2165card.png,200000,국내전용 [없음],체크,"{'교통': '대중교통 이용 시 10% 청구 할인 제공 (후불교통카드 한정).', '통신': 'SKT, KT, LGU+ 이동통신 요금 5만원 이상 자동이체 시 3% 청구 할인 제공.', '마트/편의점': 'CU편의점에서 1만원 이상 결제 시 전월 실적에 따라 2%~7% 청구 할인 제공.', '푸드': '패밀리레스토랑 VIPS 20% 청구 할인(일 1회, 월 2회, 2만5천원 한도) 및 스타벅스 등 커피 20% 청구 할인(일 1회, 월 3회, 1만원 한도, 1만5천원까지).', '교육/육아': '토익 응시료, 도내 영어학원, 서점에서 각각 할인 혜택 제공.', 'OTT/영화/문화': 'CGV, 메가박스, 롯데시네마에서 월 1회, 연 6회 1만원 이하 결제 시 1,500원, 초과 시 3,000원 할인.', '기타 혜택(유의사항 등)': '제주은행 체크카드는 전월 실적에 따라 전자금융수수료 면제 및 통합/교통 할인한도를 제공하며, 신규 발급 시 2개월간 기본 할인 혜택이 적용됩니다.'}"
AK우리카드 체크,우리카드,https://d1c5n4ri2guedi.cloudfront.net/card/599/card_img/21366/599card.png,300000,"국내전용 [3,000]원 / 해외겸용 [3,000]원",체크,"{'카페/디저트': '스타벅스, 폴바셋에서 통합 월 1회 1천원 청구할인 (5천원 이상 결제 시).', '기타 혜택(유의사항 등)': '- 국내가맹점 이용 시 0.1% 우리WON꿀머니 적립, 주요 놀이공원 50% 현장할인, AK플라자 5% 현장할인 및 마일리지 적립 혜택 제공.'}"
AK KB국민 체크카드,KB국민카드,https://d1c5n4ri2guedi.cloudfront.net/card/357/card_img/20599/357card.png,300000,국내전용 [없음] / 해외겸용 [없음],체크,"{'카페/디저트': '커피전문점 5% 환급할인, 이용금액 5천원 이상 시 제공.', 'OTT/영화/문화': 'CGV에서 1만원 이상 이용 시 5% 환급할인 제공, 전월 실적에 따라 할인 한도 차등 적용.', '기타 혜택(유의사항 등)': 'AK플라자, 제주항공, 해피포인트에서 각각 5% 환급할인 제공, 전월 이용실적에 따라 할인한도 및 제공조건 상이.'}"
EDIYA 신한카드 체크,신한카드,https://d1c5n4ri2guedi.cloudfront.net/card/309/card_img/20554/309card.png,200000,해외겸용 [없음],체크,"{'카페/디저트': 'EDIYA COFFEE에서 결제 시 30% 할인, 일 1회, 월 5회까지 적용되며, 통합할인한도 내에서 제공.', '기타 혜택(유의사항 등)': '카드 이용 시 포인트 및 할인 혜택 제공.'}"
DB금융투자 해피플러스 체크카드,DB금융투자,https://d1c5n4ri2guedi.cloudfront.net/card/2220/card_img/21764/2220card.png,0,국내전용 [없음],체크,"{'주유': 'GS칼텍스 주유 시 리터당 100원 캐쉬백, 월 20만원 이용금액 한도.', '통신': '이동통신요금 5만원 이상 결제 시 월 1회 5,000원 할인 제공.', '기타 혜택(유의사항 등)': '모든 가맹점에서 0.3% 캐쉬백 제공, 체크카드 발급 시 0.35% 캐쉬백 및 이체/출금 수수료 면제 혜택.'}"
GS Prime 신한카드 체크,신한카드,https://d1c5n4ri2guedi.cloudfront.net/card/2589/card_img/30838/2589card.png,0,국내전용 [없음] / 해외겸용 [없음],체크,"{'쇼핑': 'GS리테일 점내 이용 시 GS&POINT 1% 적립.', '기타 혜택(유의사항 등)': '모든 가맹점 이용 시 GS&POINT 0.1% 기본 적립.'}"
청소년 후불교통 체크카드,BNK부산은행,https://d1c5n4ri2guedi.cloudfront.net/card/1298/card_img/20986/1298card.png,200000,국내전용 [없음],체크,"{'교통': '후불교통기능은 법정대리인 동의가 필요하며, 월 이용한도는 5만원으로 상환은 월 3회 이루어집니다.', '마트/편의점': 'GS25, CU, 세븐일레븐에서 매출 5천원 이상 시 10% 할인, 1회 최대 2천원, 월 2회, 연 12회 제공.', '쇼핑': '오프라인에서 CJ올리브영과 다이소 10% 할인(1만원 이상, 최대 3천원, 월 1회, 연 6회), 온라인에서 G마켓, 옥션, 11번가 5% 할인(3만원 이상, 최대 3천원, 월 2회, 연 12회) 제공.', '푸드': '맥도날드와 롯데리아에서 매출 5천원 이상 시 10% 할인, 1회 최대 2천원, 월 2회, 연 12회 제공.', '카페/디저트': '파리바게트, 뚜레쥬르, 던킨도너츠 10% 할인(5천원 이상, 1회 최대 2천원, 월 2회, 연 12회) 및 스타벅스, 까페베네, 엔제리너스 10% 할인(5천원 이상, 1회 최대 2천원, 월 2회, 연 12회) 제공.', 'OTT/영화/문화': '전국 영화관 4천원 할인(월 1회, 연 6회) 및 도서 2천원 할인(월 2회, 연 12회) 제공.', '기타 혜택(유의사항 등)': 'BC카드는 전월 이용금액에 따라 최대 3만원의 월간 통합 할인한도를 제공하며, 최초 카드발급 월에는 실적조건 없이 1만원이 적용됩니다.'}"
DC줌체크카드(비씨),NH농협카드,https://d1c5n4ri2guedi.cloudfront.net/card/365/card_img/20606/365card.png,200000,해외겸용 [없음],체크,"{'교통': '대중교통 이용 시 2만원 이상 결제 시 10% 청구 할인 제공.', '쇼핑': '주요 온라인쇼핑몰 및 소셜커머스에서 10% 청구할인 제공.', '카페/디저트': '주요 커피 전문점에서 10% 청구할인 제공.', '병원/약국': '전국 병원·약국에서 10% 청구 할인 제공.', 'OTT/영화/문화': '전국 주요 영화관에서 1,500원 청구 할인 제공.', '기타 혜택(유의사항 등)': '주요 패밀리레스토랑과 서점에서 각각 10% 청구할인 제공.'}"
KB 전통시장온누리체크카드,KB국민카드,https://d1c5n4ri2guedi.cloudfront.net/card/2868/card_img/43911/2868card.png,400000,국내전용 [없음] / 해외겸용 [없음],체크,"{'쇼핑': 'KB Pay 쇼핑 이용 시 5% 환급할인, 월 최대 2천원 한도.', '기타 혜택(유의사항 등)': '전통시장가맹점 및 온누리상품권 가맹점 이용 시 5% 환급할인 제공, 전월 이용실적 40만원 이상 시 월 2천원 한도.'}"
KB Pay 머니백카드,KB국민카드,https://d1c5n4ri2guedi.cloudfront.net/card/2614/card_img/31369/2614card%5B1%5D.png,200000,국내전용 [없음],체크,"{'간편결제': 'KB Pay에 등록한 머니백 카드로 온라인 및 오프라인 가맹점에서 결제 시 5% 추가 머니 적립, 전월 실적 20만원 이상 시 제공, 월 적립한도 5천원.', '기타 혜택(유의사항 등)': 'KB Pay 머니백카드는 전 업종에서 0.1% 머니 적립, 전월 실적 20만원 이상 시 월 1만원 한도로 적립 가능.'}"
AIA생명 롯데 리얼체크카드,롯데카드,https://d1c5n4ri2guedi.cloudfront.net/card/1839/card_img/22132/1839card.jpg,300000,국내전용 [없음],체크,"{'쇼핑': '롯데백화점 5% 할인 e-쿠폰, 롯데ON 5% 할인 및 무이자 할부, 롯데마트/슈퍼 2~3개월 무이자 할부, 토이저러스 2~3개월 무이자 할부, 소액무서명 결제 서비스 제공.', '푸드': '- 보네스뻬/보네스뻬브레드 10% 할인, T.G.I.F 상시 10% 할인(주류 제외), 롯데리아/엔제리너스커피/나뚜루 1,000원당 50원 할인.', 'OTT/영화/문화': '롯데시네마 관람료 1,500원 청구할인 (전월 이용실적 20만원 이상, 1일 1회, 월 5회 한정).', '기타 혜택(유의사항 등)': 'AIA생명 롯데 리얼체크카드로 보험료 자동이체 시 전월 실적에 따라 월 3천원~5천원 할인 혜택 제공.'}"
LineageM 신한카드 체크,신한카드,https://d1c5n4ri2guedi.cloudfront.net/card/1807/card_img/22304/1807card.png,400000,국내전용 [없음] / 해외겸용 [없음],체크,"{'카페/디저트': '스타벅스에서 일 1회, 월 3회 20% 캐시백, 월 최대 7천원 한도.', '기타 혜택(유의사항 등)': '구글 플레이스토어, 애플 앱스토어, 원스토어에서 5% 캐시백(건당 1만원 이상 이용 시, 최대 2천원/월 8천원 한도).'}"
JYP Fan’s EDM 체크,신한카드,https://d1c5n4ri2guedi.cloudfront.net/card/644/card_img/21408/644card.png,200000,국내전용 [없음] / 해외겸용 [없음],체크,"{'교통': '대중교통 이용 시 3% 캐시백, 월 최대 3천원 한도.', '마트/편의점': '편의점(GS25), 올리브영에서 1만원 이상 결제 시 5% 캐시백(일 1회, 월 3회, 최대 2천원).', '카페/디저트': '스타벅스와 JYP-Soulcup에서 1만원 이상 결제 시 5% 캐시백(일 1회, 월 3회, 최대 2천원 한도).', '해외': '해외 전가맹점 이용 시 1% 캐시백, 해외인출 시 3$ 캐시백 제공.', '기타 혜택(유의사항 등)': '국내 콘서트/공연 예매 및 팬클럽 가입, 음원사이트 이용 시 각각 5% 캐시백 제공, 월 최대 5천원 한도.'}"
LG U+ 신한카드 Smart 체크,신한카드,https://d1c5n4ri2guedi.cloudfront.net/card/302/card_img/20525/302card.png,300000,국내전용 [없음],체크,"{'마트/편의점': 'GS 25 편의점에서 LG U+ 신한카드 Smart 체크로 월 최대 3천원 캐시백 제공, 단 승인금액 1만원 이상 및 월 30만원 이상 이용 시 적용.', 'OTT/영화/문화': '맥스무비에서 영화 예매 시 본인/동반 각 1천원 캐시백, 월 2회, 연 6회 제공.', '기타 혜택(유의사항 등)': '- LG U+ 통신요금 자동이체 시 최대 3천원 캐시백 제공, 롯데월드 및 서울랜드 50% 할인 혜택.'}"
LUNCH 체크카드,SK증권,https://d1c5n4ri2guedi.cloudfront.net/card/2215/card_img/21770/2215card.png,300000,국내전용 [없음],체크,"{'마트/편의점': '편의점에서 10% 할인(월 10회, 5,000원 이상, 최대 2,000원) 제공.', '카페/디저트': '스타벅스 등에서 점심시간에 커피 10% 할인 (월 10회).', '기타 혜택(유의사항 등)': '점심시간에 10% 할인(월 10회, 1만원 이상 승인 시 최대 3,000원)과 할인액의 20% 추가 할인 제공.'}"
NH1934 체크카드,NH농협카드,https://d1c5n4ri2guedi.cloudfront.net/card/517/card_img/21202/517card.png,500000,국내전용 [없음] / 해외겸용 [없음],체크,"{'기타 혜택(유의사항 등)': '- 국내·외 가맹점에서 평일 0.2%, 주말 50만원 미만 시 국내 0.3% 청구할인 제공.'}"
KB국민 티머니노리학생증 체크카드(그린),KB국민카드,https://d1c5n4ri2guedi.cloudfront.net/card/1618/card_img/22578/1618card.png,200000,국내전용 [없음],체크,"{'통신': '이동통신요금 2,500원 환급할인(월 1회, 전월 이용실적 30만원 이상 시).', '마트/편의점': 'GS25에서 5% 환급할인, 건당 1만원~2만원 이용 시 최대 1,000원 할인.', '카페/디저트': '스타벅스에서 20% 환급할인, 1회 최대 4,000원 할인 적용.', 'OTT/영화/문화': 'CGV에서 영화 관람 시 35% 환급할인(최대 7,000원) 제공.', '기타 혜택(유의사항 등)': 'KB국민 티머니 체크카드는 패밀리레스토랑 20%, 테마파크 50%, 도서 5% 환급할인과 금융수수료 면제 서비스, 다양한 멤버십 혜택을 제공합니다.'}"
LGU+ 라서즐거운 체크카드,우리카드,https://d1c5n4ri2guedi.cloudfront.net/card/1259/card_img/21048/1259card.png,300000,해외겸용 [없음],체크,"{'카페/디저트': '스타벅스와 커피빈에서 커피 10% 캐시백 할인, 월 2회, 건당 3천원 한도.', 'OTT/영화/문화': '전국 영화관 2천원 캐시백 할인, 월 1회, 연 6회 제공, 전월실적 30만원 이상 시 적용.', '기타 혜택(유의사항 등)': '- LGU+ 통신요금 자동이체 시 30만원 이상 이용 시 3,000원, 70만원 이상 이용 시 5,000원 할인 제공.'}"
NH올원 NH투자증권체크카드,NH농협카드,https://d1c5n4ri2guedi.cloudfront.net/card/2012/card_img/21986/2012card.png,0,해외겸용 [없음],체크,"{'기타 혜택(유의사항 등)': '전월실적에 관계없이 0.2~0.4% 적립, 해외이용액은 0.4% 적립.'}"
Smart Cashback 체크카드,전북은행,https://d1c5n4ri2guedi.cloudfront.net/card/2191/card_img/21805/2191card.png,0,없음,체크,{'기타 혜택(유의사항 등)': '월 10만원 한도 내에서 사용 금액에 따라 최대 1.2% 캐시백 제공.'}
SB 팝 플러스 체크카드,SBI저축은행,https://d1c5n4ri2guedi.cloudfront.net/card/1979/card_img/22019/1979card.png,0,국내전용 [없음],체크,{'기타 혜택(유의사항 등)': 'GS25 및 GS fresh에서 GS&POINT 자동 적립과 행사 상품 할인 제공.'}
go 캐시백 글로벌 하이브리드,우체국,https://d1c5n4ri2guedi.cloudfront.net/card/767/card_img/32466/767card.png,300000,해외겸용 [없음],체크,"{'마트/편의점': '대형마트에서 5% 캐시백(건당 3만원 이상, 월 2회 한정).', '카페/디저트': '커피전문점에서 5% 캐시백(건당 1만원 이상, 월 3회 한정).', '간편결제': '삼성페이, 네이버페이, 카카오페이 이용 시 5% 캐시백 (건당 2만원 이상, 월 3회).', '공항라운지/PP': '인천공항 스카이허브라운지에서 연 1회 본인에게 최대 5만원 캐시백 제공.', '해외': '해외 전 가맹점에서 7% 캐시백, 건당 3만원 이상, 월 3회, 최대 2만원 캐시백.', '기타 혜택(유의사항 등)': '- 배달앱: 온라인 식품배달 5% 캐시백 (건당 2만원 이상, 월 3회)\n- 기타: 우체국 5% 캐시백 (우체국요금, 인터넷우체국, 우체국쇼핑, EMS)\n- 면세점: 면세점 5% 캐시백 (BC카드 기준)'}"
KB국민 티머니노리학생증 체크카드(블루_세로형),KB국민카드,https://d1c5n4ri2guedi.cloudfront.net/card/1616/card_img/22580/1616card.png,200000,국내전용 [없음],체크,"{'통신': '이동통신요금 2,500원 환급할인(월 1회, 전월 이용실적 30만원 이상 시).', '마트/편의점': 'GS25에서 5% 환급할인, 건당 1만원~2만원 이용 시 최대 1,000원 할인.', '카페/디저트': '스타벅스에서 20% 환급할인(최대 4,000원) 제공.', 'OTT/영화/문화': 'CGV에서 영화 관람 시 35% 환급할인(최대 7,000원) 제공.', '기타 혜택(유의사항 등)': '- 패밀리레스토랑: 아웃백, VIPS 20% 환급할인 (최대 10,000원)\n- 테마파크: 에버랜드·롯데월드 50% 환급할인 (최대 25,000원)\n- 금융: 인터넷·모바일 타행이체 수수료 면제 (70만원 이상 이용 시)\n- 도서: 교보문고 5% 환급할인 (최대 2,500원)'}"
NAMUH 체크카드,NH투자증권,https://d1c5n4ri2guedi.cloudfront.net/card/2218/card_img/21767/2218card.png,300000,국내전용 [없음],체크,"{'마트/편의점': '편의점에서 월 4회, 회당 5천원 이상 이용 시 10% 할인.', '카페/디저트': '커피 10% 할인 (월 4회, 회당 5천원 이상 시) - 스타벅스, 커피빈 등 포함.', '기타 혜택(유의사항 등)': '소셜커머스 10% 할인(월 4회, 회당 1만원 이상) 및 택시요금 10% 할인(월 4회, 회당 5천원 이상) 제공.'}"
zgm.고향으로 체크,NH농협카드,https://d1c5n4ri2guedi.cloudfront.net/card/2812/card_img/40123/2812card.png,0,국내전용 [없음] / 해외겸용 [없음],체크,"{'기타 혜택(유의사항 등)': '국내/해외 이용 시 0.2% NH포인트 기본 적립, 주말 국내 이용 시 추가 0.2% 적립, 고향사랑 기부 참여 시 주말 전국 오프라인 가맹점에서 추가 0.2% 적립.'}"
나마네카드,아이오로라,https://d1c5n4ri2guedi.cloudfront.net/card/2313/card_img/23842/2313card.png,0,국내전용 [없음],체크,"{'공과금/렌탈': '공과금 및 렌탈 결제 시 30% 소득공제 혜택 제공.', '기타 혜택(유의사항 등)': 'NAMANE 카드는 충전 및 사용 시 리워드를 제공하며, 이를 통해 KPOP 콘서트 VIP 티켓, 게임 아이템, 팬미팅 등으로 교환할 수 있습니다.'}"
그린재킷 체크카드,KB국민카드,https://d1c5n4ri2guedi.cloudfront.net/card/770/card_img/22244/770card.png,300000,국내전용 [없음] / 해외겸용 [없음],체크,"{'주유': '주유소에서 5% 환급할인, 전월 30만원 이상 이용 시 월 최대 10만원까지 할인.', '기타 혜택(유의사항 등)': '골프 관련 서비스에서 골프연습장, 관광, 용품 구매 시 5% 환급할인 제공, 보험료 자동납부 시 5% 환급할인, 해피포인트 멤버십 최대 5% 현장적립 가능.'}"
국민행복체크카드,제주은행,https://d1c5n4ri2guedi.cloudfront.net/card/2173/card_img/21787/2173card.gif,300000,국내전용 [없음],체크,"{'마트/편의점': 'CU 편의점에서 최대 7% 청구 할인 제공, 월 10만원까지 적용.', '기타 혜택(유의사항 등)': '국민행복카드는 이동통신요금 자동이체 할인, 병원 및 의원 청구할인, 주요 온라인 쇼핑몰 할인, 대중교통 할인, 키즈파크 할인, 커피전문점 할인, 패밀리레스토랑 할인, 놀이공원 할인, 에코머니 포인트 적립, 영화관 청구할인 등의 혜택을 제공합니다.'}"
SB 팝 체크카드,SBI저축은행,https://d1c5n4ri2guedi.cloudfront.net/card/1977/card_img/22021/1977card.png,0,국내전용 [없음],체크,"{'마트/편의점': 'GS25편의점 10% 할인(월 3회, 건당 5천원 이상) 및 대형마트 5% 할인(월 3회, 건당 5만원 이상) 제공.', '쇼핑': '온라인쇼핑 5% 할인(월 3회, 건당 3만원 이상 결제 시)과 전월 사용금액에 따른 통합할인한도 제공.', '카페/디저트': '스타벅스 커피 5% 할인(월 1회, 건당 1만원 이상 결제 시) 및 쇼핑 통합할인한도 제공.', '기타 혜택(유의사항 등)': 'GS25 및 GS fresh에서 할인과 GS&POINT 자동 적립 혜택 제공.'}"
라떼 우리체크카드,우리카드,https://d1c5n4ri2guedi.cloudfront.net/card/328/card_img/20572/328card.png,250000,"국내전용 [2,000]원",체크,"{'카페/디저트': '커피전문점에서 결제 시 전월 실적에 따라 최대 15,000원 할인 캐시백 제공.', '기타 혜택(유의사항 등)': '카드 이용 시 제공되는 포인트 및 할인 혜택은 카드 출시 후 3년 이상 유지되며, 특정 사유 발생 시 변경될 수 있습니다.'}"
땡겨요 신한카드 체크,신한카드,https://d1c5n4ri2guedi.cloudfront.net/card/2333/card_img/24278/2333card.png,300000,국내전용 [없음] / 해외겸용 [없음],체크,"{'마트/편의점': '편의점 이용금액 2% 마이신한포인트 적립, 월 최대 5천 포인트.', '카페/디저트': '스타벅스 이용 시 마이신한포인트 2% 적립, 월 최대 3천 포인트.', '기타 혜택(유의사항 등)': '땡겨요 앱 이용 시 마이신한포인트 10% 적립, 일 1회, 월 최대 4회, 건당 최대 2천 포인트 적립.'}"
땡겨요 신한카드 체크(라이더형),신한카드,https://d1c5n4ri2guedi.cloudfront.net/card/2334/card_img/24279/2334card.png,0,국내전용 [없음] / 해외겸용[없음],체크,"{'주유': '주유소 이용 시 전월 20만원 이상 이용 시 마이신한포인트 0.2% 추가 적립.', '마트/편의점': '편의점 이용 시 마이신한포인트 0.2% 추가 적립 (전월 이용금액 20만원 이상 시).', '기타 혜택(유의사항 등)': '전 가맹점 이용금액의 0.2%를 마이신한포인트로 적립.'}"
더본 신한카드 체크,신한카드,https://d1c5n4ri2guedi.cloudfront.net/card/307/card_img/20552/307card.png,200000,국내전용 [없음] / 해외겸용 [없음],체크,"{'푸드': '빽다방 20% 캐시백(일 1회, 월 4회, 최대 1,500원) 및 더본 매장 5% 캐시백(일 1회, 월 2회, 최대 2,500원) 제공.', 'OTT/영화/문화': 'CGV 예매 시 영화 10% 할인(캐시백), 통합 일 1회, 월 3회, 할인 전 승인금액 1회 1만원까지 적용.', '기타 혜택(유의사항 등)': '전월 실적에 따라 최대 12,000원의 통합 할인한도가 제공되는 더본 신한카드 체크.'}"
롯데체크카드,롯데카드,https://d1c5n4ri2guedi.cloudfront.net/card/2060/card_img/21939/2060card.png,0,국내전용 [없음],체크,"{'해외': '해외 VISA 가맹점에서 일시불 거래 가능하며, 해외 ATM에서 현지통화 인출 시 수수료가 부과됩니다.', '기타 혜택(유의사항 등)': '전국 가맹점에서 L.POINT 0.2% 적립 및 SK주유소에서 리터당 50포인트 적립, 평생 연회비 면제.'}"
롯데포인트플러스 체크카드,롯데카드,https://d1c5n4ri2guedi.cloudfront.net/card/400/card_img/20899/400card.png,0,국내전용 [없음],체크,"{'해외': '해외에서 VISA 가맹점 및 ATM 이용 시 수수료가 부과됩니다.', '기타 혜택(유의사항 등)': 'L.POINT 제휴사에서 포인트플러스 카드로 결제 시 현장 적립포인트를 한 번 더 적립받는 더블포인트 적립 서비스 제공.'}"
마이 홈플러스 체크카드,신한카드,https://d1c5n4ri2guedi.cloudfront.net/card/479/card_img/21169/479card.png,0,국내전용 [없음] / 해외겸용 [없음],체크,"{'마트/편의점': '홈플러스에서 결제 시 0.6% 포인트 적립, 기타 가맹점에서는 0.1% 적립.', '기타 혜택(유의사항 등)': '카드 이용 시 포인트 및 할인혜택 제공.'}"
머니트리카드,머니트리,https://d1c5n4ri2guedi.cloudfront.net/card/2650/card_img/36161/2650card_1.png,0,국내전용 [없음],체크,"{'공과금/렌탈': '공과금 및 렌탈 결제 시 연말정산에서 30% 소득공제 혜택 제공.', '기타 혜택(유의사항 등)': '머니트리카드는 발급비와 연회비가 0원이며, 다양한 충전 수단으로 결제가 가능하고, 1회 결제 한도는 200만원입니다.'}"
메가쇼핑 신한카드 체크,신한카드,https://d1c5n4ri2guedi.cloudfront.net/card/906/card_img/21638/906card.png,0,국내전용 [없음] / 해외겸용 [없음],체크,"{'마트/편의점': '메가마트 결제 시 총 0.7% 포인트 적립 (0.5% 기본 + 0.2% 추가).', '기타 혜택(유의사항 등)': '메가마트를 제외한 모든 국내외 가맹점에서 메가포인트 0.1% 적립, 전월 실적조건 및 적립한도 없음.'}"
리디 신한카드 체크,신한카드,https://d1c5n4ri2guedi.cloudfront.net/card/306/card_img/20551/306card.png,200000,해외겸용 [없음],체크,"{'푸드': '영푸드 및 KFC 이용 시 10% 캐시백 할인 (일 1회, 월 3회, 최대 1,000원 할인).', 'OTT/영화/문화': '영화 결제 시 CGV, 롯데시네마, 메가박스에서 10% 캐시백 할인 (일 1회, 월 3회, 최대 1,000원).', '기타 혜택(유의사항 등)': '리디북스에서 월 1회 최대 7,000원 캐시백 할인 제공.'}"
레고랜드 체크카드,KB국민카드,https://d1c5n4ri2guedi.cloudfront.net/card/2356/card_img/24769/2356card.png,300000,국내전용 없음 / 해외겸용 없음,체크,"{'교통': '대중교통 이용 시 10% 환급할인, 레고랜드 관련 이용 시 5% 할인, 전월 이용실적에 따라 월 할인한도 적용.', '통신': 'SKT, KT, LGU+, LiivM 이용 시 2,500원 환급할인 제공.', '마트/편의점': 'GS25에서 5% 환급할인, 전월 이용실적 30만원 이상 시 1회당 1천원 한도.', '카페/디저트': '스타벅스에서 1만원 이상 이용 시 20% 환급할인, 회당 4천원 한도.', '기타 혜택(유의사항 등)': '레고랜드 코리아, 멜론, 지니, 넷플릭스, 웨이브, 교보문고에서 각각 5% 환급할인 제공.'}"
시장愛 체크카드,MG새마을금고,https://d1c5n4ri2guedi.cloudfront.net/card/2072/card_img/21927/2072card.png,300000,국내전용 [없음],체크,"{'통신': 'SKT, KT, LGU+ 이동통신요금 결제 시 2,000원 할인 (건당 3만원 이상, 월 1회).', '기타 혜택(유의사항 등)': '전통시장 15% 할인(일 2회, 월 1만원 한도) 및 나들가게 15% 할인(일 1회, 월 1만원 한도) 제공, 교통 5% 할인(월 1회, 연 6회) 가능.'}"
시코르 체크카드,하나카드,https://d1c5n4ri2guedi.cloudfront.net/card/389/card_img/20888/389card.png,200000,해외겸용 [없음],체크,"{'교통': '버스/지하철 이용 시 월 5천원 한도로 7% 캐시백 제공.', '기타 혜택(유의사항 등)': '시코르 5% 캐시백(월 2만원 한도), 스타벅스 5% 캐시백(월 5천원 한도), 신세계 포인트 0.2% 적립 제공.'}"
신한 Meme(밈) 카드,신한카드,https://d1c5n4ri2guedi.cloudfront.net/card/2272/card_img/20694/2272card.png,0,국내전용 [없음],체크,"{'기타 혜택(유의사항 등)': '신한 Meme 카드로 음원/앱스토어/편의점 5% 리워드 적립 및 전 가맹점 0.1% 적립, 간편 결제와 무제한 무료송금 가능.'}"
신세계 하나 체크카드,하나카드,https://d1c5n4ri2guedi.cloudfront.net/card/390/card_img/20889/390card.png,300000,해외겸용 [없음],체크,"{'교통': '후불교통 이용금액 3만원 이상 시 월 5천원 한도 내 7% 캐시백 제공.', '기타 혜택(유의사항 등)': '신세계 백화점에서 5% 캐시백(월 3만원 한도)과 0.2% 신세계 포인트 적립(월 한도 없음) 제공.'}"
배달의민족 비장의카드 V.2,우리카드,https://d1c5n4ri2guedi.cloudfront.net/card/677/card_img/21442/677card.png,300000,"국내전용 [3,000]원 / 해외겸용 [3,000]원",체크,"{'교통': '전국 시내버스와 지하철 이용 시 50,000원 이상 시 2,000원 캐시백 제공.', '쇼핑': 'G마켓, 옥션, 우리WON마켓에서 20,000원 이상 결제 시 10% 캐시백(최대 3,000원, 월 6,000원 한도).', '카페/디저트': '스타벅스에서 20% 캐시백, 건당 10,000원 이상 결제 시 최대 3,000원, 월 2회 제공.', '기타 혜택(유의사항 등)': '배달의민족에서 5,000원 이상 결제 시 1,100원 캐시백 제공, 파리바게뜨, 배스킨라빈스, 던킨도너츠에서 10,000원 이상 결제 시 10% 캐시백 제공.'}"
단디체크카드,iM뱅크,https://d1c5n4ri2guedi.cloudfront.net/card/816/card_img/21726/816card.png,0,해외겸용 [없음],체크,"{'주유': '전주유소 이용액의 2% 할인(월 4회, 건당 10만원 한도).', '카페/디저트': '커피전문점 Sleepless In Seattle에서 10% 할인 혜택 제공.', 'OTT/영화/문화': '전국 주요 영화관에서 월 1회, 연간 6회 1,500원 현장 할인.', '기타 혜택(유의사항 등)': '- 주요 패밀리레스토랑 10% 할인, 월 1회, 연간 6회, 건당 최대 1만원 캐시백.\n- 전국 주요놀이공원 할인, 월 1회, 연간 6회 본인 무료입장 또는 자유이용권 50% 할인.\n- 프로스포츠 경기 인터넷 예매 1,500원 할인, 월 1회, 연간 6회.\n- 온라인 서적 2,000원 할인, 월 1회, 연간 6회, 건당 3만원 이상시 캐시백.\n- 당행 CD/ATM 현금 인출수수료 면제, 외환환전 및 송금수수료 30% 할인.'}"
샘 쏘영 체크카드,KB국민카드,https://d1c5n4ri2guedi.cloudfront.net/card/679/card_img/21444/679card.png,50000,국내전용 [없음] / 해외겸용 [없음],체크,"{'교통': '대중교통(버스, 지하철) 5% 청구할인, 할인한도 1천원.', '마트/편의점': 'GS25, CU편의점에서 5천원 이상 이용 시 5% 환급할인(최대 1천원).', '푸드': '패스트푸드점에서 5% 환급할인(최대 1천원) 제공.', '기타 혜택(유의사항 등)': '- 멜론, YouTube Premium 5% 환급할인 (1천원 한도, 3천원 이상 이용 시 적용).\n- 문구점 5% 환급할인 (1천원 한도, 3천원 이상 이용 시 적용).\n- 독서실 5% 환급할인 (1천원 한도, 5천원 이상 이용 시 적용).'}"
쏙쏙 체크카드,유진투자증권,https://d1c5n4ri2guedi.cloudfront.net/card/2213/card_img/21772/2213card.png,300000,국내전용 [없음],체크,"{'기타 혜택(유의사항 등)': '온라인 결제 시 어디서나 10% 캐시백 제공 (월 한도 내, 건당 최대 3,000원).'}"
위버스 신한카드 체크(ENHYPEN),신한카드,https://d1c5n4ri2guedi.cloudfront.net/card/2246/card_img/20996/2246card.png,200000,국내전용 [없음],체크,"{'기타 혜택(유의사항 등)': 'Weverse Shop 이용 시 2% 캐시 적립, 생활영역 5% 캐시 적립, HYBE INSIGHT 25% 할인 제공.'}"
위버스 신한카드 체크(SEVENTEEN),신한카드,https://d1c5n4ri2guedi.cloudfront.net/card/2247/card_img/20997/2247card.png,200000,국내전용 [없음],체크,"{'기타 혜택(유의사항 등)': 'Weverse Shop 이용 시 2% 캐시 적립, 생활영역 5% 캐시 적립, HYBE INSIGHT 25% 할인 혜택 제공.'}"
신한카드 Way 체크(미니언즈 여름),신한카드,https://d1c5n4ri2guedi.cloudfront.net/card/2585/card_img/30745/2585card.png,200000,국내전용 [없음] / 해외겸용 [없음],체크,"{'교통': '대중교통 이용 시 최대 5% 적립, 월간 한도 8천원.', '해외': '해외 이용금액에 대해 1.3% 마이신한포인트 적립.', '기타 혜택(유의사항 등)': '생활편의영역 이용 시 2% 적립(월 최대 8천원 한도)되며, 통신요금, 편의점, 디지털 콘텐츠, 커피전문점 등 특정 가맹점에서 적용됩니다.'}"
신한 S-Choice체크카드,신한카드,https://d1c5n4ri2guedi.cloudfront.net/card/296/card_img/20519/296card.gif,200000,해외겸용 [없음],체크,"{'교통': '신한 S-Choice 체크카드는 버스, 지하철, 택시 이용 시 10% 캐시백 할인 혜택을 제공합니다.', '카페/디저트': '신한 S-Choice 체크카드는 모든 커피 전문점에서 20% 캐시백을 제공하며, 1일 1회, 월 최대 5회 이용 가능.', '기타 혜택(유의사항 등)': '신한 S-Choice 체크카드는 4대 백화점 및 3대 할인점에서 10% 캐시백 혜택을 제공하며, 월 3회, 1회 최대 10만 원까지 적용됩니다.'}"
유안타 Stock+ 체크카드,유안타증권,https://d1c5n4ri2guedi.cloudfront.net/card/1912/card_img/22084/1912card.png,0,국내전용 [없음],체크,{'기타 혜택(유의사항 등)': '주식 약정금액에 따라 카드사용금액의 최대 1% 캐시백 제공.'}
위버스 신한카드 체크(TXT),신한카드,https://d1c5n4ri2guedi.cloudfront.net/card/2245/card_img/20994/2245card.png,200000,국내전용 [없음],체크,"{'기타 혜택(유의사항 등)': 'Weverse Shop 이용 시 2% 캐시 적립, 생활영역 5% 캐시 적립, HYBE INSIGHT 25% 할인 혜택 제공.'}"
아모레퍼시픽 체크카드,KB국민카드,https://d1c5n4ri2guedi.cloudfront.net/card/359/card_img/20600/359card.png,300000,국내전용 [없음] / 해외겸용 [없음],체크,"{'카페/디저트': '스타벅스에서 전월실적에 따라 최대 5천원까지 환급할인 제공.', '기타 혜택(유의사항 등)': '아모레퍼시픽 가맹점 10% 환급할인(전월실적 30만원 이상~50만원 미만: 월 5천원, 50만원 이상: 월 1만원 한도) 및 뷰티포인트 적립 제공. 해피포인트 가맹점 5% 환급할인(전월실적 30만원 이상~50만원 미만: 월 5천원, 50만원 이상: 월 1만원 한도) 제공.'}"
신한카드 Pick E 체크 캐릭터형(신의탑),신한카드,https://d1c5n4ri2guedi.cloudfront.net/card/2892/card_img/44187/2892card.png,200000,국내전용 [없음] / 해외겸용 [없음],체크,"{'마트/편의점': '4대 편의점에서 일 1회, 월 3회 최대 1천 포인트까지 10% 적립.', '푸드': 'One Pick 맛집 가맹점에서 월 3회 이상 이용 시 최대 3천 포인트 적립.', '카페/디저트': '커피전문점 업종에서 일 1회, 월 3회, 1회 최대 1천 포인트까지 10% 적립.', '해외': '해외 이용 시 1% 포인트 적립, 월 한도 1만 포인트.', '기타 혜택(유의사항 등)': '놀이 영역(사진관, 볼링장, 테니스장, 스키장)에서 10% 포인트 적립, 월 3회, 1회 최대 1천 포인트까지 적립 가능.'}"
쏘영 체크카드,KB국민카드,https://d1c5n4ri2guedi.cloudfront.net/card/680/card_img/21445/680card.png,50000,국내전용 [없음] / 해외겸용 [없음],체크,"{'교통': '대중교통(버스, 지하철) 5% 청구할인, 할인한도 1천원.', '마트/편의점': 'GS25, CU편의점에서 5천원 이상 이용 시 5% 환급할인(한도 1천원).', '푸드': '패스트푸드점에서 7천원 이상 이용 시 5% 환급할인(최대 1천원).', '기타 혜택(유의사항 등)': '- 멜론, YouTube Premium 5% 환급할인 (1천원 한도, 3천원 이상 이용 시 적용).\n- 문구점 5% 환급할인 (1천원 한도, 3천원 이상 이용 시 적용).\n- 독서실 5% 환급할인 (1천원 한도, 5천원 이상 이용 시 적용).'}"
제주그린체크카드,제주은행,https://d1c5n4ri2guedi.cloudfront.net/card/2174/card_img/21788/2174card.gif,300000,없음,체크,"{'카페/디저트': '커피전문점 10% 청구할인 (일1회, 월2회, 전월실적 30만원 이상 시 제공).', 'OTT/영화/문화': '영화입장권 2,000원 청구할인 서비스 (일1회, 월2회, 전월사용실적 30만원 이상 시 제공).', '기타 혜택(유의사항 등)': '전국 가맹점에서 0.2~0.5% 에코머니 포인트 적립, 친환경제품 구매 시 추가 적립 혜택 제공.'}"
쇼퍼홀릭 롯데홈쇼핑 롯데체크카드,롯데카드,https://d1c5n4ri2guedi.cloudfront.net/card/2140/card_img/21874/2140card.jpg,0,국내전용 [없음],체크,"{'주유': 'SK주유소에서 주유 시 리터당 50원 적립, 일 30만원, 월 100만원까지 사용 가능.', '쇼핑': '롯데홈쇼핑 결제 시 10만원 이상 이용 시 2.0% 포인트 적립, 5만원 이상 시 5천원 할인쿠폰 제공; 롯데백화점 30만원 이상 이용 시 매월 5% 할인 e-쿠폰 제공.', '푸드': '- 보네스뻬/보네스뻬브레드 10% 할인, T.G.I.F 상시 10% 할인, 롯데리아/엔제리너스커피/나뚜루 1,000원당 50원 할인 제공.', 'OTT/영화/문화': '롯데시네마에서 영화관람료 1,500원 청구할인, 전월 20만원 이상 이용 시 제공, 1일 1회, 월 5회 한정.', '기타 혜택(유의사항 등)': '- 연회비 면제 및 SMS 무료 서비스 제공.  \n- 박준뷰티랩 20%, 박승철 헤어스투디오 15% 현장할인.  \n- 롯데월드, 경주월드, 대전오월드, 광주 패밀리랜드, 서울랜드 자유이용권 할인.  \n- 롯데카드 소지 회원에게 경기 관람 할인 제공.  \n- L.POINT 1000원당 0.2% 적립, SK 주유포인트 리터당 50원 적립.'}"
음 체크카드,KB국민카드,https://d1c5n4ri2guedi.cloudfront.net/card/339/card_img/20584/339card.png,300000,국내전용 [없음] / 해외겸용 [없음],체크,"{'교통': '버스·지하철 5% 청구할인, 전월실적 30만원 이상 시 월 1천5백원 한도.', '카페/디저트': '커피전문점과 제과점·아이스크림 전문점에서 평일 5% 환급할인 제공, 전월 실적에 따라 할인 한도 다름.', '기타 혜택(유의사항 등)': '한식 업종에서 평일에 최대 1만원까지 할인받을 수 있는 혜택 제공.'}"
카드의정석 U+알뜰모바일 CHECK,우리카드,https://d1c5n4ri2guedi.cloudfront.net/card/1256/card_img/21051/1256card.png,300000,국내전용 [없음] / 해외겸용 [없음],체크,"{'통신': 'U+알뜰모바일 이동통신료 자동이체 시 전월 실적에 따라 최대 7천원 캐시백 제공.', '기타 혜택(유의사항 등)': 'U+알뜰모바일 캐시백 서비스는 이동통신료 자동이체 시에만 적용됩니다.'}"
총무 체크카드,KB국민카드,https://d1c5n4ri2guedi.cloudfront.net/card/2530/card_img/29047/2530card.png,300000,국내전용 [없음],체크,"{'교통': '대중교통(버스, 지하철) 5% 청구할인, 전월 이용실적에 따라 월 할인한도 적용.', '카페/디저트': '커피음료전문점에서 평일 5% 환급할인, 전월 이용실적에 따라 월 할인한도 최대 1만원.', '기타 혜택(유의사항 등)': '한식 및 휴게음식점, 제과·아이스크림 업종에서 평일 5% 환급할인 제공, 전월 이용실적에 따라 월 할인한도 적용.'}"
정 체크카드,KB국민카드,https://d1c5n4ri2guedi.cloudfront.net/card/345/card_img/20590/345card.png,300000,국내전용 [없음] / 해외겸용 [없음],체크,"{'교통': '버스·지하철 5% 청구할인, 전월실적 30만원 이상 시 월 1천5백원 할인한도.', '쇼핑': 'GS홈쇼핑·CJ홈쇼핑 및 G마켓·옥션에서 전월 실적에 따라 최대 1만원까지 5% 환급할인 제공.', '해외': '해외이용 시 5% 할인 캐시백(건당 10만원까지).', '기타 혜택(유의사항 등)': '롯데·현대·신세계백화점에서 전월 실적에 따라 최대 7% 환급할인 제공.'}"
커넥트 하나로 체크카드,NH농협카드,https://d1c5n4ri2guedi.cloudfront.net/card/2920/card_img/45403/2920card.png,0,국내전용 [없음],체크,"{'기타 혜택(유의사항 등)': '국내 가맹점 이용 시 매일 0.2%, 일요일 0.3% 청구할인 제공.'}"
청춘날다 체크카드,MG새마을금고,https://d1c5n4ri2guedi.cloudfront.net/card/2073/card_img/21926/2073card.png,300000,국내전용 [없음],체크,"{'마트/편의점': '수요일에 CU와 GS25에서 1만원 이상 결제 시 1,000원 할인 (일 1회 한도).', '쇼핑': '화요일에 쿠팡에서 5만원 이상 구매 시 2,000원 할인 (일 1회 한도).', '카페/디저트': '월요일에 스타벅스 1,000원 할인 (1만원 이상 이용 시, 일 1회 한도).', 'OTT/영화/문화': '금요일에 CGV에서 2만원 이상 이용 시 2,000원 할인 (일 1회 한도).', '기타 혜택(유의사항 등)': 'SKT, KT, LGU+ 이동통신비 10만원 이상 시 5천원, 5만원 이상 시 3천원 할인 (전월 사용실적 30만원 이상, 월 1회 한도).'}"
카카오페이 체크카드,BNK부산은행,https://d1c5n4ri2guedi.cloudfront.net/card/1323/card_img/20858/1323card.png,100000,"국내전용 [1,000]원",체크,"{'쇼핑': '온라인 쇼핑몰에서 G마켓, 옥션, 11번가, 쿠팡, 위메프, 티몬 10% 할인, 오프라인 편의점, 올리브영, 랄라블라, 다이소 5% 할인, 각각 월 2회 한도.', '기타 혜택(유의사항 등)': '카카오페이 결제 시 다양한 가맹점에서 월 2회 15% 청구할인 제공.'}"
카카오페이 체크카드,광주은행,https://d1c5n4ri2guedi.cloudfront.net/card/1039/card_img/21496/1039card.png,0,해외겸용 [없음],체크,"{'마트/편의점': '편의점 이용 시 5% 청구할인, 월 2회, 전월 이용실적에 따라 최대 20,000원까지 할인 가능.', '쇼핑': '온라인쇼핑몰 이용 시 10% 청구할인(월 2회, 최대 20,000원) 제공.', '기타 혜택(유의사항 등)': '카카오페이 가맹점에서 결제 시 15% 청구할인(월 2회, 최대 20,000원) 제공.'}"
카카오페이 체크카드,우리카드,https://d1c5n4ri2guedi.cloudfront.net/card/315/card_img/20560/315card.png,200000,국내전용 [없음] / 해외겸용 [없음],체크,"{'마트/편의점': '편의점 및 일부 매장에서 오프라인 쇼핑 이용 시 5% 캐쉬백 제공, 월 5회 한도.', '쇼핑': '온라인 쇼핑몰 이용 시 5% 캐쉬백(월 5회, 상품권 제외).', '기타 혜택(유의사항 등)': '카카오페이 가맹점에서 결제 시 월 최대 5% 캐쉬백 제공, 통합 월 5회 한도 적용.'}"
핀크카드,핀크카드,https://d1c5n4ri2guedi.cloudfront.net/card/2318/card_img/23895/2318card.png,100000,국내전용 [없음],체크,"{'기타 혜택(유의사항 등)': '이용 실적에 따라 최대 1% 적립되며, 핀크계좌로 캐시백과 30% 연말정산 혜택 제공.'}"
핀트 카드,핀트,https://d1c5n4ri2guedi.cloudfront.net/card/2329/card_img/23898/2329card.png,0,국내전용 [없음] / 해외겸용 [없음],체크,"{'기타 혜택(유의사항 등)': '전월 실적 없이 최대 0.6% 무제한 캐시백, 연회비 0원, 카드 연결 계좌 자유 변경 가능.'}"
하나멤버스 1Q 체크카드,하나카드,https://d1c5n4ri2guedi.cloudfront.net/card/380/card_img/20880/380card.png,200000,해외겸용 [없음],체크,"{'기타 혜택(유의사항 등)': '하나머니는 하나금융그룹 계열사에서 사용 가능한 통합형 포인트로, 월 최대 5천 하나머니를 적립할 수 있습니다.'}"
카카오페이 신한 라이언 체크,신한카드,https://d1c5n4ri2guedi.cloudfront.net/card/2637/card_img/31886/2637card.png,300000,국내전용 [없음] / 해외겸용 [없음],체크,"{'교통': '대중교통 이용금액의 5%를 카카오페이포인트로 적립, 전월 30만원 이상 이용 시 월 3천 포인트 한도.', '카페/디저트': '커피전문점 이용 시 5% 카카오페이포인트 적립 (전월 30만원 이상 이용 시).', '프리미엄': '국제브랜드사 서비스에 대한 상세 안내는 각 브랜드사 홈페이지를 참조해야 합니다.', '해외': '해외 이용금액에 1% 카카오페이포인트 적립, 월 최대 1만 포인트.', '기타 혜택(유의사항 등)': '카카오페이 이용 시 2% 포인트 적립, 전월 이용금액 30만원 이상 시 최대 1만 포인트까지 적립 가능.'}"
토스 USS NEXT 체크카드,KB국민카드,https://d1c5n4ri2guedi.cloudfront.net/card/2625/card_img/31642/2625card.png,200000,국내전용 [없음] / 해외겸용 [없음],체크,"{'교통': '대중교통 이용 시 1,000원 할인 (월 최대 2회, 총 2,000원 한도).', '마트/편의점': 'CU, GS25에서 전월 이용실적 20만원 이상 시 편의점 200원 할인 제공.', '카페/디저트': '커피 업종에서 100원 할인 제공 (전월 20만원 이상 이용 시, 건당 3천원 이상 이용 시, 월 30회 한도).', '기타 혜택(유의사항 등)': '- 모바일 게임 200원 할인, 배달음식 500원 할인 제공.'}"
한국투자 the More 체크카드,한국투자증권,https://d1c5n4ri2guedi.cloudfront.net/card/2222/card_img/21762/2222card.jpg,0,국내전용 [없음],체크,"{'기타 혜택(유의사항 등)': '전월 실적 제한 없이 국내 가맹점 이용금액의 0.3% 캐시백, 월 최대 1만원 한도.'}"
트리플카드,한패스,https://d1c5n4ri2guedi.cloudfront.net/card/2454/card_img/27870/2454card.png,0,"해외겸용 [10,000]원",체크,"{'교통': '핸드폰으로 간편하게 충전 가능한 교통카드.', '무실적': '결제한 금액만큼 즉시 캐시백 혜택 제공, 실적 조건 없음.', '프리미엄': '마스터카드 플래티넘 회원은 서비스 예약 시 카드 제시 또는 결제로 혜택을 받을 수 있습니다.', '해외': '전 세계 ATM 출금 수수료가 무료인 한패스 회원 혜택.', '기타 혜택(유의사항 등)': '무제한 캐시백 카드로, 국내외 온·오프라인 결제 시 즉시 캐시백 적립, 해외 가맹점에서 3% 캐시백 제공.'}"
해피리워드 체크카드,KB국민카드,https://d1c5n4ri2guedi.cloudfront.net/card/2335/card_img/24225/2235card.png,100000,국내전용 [없음] / 해외겸용 [없음],체크,"{'기타 혜택(유의사항 등)': '해피포인트 해피리워드 KB국민 체크카드로 전월 10만원 이상 이용 시 해피오더, 해피마켓, 해피페이 결제 시 각각 1,000원 환급할인 제공, 월 할인한도 5천원.'}"
해피CU포인트 체크카드,KB국민카드,https://d1c5n4ri2guedi.cloudfront.net/card/353/card_img/20596/353card.png,300000,해외겸용 [없음],체크,"{'교통': '대중교통 및 택시업종에서 전월 실적 30만원 이상 시 1% 포인트 적립, 월 최대 2천P.', '기타 혜택(유의사항 등)': 'CU편의점 및 해피포인트 가맹점에서 전월 실적 30만원 이상 시 각각 2% 포인트 적립 (월 5천P 한도).'}"
탐나는J체크카드,제주은행,https://d1c5n4ri2guedi.cloudfront.net/card/2172/card_img/21786/2172card.gif,200000,없음,체크,"{'교통': '대중교통 이용 시 10% 청구 할인 제공.', '통신': '이동통신요금 5만원 이상 자동 이체 시 월 최대 3천원 청구 할인 제공.', '마트/편의점': 'CU 편의점에서 최대 7% 청구 할인 제공, 월 10만원까지 적용.', '푸드': '패밀리레스토랑 20% 청구 할인(일 1회, 월 2회, 최대 2만 5천원) 및 커피전문점 20% 청구 할인(일 1회, 월 3회, 최대 1만 5천원).', '교육/육아': '토익 응시료 2천원 할인, 도내 영어학원 5% 할인(월 10만원 한도), 도내 서점 5% 할인(월 6만원 한도).', '기타 혜택(유의사항 등)': '전월 이용 실적에 따라 통합 할인한도와 교통 할인한도가 달라지며, 자동화기기 및 전자금융 이용 수수료가 면제됩니다.'}"
현대백화점 체크카드,BNK부산은행,https://d1c5n4ri2guedi.cloudfront.net/card/1394/card_img/20748/1394card.png,0,"해외겸용 [1,000]원",체크,"{'기타 혜택(유의사항 등)': '전 가맹점 0.2% 캐쉬백, 현대백화점 5% 현장할인, 문화 할인 제공.'}"
해피포인트 체크카드,전북은행,https://d1c5n4ri2guedi.cloudfront.net/card/2190/card_img/21804/2190card.png,0,해외겸용 [없음],체크,"{'기타 혜택(유의사항 등)': '해피포인트 가맹점에서 전월실적에 따라 10~20% 캐시백 제공, 생활 할인으로 영화 2천원, 대중교통 및 편의점 10% 청구할인.'}"
해피포인트 DGB체크카드,iM뱅크,https://d1c5n4ri2guedi.cloudfront.net/card/814/card_img/21728/814card.png,200000,국내전용 [없음],체크,"{'교통': '대경교통카드는 충전식 선불카드로 버스, 지하철, 유료도로 이용이 가능하다.', '통신': '이동통신요금 자동이체 시 3% 캐시백, 월 1회 최대 1,500원.', '교육/육아': '토익 응시료 결제 시 월 2천원 캐시백, 연 6회 한정.', 'OTT/영화/문화': '인터넷 영화 예매 시 2,000원 캐시백 (월 1회, 연 6회, 8천원 이상 결제 시).', '기타 혜택(유의사항 등)': '해피포인트 가맹점 이용 시 20% 캐시백 및 5% 포인트 적립 혜택 제공.'}"
한화생명 Family 체크카드,우리카드,https://d1c5n4ri2guedi.cloudfront.net/card/1699/card_img/23920/1699card.png,200000,국내전용 [없음],체크,"{'교통': '전국 버스와 지하철에서 건당 50원 할인, 일 2회, 월 최대 1천원 제공.', '주유': 'SK주유소에서 리터당 40원 청구할인, 일 1회, 월 2회, 1회 주유금액 10만원 이내, 전월 국내 가맹점 이용액 20만원 이상 시 제공.', '통신': 'KT, SKT, LGU+에서 매월 청구금액의 3%를 최대 1천원까지 할인받을 수 있으며, 전월 국내 가맹점 이용액이 20만원 이상이어야 함.', '카페/디저트': '커피전문점과 베이커리에서 사용금액의 5% 청구할인 제공, 단 전월 이용액 20만원 이상 시 월 2회 최대 2천원까지.', '기타 혜택(유의사항 등)': '롯데렌터카에서 24시간 이상 대여 시 사용 금액의 35%를 현장 할인받을 수 있으며, 전월 국내 가맹점 이용액 20만원 이상 시 제공됩니다.'}"
해피포인트 체크카드,BNK부산은행,https://d1c5n4ri2guedi.cloudfront.net/card/1438/card_img/20636/1438card.png,200000,"국내전용 [1,000]원",체크,"{'마트/편의점': '편의점(CU, GS25, 세븐일레븐, 미니스톱)에서 결제 시 10% 캐시백, 일 1회, 월 4회, 최대 3천원.', 'OTT/영화/문화': 'CGV 영화 예매 시 2천원 캐시백, 토익 응시료 2천원 캐시백, 서적 구매 시 3% 캐시백 제공.', '기타 혜택(유의사항 등)': '해피포인트 가맹점에서 20% 캐시백 및 5% 현장 적립 혜택 제공, 패밀리레스토랑 이용 시 10% 캐시백.'}"
티머니 체크카드,KB국민카드,https://d1c5n4ri2guedi.cloudfront.net/card/1573/card_img/22652/1573card.png,200000,국내전용 [없음] / 해외겸용 [없음],체크,"{'교통': 'KB국민 티머니 체크카드는 다양한 업종에서 할인 혜택과 멤버십 포인트 적립이 가능한 충전식 선불 교통카드입니다.', '마트/편의점': 'GS25에서 5% 환급할인, 건당 1만원~2만원 이용 시 최대 1,000원 할인.', '카페/디저트': '커피빈 주중 5%, 주말 10% 환급할인 (최대 2,000원).', 'OTT/영화/문화': 'CGV·메가박스에서 20% 환급할인, 1회 최대 4,000원 할인 적용.', '기타 혜택(유의사항 등)': '- 패밀리레스토랑: 아웃백·VIPS·TGIF·세븐스프링스 주중 10%, 주말 15% 환급할인 (최대 7,500원)\n- 테마파크: 에버랜드·서울랜드·롯데월드 30% 환급할인 (최대 15,000원)\n- 제주항공: 제주항공 10% 환급할인 (최대 10,000원)\n- 헤어: 박승철헤어스투디오·올리브영 10% 환급할인 (최대 5,000원)\n- 도서: 교보문고 3% 환급할인 (최대 1,500원)\n- 금융: 인터넷·모바일·폰뱅킹 타행이체 수수료 면제 및 KB국민은행 자동화기기 이용수수료 면제'}"
함께그린카드,SBI저축은행,https://d1c5n4ri2guedi.cloudfront.net/card/1988/card_img/22010/1988card.png,0,국내전용 [없음],체크,"{'마트/편의점': '이마트, 롯데마트, 홈플러스에서 5% 할인, 월 최대 5회, 최대 5만원 할인 가능.', '병원/약국': '병원 및 약국 업종에서 월 1회 5% 할인, 최대 3천원까지 제공되며, 전월 이용실적에 따라 통합할인한도가 달라집니다.', 'OTT/영화/문화': 'CGV, 메가박스, 롯데시네마에서 월 1회, 연 6회 2,500원 할인 (건당 5천원 이상 결제 시).', '기타 혜택(유의사항 등)': '- 전통시장: 지정 전통 시장 가맹점 5% 할인, 월 최대 1만원.\n- 유치원: 유치원, 유아원 업종 5% 할인, 월 최대 1만원.\n- 학원: 학원 업종 5% 할인, 월 최대 1만원.\n- 패밀리레스토랑: 주중 5%, 주말 10% 할인, 월 최대 7천원.\n- 테마파크: 제휴 가맹점 포인트 적립 및 할인, 통합할인한도 제공.\n- 은행사: 인터넷/모바일/폰뱅킹 이체수수료 무제한 면제, ATM 출금 수수료 면제.'}"
해피락스타 체크카드,KB국민카드,https://d1c5n4ri2guedi.cloudfront.net/card/349/card_img/20593/349card.png,200000,국내전용 [없음] / 해외겸용 [없음],체크,"{'교통': '전국 버스·지하철 10% 청구할인, 월 2만원 한도, 전월 이용실적 30만원 이상 필요.', '통신': '이동통신요금 5만원 이상 자동이체 시 월 2,500원 정액 할인 (전월 이용실적 30만원 이상 필요).', '마트/편의점': 'GS25에서 5% 환급할인, 건당 1만원 이상 시 최대 1,000원 할인.', '카페/디저트': '스타벅스 20% 환급할인, 건당 1만원 이상 시 최대 4,000원 할인.', 'OTT/영화/문화': 'CGV에서 35% 환급할인, 건당 1만원 이상 시 최대 7,000원 할인.', '기타 혜택(유의사항 등)': '- 패밀리레스토랑: 아웃백, VIPS 20% 환급할인 (최대 10,000원)\n- 테마파크: 에버랜드·롯데월드 50% 환급할인 (최대 25,000원)\n- 도서: 교보문고 5% 환급할인 (최대 2,500원)\n- 해피포인트: 해피포인트 5% 현장적립\n- 은행사: 인터넷·모바일·폰뱅킹 타행이체 수수료 면제\n- 기타: 월간 통합할인한도 최대 5만원'}"
현대백화점 체크카드,iM뱅크,https://d1c5n4ri2guedi.cloudfront.net/card/810/card_img/21733/810card.png,200000,해외겸용 [없음],체크,"{'주유': '현대오일뱅크에서 5만원 이상 주유 시 리터당 40원 캐시백, 월 4회, 건당 최대 10만원 적용.', '카페/디저트': '스타벅스, 커피빈, 엔제리너스 10% 캐시백(월 2회, 최대 3천원) 및 다빈치, sleepless in seattle 10% 캐시백(이용횟수 및 금액 제한 없음).', 'OTT/영화/문화': 'CGV 영화에서 건당 1만원 이상 결제 시 3천원, 2만원 이상 결제 시 6천원 캐시백(연 6회, 현장 발권만 적용).', '기타 혜택(유의사항 등)': '- 현대백화점 5% 현장할인(월 3회), 교보문고 서적 및 토익 응시료 2천원 캐시백, 아웃백/TGIF 1만원 캐시백(월 1회), 연간 천만원 이상 사용 시 소득공제 300만원 및 3만원 추가 캐시백 제공.'}"
